Stationsnamn;Stationsnummer;Stationsnät;Mäthöjd (meter över marken)
Uppsala Aut;97510;SMHIs stationsnät;2.0

Parameternamn;Beskrivning;Enhet
Nederbördsmängd;summa 1 dygn, 1 gång/dygn, kl 06;millimeter

Tidsperiod (fr.o.m);Tidsperiod (t.o.m);Höjd (meter över havet);Latitud (decimalgrader);Longitud (decimalgrader)
1985-06-01 00:00:00;1997-12-31 23:59:59;13.0;59.8585;17.6219
1998-01-01 00:00:00;2026-03-16 15:20:14;23.535;59.8471;17.6320

Från Datum Tid (UTC);Till Datum Tid (UTC);Representativt dygn;Nederbördsmängd;Kvalitet;;Tidsutsnitt:
1985-06-01 06:00:01;1985-06-02 06:00:00;1985-06-01;0.0;Y;;Kvalitetskontrollerade historiska data (utom de senaste 3 mån)
1985-06-02 06:00:01;1985-06-03 06:00:00;1985-06-02;0.0;Y;;Tidsperiod (fr.o.m.) = 1985-06-01 00:00:00 (UTC)
1985-06-03 06:00:01;1985-06-04 06:00:00;1985-06-03;0.0;Y;;Tidsperiod (t.o.m.) = 2025-12-01 06:00:00 (UTC)
1985-06-04 06:00:01;1985-06-05 06:00:00;1985-06-04;0.0;Y;;Värdet är summerat över = 24 timmar
1985-06-05 06:00:01;1985-06-06 06:00:00;1985-06-05;0.0;Y;;
1985-06-06 06:00:01;1985-06-07 06:00:00;1985-06-06;0.0;Y;;Kvalitetskoderna:
1985-06-07 06:00:01;1985-06-08 06:00:00;1985-06-07;1.1;Y;;Grön (G) = Kontrollerade och godkända värden.
1985-06-08 06:00:01;1985-06-09 06:00:00;1985-06-08;10.8;Y;;Gul (Y) = Misstänkta eller aggregerade värden. Grovt kontrollerade arkivdata och okontrollerade realtidsdata (senaste 2 tim).
1985-06-09 06:00:01;1985-06-10 06:00:00;1985-06-09;1.1;Y;;
1985-06-10 06:00:01;1985-06-11 06:00:00;1985-06-10;0.0;Y;;Nätinformation:
1985-06-11 06:00:01;1985-06-12 06:00:00;1985-06-11;1.0;Y;;SMHIs Stationsnät: Data samlas in och lagras i SMHIs databaser. Data kvalitetskontrolleras vilket innebär att felaktiga data korrigeras och att databortfall kompletteras utifrån expertbedömning där det är möjligt. De flesta stationerna övervakas, inspekteras och underhålls löpande av SMHI.
1985-06-12 06:00:01;1985-06-13 06:00:00;1985-06-12;1.1;Y;;Övriga stationer: Data samlas in och lagras i SMHIs databaser. Datakvaliteten är för SMHI okänd då SMHI varken utför kvalitetskontroll på data eller inspektioner på stationerna.
1985-06-13 06:00:01;1985-06-14 06:00:00;1985-06-13;0.0;Y;;
1985-06-14 06:00:01;1985-06-15 06:00:00;1985-06-14;0.8;Y;;Möjliga orsaker till saknade data:
1985-06-15 06:00:01;1985-06-16 06:00:00;1985-06-15;0.0;Y;;– stationen eller givaren har varit ur funktion.
1985-06-16 06:00:01;1985-06-17 06:00:00;1985-06-16;0.0;Y;;– stationen har endast levererat värden med kvalitetskod Röd (R). Dessa levereras ej.
1985-06-17 06:00:01;1985-06-18 06:00:00;1985-06-17;0.0;Y
1985-06-18 06:00:01;1985-06-19 06:00:00;1985-06-18;0.0;Y
1985-06-19 06:00:01;1985-06-20 06:00:00;1985-06-19;0.0;Y
1985-06-20 06:00:01;1985-06-21 06:00:00;1985-06-20;16.1;Y
1985-06-21 06:00:01;1985-06-22 06:00:00;1985-06-21;0.0;Y
1985-06-22 06:00:01;1985-06-23 06:00:00;1985-06-22;0.0;Y
1985-06-23 06:00:01;1985-06-24 06:00:00;1985-06-23;0.0;Y
1985-06-24 06:00:01;1985-06-25 06:00:00;1985-06-24;0.0;Y
1985-06-25 06:00:01;1985-06-26 06:00:00;1985-06-25;0.0;Y
1985-06-26 06:00:01;1985-06-27 06:00:00;1985-06-26;0.0;Y
1985-06-27 06:00:01;1985-06-28 06:00:00;1985-06-27;2.1;Y
1985-06-28 06:00:01;1985-06-29 06:00:00;1985-06-28;3.5;Y
1985-06-29 06:00:01;1985-06-30 06:00:00;1985-06-29;0.0;Y
1985-06-30 06:00:01;1985-07-01 06:00:00;1985-06-30;0.0;Y
1985-07-01 06:00:01;1985-07-02 06:00:00;1985-07-01;0.0;Y
1985-07-02 06:00:01;1985-07-03 06:00:00;1985-07-02;0.0;Y
1985-07-03 06:00:01;1985-07-04 06:00:00;1985-07-03;0.0;Y
1985-07-04 06:00:01;1985-07-05 06:00:00;1985-07-04;4.1;Y
1985-07-05 06:00:01;1985-07-06 06:00:00;1985-07-05;0.0;Y
1985-07-06 06:00:01;1985-07-07 06:00:00;1985-07-06;0.0;Y
1985-07-07 06:00:01;1985-07-08 06:00:00;1985-07-07;0.0;Y
1985-07-08 06:00:01;1985-07-09 06:00:00;1985-07-08;0.0;Y
1985-07-09 06:00:01;1985-07-10 06:00:00;1985-07-09;0.0;Y
1985-07-10 06:00:01;1985-07-11 06:00:00;1985-07-10;0.0;Y
1985-07-11 06:00:01;1985-07-12 06:00:00;1985-07-11;0.0;Y
1985-07-12 06:00:01;1985-07-13 06:00:00;1985-07-12;0.0;Y
1985-07-13 06:00:01;1985-07-14 06:00:00;1985-07-13;0.0;Y
1985-07-14 06:00:01;1985-07-15 06:00:00;1985-07-14;0.0;Y
1985-07-15 06:00:01;1985-07-16 06:00:00;1985-07-15;6.5;Y
1985-07-16 06:00:01;1985-07-17 06:00:00;1985-07-16;0.0;Y
1985-07-17 06:00:01;1985-07-18 06:00:00;1985-07-17;6.1;Y
1985-07-18 06:00:01;1985-07-19 06:00:00;1985-07-18;0.0;Y
1985-07-19 06:00:01;1985-07-20 06:00:00;1985-07-19;6.2;Y
1985-07-20 06:00:01;1985-07-21 06:00:00;1985-07-20;12.0;Y
1985-07-21 06:00:01;1985-07-22 06:00:00;1985-07-21;3.1;Y
1985-07-22 06:00:01;1985-07-23 06:00:00;1985-07-22;0.9;Y
1985-07-23 06:00:01;1985-07-24 06:00:00;1985-07-23;13.7;Y
1985-07-24 06:00:01;1985-07-25 06:00:00;1985-07-24;9.9;Y
1985-07-25 06:00:01;1985-07-26 06:00:00;1985-07-25;0.0;Y
1985-07-26 06:00:01;1985-07-27 06:00:00;1985-07-26;0.0;Y
1985-07-27 06:00:01;1985-07-28 06:00:00;1985-07-27;0.0;Y
1985-07-28 06:00:01;1985-07-29 06:00:00;1985-07-28;0.0;Y
1985-07-29 06:00:01;1985-07-30 06:00:00;1985-07-29;2.0;Y
1985-07-30 06:00:01;1985-07-31 06:00:00;1985-07-30;8.0;Y
1985-07-31 06:00:01;1985-08-01 06:00:00;1985-07-31;36.2;Y
1985-08-01 06:00:01;1985-08-02 06:00:00;1985-08-01;3.4;Y
1985-08-02 06:00:01;1985-08-03 06:00:00;1985-08-02;3.0;Y
1985-08-03 06:00:01;1985-08-04 06:00:00;1985-08-03;3.0;Y
1985-08-04 06:00:01;1985-08-05 06:00:00;1985-08-04;1.2;Y
1985-08-05 06:00:01;1985-08-06 06:00:00;1985-08-05;8.9;Y
1985-08-06 06:00:01;1985-08-07 06:00:00;1985-08-06;0.2;Y
1985-08-07 06:00:01;1985-08-08 06:00:00;1985-08-07;0.0;Y
1985-08-08 06:00:01;1985-08-09 06:00:00;1985-08-08;0.0;Y
1985-08-09 06:00:01;1985-08-10 06:00:00;1985-08-09;2.0;Y
1985-08-10 06:00:01;1985-08-11 06:00:00;1985-08-10;5.0;Y
1985-08-11 06:00:01;1985-08-12 06:00:00;1985-08-11;2.6;Y
1985-08-12 06:00:01;1985-08-13 06:00:00;1985-08-12;0.0;Y
1985-08-13 06:00:01;1985-08-14 06:00:00;1985-08-13;0.0;Y
1985-08-14 06:00:01;1985-08-15 06:00:00;1985-08-14;0.0;Y
1985-08-15 06:00:01;1985-08-16 06:00:00;1985-08-15;0.1;Y
1985-08-16 06:00:01;1985-08-17 06:00:00;1985-08-16;0.0;Y
1985-08-17 06:00:01;1985-08-18 06:00:00;1985-08-17;0.0;Y
1985-08-18 06:00:01;1985-08-19 06:00:00;1985-08-18;0.0;Y
1985-08-19 06:00:01;1985-08-20 06:00:00;1985-08-19;8.2;Y
1985-08-20 06:00:01;1985-08-21 06:00:00;1985-08-20;0.2;Y
1985-08-21 06:00:01;1985-08-22 06:00:00;1985-08-21;0.2;Y
1985-08-22 06:00:01;1985-08-23 06:00:00;1985-08-22;0.0;Y
1985-08-23 06:00:01;1985-08-24 06:00:00;1985-08-23;3.4;Y
1985-08-24 06:00:01;1985-08-25 06:00:00;1985-08-24;0.0;Y
1985-08-25 06:00:01;1985-08-26 06:00:00;1985-08-25;0.0;Y
1985-08-26 06:00:01;1985-08-27 06:00:00;1985-08-26;0.0;Y
1985-08-27 06:00:01;1985-08-28 06:00:00;1985-08-27;0.0;Y
1985-08-28 06:00:01;1985-08-29 06:00:00;1985-08-28;0.0;Y
1985-08-29 06:00:01;1985-08-30 06:00:00;1985-08-29;0.0;Y
1985-08-30 06:00:01;1985-08-31 06:00:00;1985-08-30;0.8;Y
1985-08-31 06:00:01;1985-09-01 06:00:00;1985-08-31;4.5;Y
1985-09-01 06:00:01;1985-09-02 06:00:00;1985-09-01;3.8;Y
1985-09-02 06:00:01;1985-09-03 06:00:00;1985-09-02;2.4;Y
1985-09-03 06:00:01;1985-09-04 06:00:00;1985-09-03;8.6;Y
1985-09-04 06:00:01;1985-09-05 06:00:00;1985-09-04;0.0;Y
1985-09-05 06:00:01;1985-09-06 06:00:00;1985-09-05;2.7;Y
1985-09-06 06:00:01;1985-09-07 06:00:00;1985-09-06;11.8;Y
1985-09-07 06:00:01;1985-09-08 06:00:00;1985-09-07;2.1;Y
1985-09-08 06:00:01;1985-09-09 06:00:00;1985-09-08;2.4;Y
1985-09-09 06:00:01;1985-09-10 06:00:00;1985-09-09;5.8;Y
1985-09-10 06:00:01;1985-09-11 06:00:00;1985-09-10;1.9;Y
1985-09-11 06:00:01;1985-09-12 06:00:00;1985-09-11;0.7;Y
1985-09-12 06:00:01;1985-09-13 06:00:00;1985-09-12;0.0;Y
1985-09-13 06:00:01;1985-09-14 06:00:00;1985-09-13;0.2;Y
1985-09-14 06:00:01;1985-09-15 06:00:00;1985-09-14;1.2;Y
1985-09-15 06:00:01;1985-09-16 06:00:00;1985-09-15;2.5;Y
1985-09-16 06:00:01;1985-09-17 06:00:00;1985-09-16;0.0;Y
1985-09-17 06:00:01;1985-09-18 06:00:00;1985-09-17;0.0;Y
1985-09-18 06:00:01;1985-09-19 06:00:00;1985-09-18;0.0;Y
1985-09-19 06:00:01;1985-09-20 06:00:00;1985-09-19;7.1;Y
1985-09-20 06:00:01;1985-09-21 06:00:00;1985-09-20;0.0;Y
1985-09-21 06:00:01;1985-09-22 06:00:00;1985-09-21;0.0;Y
1985-09-22 06:00:01;1985-09-23 06:00:00;1985-09-22;0.0;Y
1985-09-23 06:00:01;1985-09-24 06:00:00;1985-09-23;0.0;Y
1985-09-24 06:00:01;1985-09-25 06:00:00;1985-09-24;0.0;Y
1985-09-25 06:00:01;1985-09-26 06:00:00;1985-09-25;0.0;Y
1985-09-26 06:00:01;1985-09-27 06:00:00;1985-09-26;0.4;Y
1985-09-27 06:00:01;1985-09-28 06:00:00;1985-09-27;0.4;Y
1985-09-28 06:00:01;1985-09-29 06:00:00;1985-09-28;0.0;Y
1985-09-29 06:00:01;1985-09-30 06:00:00;1985-09-29;0.0;Y
1985-09-30 06:00:01;1985-10-01 06:00:00;1985-09-30;2.7;Y
1985-10-01 06:00:01;1985-10-02 06:00:00;1985-10-01;0.0;Y
1985-10-02 06:00:01;1985-10-03 06:00:00;1985-10-02;0.0;Y
1985-10-03 06:00:01;1985-10-04 06:00:00;1985-10-03;0.0;Y
1985-10-04 06:00:01;1985-10-05 06:00:00;1985-10-04;0.0;Y
1985-10-05 06:00:01;1985-10-06 06:00:00;1985-10-05;0.0;Y
1985-10-06 06:00:01;1985-10-07 06:00:00;1985-10-06;0.1;Y
1985-10-07 06:00:01;1985-10-08 06:00:00;1985-10-07;6.8;Y
1985-10-08 06:00:01;1985-10-09 06:00:00;1985-10-08;21.2;Y
1985-10-09 06:00:01;1985-10-10 06:00:00;1985-10-09;0.3;Y
1985-10-10 06:00:01;1985-10-11 06:00:00;1985-10-10;0.6;Y
1985-10-11 06:00:01;1985-10-12 06:00:00;1985-10-11;4.4;Y
1985-10-12 06:00:01;1985-10-13 06:00:00;1985-10-12;0.0;Y
1985-10-13 06:00:01;1985-10-14 06:00:00;1985-10-13;3.7;Y
1985-10-14 06:00:01;1985-10-15 06:00:00;1985-10-14;0.0;Y
1985-10-15 06:00:01;1985-10-16 06:00:00;1985-10-15;0.0;Y
1985-10-16 06:00:01;1985-10-17 06:00:00;1985-10-16;0.0;Y
1985-10-17 06:00:01;1985-10-18 06:00:00;1985-10-17;3.1;Y
1985-10-18 06:00:01;1985-10-19 06:00:00;1985-10-18;0.6;Y
1985-10-19 06:00:01;1985-10-20 06:00:00;1985-10-19;0.0;Y
1985-10-20 06:00:01;1985-10-21 06:00:00;1985-10-20;0.0;Y
1985-10-21 06:00:01;1985-10-22 06:00:00;1985-10-21;0.0;Y
1985-10-22 06:00:01;1985-10-23 06:00:00;1985-10-22;0.0;Y
1985-10-23 06:00:01;1985-10-24 06:00:00;1985-10-23;0.0;Y
1985-10-24 06:00:01;1985-10-25 06:00:00;1985-10-24;0.0;Y
1985-10-25 06:00:01;1985-10-26 06:00:00;1985-10-25;0.0;Y
1985-10-26 06:00:01;1985-10-27 06:00:00;1985-10-26;0.0;Y
1985-10-27 06:00:01;1985-10-28 06:00:00;1985-10-27;0.0;Y
1985-10-28 06:00:01;1985-10-29 06:00:00;1985-10-28;0.0;Y
1985-10-29 06:00:01;1985-10-30 06:00:00;1985-10-29;0.0;Y
1985-10-30 06:00:01;1985-10-31 06:00:00;1985-10-30;0.0;Y
1985-10-31 06:00:01;1985-11-01 06:00:00;1985-10-31;0.0;Y
1985-11-01 06:00:01;1985-11-02 06:00:00;1985-11-01;0.5;Y
1985-11-02 06:00:01;1985-11-03 06:00:00;1985-11-02;2.5;Y
1985-11-03 06:00:01;1985-11-04 06:00:00;1985-11-03;0.0;Y
1985-11-04 06:00:01;1985-11-05 06:00:00;1985-11-04;0.0;Y
1985-11-05 06:00:01;1985-11-06 06:00:00;1985-11-05;10.7;Y
1985-11-06 06:00:01;1985-11-07 06:00:00;1985-11-06;2.2;Y
1985-11-07 06:00:01;1985-11-08 06:00:00;1985-11-07;6.7;Y
1985-11-08 06:00:01;1985-11-09 06:00:00;1985-11-08;0.0;Y
1985-11-09 06:00:01;1985-11-10 06:00:00;1985-11-09;4.4;Y
1985-11-10 06:00:01;1985-11-11 06:00:00;1985-11-10;2.7;Y
1985-11-11 06:00:01;1985-11-12 06:00:00;1985-11-11;5.1;Y
1985-11-12 06:00:01;1985-11-13 06:00:00;1985-11-12;0.2;Y
1985-11-13 06:00:01;1985-11-14 06:00:00;1985-11-13;0.0;Y
1985-11-14 06:00:01;1985-11-15 06:00:00;1985-11-14;0.0;Y
1985-11-15 06:00:01;1985-11-16 06:00:00;1985-11-15;0.5;Y
1985-11-16 06:00:01;1985-11-17 06:00:00;1985-11-16;0.0;Y
1985-11-17 06:00:01;1985-11-18 06:00:00;1985-11-17;0.5;Y
1985-11-18 06:00:01;1985-11-19 06:00:00;1985-11-18;0.0;Y
1985-11-19 06:00:01;1985-11-20 06:00:00;1985-11-19;0.0;Y
1985-11-20 06:00:01;1985-11-21 06:00:00;1985-11-20;0.0;Y
1985-11-21 06:00:01;1985-11-22 06:00:00;1985-11-21;0.0;Y
1985-11-22 06:00:01;1985-11-23 06:00:00;1985-11-22;0.0;Y
1985-11-23 06:00:01;1985-11-24 06:00:00;1985-11-23;0.0;Y
1985-11-24 06:00:01;1985-11-25 06:00:00;1985-11-24;0.0;Y
1985-11-25 06:00:01;1985-11-26 06:00:00;1985-11-25;1.4;Y
1985-11-26 06:00:01;1985-11-27 06:00:00;1985-11-26;2.0;Y
1985-11-27 06:00:01;1985-11-28 06:00:00;1985-11-27;11.6;Y
1985-11-28 06:00:01;1985-11-29 06:00:00;1985-11-28;3.9;Y
1985-11-29 06:00:01;1985-11-30 06:00:00;1985-11-29;2.3;Y
1985-11-30 06:00:01;1985-12-01 06:00:00;1985-11-30;0.7;Y
1985-12-01 06:00:01;1985-12-02 06:00:00;1985-12-01;0.1;Y
1985-12-02 06:00:01;1985-12-03 06:00:00;1985-12-02;4.4;Y
1985-12-03 06:00:01;1985-12-04 06:00:00;1985-12-03;11.9;Y
1985-12-04 06:00:01;1985-12-05 06:00:00;1985-12-04;1.2;Y
1985-12-05 06:00:01;1985-12-06 06:00:00;1985-12-05;3.4;Y
1985-12-06 06:00:01;1985-12-07 06:00:00;1985-12-06;11.6;Y
1985-12-07 06:00:01;1985-12-08 06:00:00;1985-12-07;0.0;Y
1985-12-08 06:00:01;1985-12-09 06:00:00;1985-12-08;0.0;Y
1985-12-09 06:00:01;1985-12-10 06:00:00;1985-12-09;0.0;Y
1985-12-10 06:00:01;1985-12-11 06:00:00;1985-12-10;0.0;Y
1985-12-11 06:00:01;1985-12-12 06:00:00;1985-12-11;0.0;Y
1985-12-12 06:00:01;1985-12-13 06:00:00;1985-12-12;0.0;Y
1985-12-13 06:00:01;1985-12-14 06:00:00;1985-12-13;2.8;Y
1985-12-14 06:00:01;1985-12-15 06:00:00;1985-12-14;0.0;Y
1985-12-15 06:00:01;1985-12-16 06:00:00;1985-12-15;0.0;Y
1985-12-16 06:00:01;1985-12-17 06:00:00;1985-12-16;0.1;Y
1985-12-17 06:00:01;1985-12-18 06:00:00;1985-12-17;0.0;Y
1985-12-18 06:00:01;1985-12-19 06:00:00;1985-12-18;3.0;Y
1985-12-19 06:00:01;1985-12-20 06:00:00;1985-12-19;0.0;Y
1985-12-20 06:00:01;1985-12-21 06:00:00;1985-12-20;1.0;Y
1985-12-21 06:00:01;1985-12-22 06:00:00;1985-12-21;3.4;Y
1985-12-22 06:00:01;1985-12-23 06:00:00;1985-12-22;0.0;Y
1985-12-23 06:00:01;1985-12-24 06:00:00;1985-12-23;0.0;Y
1985-12-24 06:00:01;1985-12-25 06:00:00;1985-12-24;4.4;Y
1985-12-25 06:00:01;1985-12-26 06:00:00;1985-12-25;4.4;Y
1985-12-26 06:00:01;1985-12-27 06:00:00;1985-12-26;1.1;Y
1985-12-27 06:00:01;1985-12-28 06:00:00;1985-12-27;0.0;Y
1985-12-28 06:00:01;1985-12-29 06:00:00;1985-12-28;0.0;Y
1985-12-29 06:00:01;1985-12-30 06:00:00;1985-12-29;0.2;Y
1985-12-30 06:00:01;1985-12-31 06:00:00;1985-12-30;0.0;Y
1985-12-31 06:00:01;1986-01-01 06:00:00;1985-12-31;0.0;Y
1986-01-01 06:00:01;1986-01-02 06:00:00;1986-01-01;0.0;Y
1986-01-02 06:00:01;1986-01-03 06:00:00;1986-01-02;3.3;Y
1986-01-03 06:00:01;1986-01-04 06:00:00;1986-01-03;2.0;Y
1986-01-04 06:00:01;1986-01-05 06:00:00;1986-01-04;5.0;Y
1986-01-05 06:00:01;1986-01-06 06:00:00;1986-01-05;2.5;Y
1986-01-06 06:00:01;1986-01-07 06:00:00;1986-01-06;0.8;Y
1986-01-07 06:00:01;1986-01-08 06:00:00;1986-01-07;1.4;Y
1986-01-08 06:00:01;1986-01-09 06:00:00;1986-01-08;0.2;Y
1986-01-09 06:00:01;1986-01-10 06:00:00;1986-01-09;0.4;Y
1986-01-10 06:00:01;1986-01-11 06:00:00;1986-01-10;0.0;Y
1986-01-11 06:00:01;1986-01-12 06:00:00;1986-01-11;2.0;Y
1986-01-12 06:00:01;1986-01-13 06:00:00;1986-01-12;0.1;Y
1986-01-13 06:00:01;1986-01-14 06:00:00;1986-01-13;0.1;Y
1986-01-14 06:00:01;1986-01-15 06:00:00;1986-01-14;0.8;Y
1986-01-15 06:00:01;1986-01-16 06:00:00;1986-01-15;0.4;Y
1986-01-16 06:00:01;1986-01-17 06:00:00;1986-01-16;0.0;Y
1986-01-17 06:00:01;1986-01-18 06:00:00;1986-01-17;0.0;Y
1986-01-18 06:00:01;1986-01-19 06:00:00;1986-01-18;3.1;Y
1986-01-19 06:00:01;1986-01-20 06:00:00;1986-01-19;0.0;Y
1986-01-20 06:00:01;1986-01-21 06:00:00;1986-01-20;3.5;Y
1986-01-21 06:00:01;1986-01-22 06:00:00;1986-01-21;4.9;Y
1986-01-22 06:00:01;1986-01-23 06:00:00;1986-01-22;1.5;Y
1986-01-23 06:00:01;1986-01-24 06:00:00;1986-01-23;4.0;Y
1986-01-24 06:00:01;1986-01-25 06:00:00;1986-01-24;0.0;Y
1986-01-25 06:00:01;1986-01-26 06:00:00;1986-01-25;0.2;Y
1986-01-26 06:00:01;1986-01-27 06:00:00;1986-01-26;1.0;Y
1986-01-27 06:00:01;1986-01-28 06:00:00;1986-01-27;3.4;Y
1986-01-28 06:00:01;1986-01-29 06:00:00;1986-01-28;0.0;Y
1986-01-29 06:00:01;1986-01-30 06:00:00;1986-01-29;0.7;Y
1986-01-30 06:00:01;1986-01-31 06:00:00;1986-01-30;0.1;Y
1986-01-31 06:00:01;1986-02-01 06:00:00;1986-01-31;0.6;Y
1986-02-01 06:00:01;1986-02-02 06:00:00;1986-02-01;0.0;Y
1986-02-02 06:00:01;1986-02-03 06:00:00;1986-02-02;0.0;Y
1986-02-03 06:00:01;1986-02-04 06:00:00;1986-02-03;0.0;Y
1986-02-04 06:00:01;1986-02-05 06:00:00;1986-02-04;1.7;Y
1986-02-05 06:00:01;1986-02-06 06:00:00;1986-02-05;0.1;Y
1986-02-06 06:00:01;1986-02-07 06:00:00;1986-02-06;0.3;Y
1986-02-07 06:00:01;1986-02-08 06:00:00;1986-02-07;0.1;Y
1986-02-08 06:00:01;1986-02-09 06:00:00;1986-02-08;0.0;Y
1986-02-09 06:00:01;1986-02-10 06:00:00;1986-02-09;0.0;Y
1986-02-10 06:00:01;1986-02-11 06:00:00;1986-02-10;0.0;Y
1986-02-11 06:00:01;1986-02-12 06:00:00;1986-02-11;0.0;Y
1986-02-12 06:00:01;1986-02-13 06:00:00;1986-02-12;0.0;Y
1986-02-13 06:00:01;1986-02-14 06:00:00;1986-02-13;1.2;Y
1986-02-14 06:00:01;1986-02-15 06:00:00;1986-02-14;0.3;Y
1986-02-15 06:00:01;1986-02-16 06:00:00;1986-02-15;0.0;Y
1986-02-16 06:00:01;1986-02-17 06:00:00;1986-02-16;0.0;Y
1986-02-17 06:00:01;1986-02-18 06:00:00;1986-02-17;0.1;Y
1986-02-18 06:00:01;1986-02-19 06:00:00;1986-02-18;0.1;Y
1986-02-19 06:00:01;1986-02-20 06:00:00;1986-02-19;0.0;Y
1986-02-20 06:00:01;1986-02-21 06:00:00;1986-02-20;1.1;Y
1986-02-21 06:00:01;1986-02-22 06:00:00;1986-02-21;3.1;Y
1986-02-22 06:00:01;1986-02-23 06:00:00;1986-02-22;0.0;Y
1986-02-23 06:00:01;1986-02-24 06:00:00;1986-02-23;2.4;Y
1986-02-24 06:00:01;1986-02-25 06:00:00;1986-02-24;0.0;Y
1986-02-25 06:00:01;1986-02-26 06:00:00;1986-02-25;0.0;Y
1986-02-26 06:00:01;1986-02-27 06:00:00;1986-02-26;0.0;Y
1986-02-27 06:00:01;1986-02-28 06:00:00;1986-02-27;0.0;Y
1986-02-28 06:00:01;1986-03-01 06:00:00;1986-02-28;0.0;Y
1986-03-01 06:00:01;1986-03-02 06:00:00;1986-03-01;0.0;Y
1986-03-02 06:00:01;1986-03-03 06:00:00;1986-03-02;0.0;Y
1986-03-03 06:00:01;1986-03-04 06:00:00;1986-03-03;0.0;Y
1986-03-04 06:00:01;1986-03-05 06:00:00;1986-03-04;0.5;Y
1986-03-05 06:00:01;1986-03-06 06:00:00;1986-03-05;3.6;Y
1986-03-06 06:00:01;1986-03-07 06:00:00;1986-03-06;0.0;Y
1986-03-07 06:00:01;1986-03-08 06:00:00;1986-03-07;0.0;Y
1986-03-08 06:00:01;1986-03-09 06:00:00;1986-03-08;0.0;Y
1986-03-09 06:00:01;1986-03-10 06:00:00;1986-03-09;0.0;Y
1986-03-10 06:00:01;1986-03-11 06:00:00;1986-03-10;0.2;Y
1986-03-11 06:00:01;1986-03-12 06:00:00;1986-03-11;0.1;Y
1986-03-12 06:00:01;1986-03-13 06:00:00;1986-03-12;0.1;Y
1986-03-13 06:00:01;1986-03-14 06:00:00;1986-03-13;0.2;Y
1986-03-14 06:00:01;1986-03-15 06:00:00;1986-03-14;0.0;Y
1986-03-15 06:00:01;1986-03-16 06:00:00;1986-03-15;0.0;Y
1986-03-16 06:00:01;1986-03-17 06:00:00;1986-03-16;0.0;Y
1986-03-17 06:00:01;1986-03-18 06:00:00;1986-03-17;0.0;Y
1986-03-18 06:00:01;1986-03-19 06:00:00;1986-03-18;0.0;Y
1986-03-19 06:00:01;1986-03-20 06:00:00;1986-03-19;0.0;Y
1986-03-20 06:00:01;1986-03-21 06:00:00;1986-03-20;0.0;Y
1986-03-21 06:00:01;1986-03-22 06:00:00;1986-03-21;0.0;Y
1986-03-22 06:00:01;1986-03-23 06:00:00;1986-03-22;6.0;Y
1986-03-23 06:00:01;1986-03-24 06:00:00;1986-03-23;18.7;Y
1986-03-24 06:00:01;1986-03-25 06:00:00;1986-03-24;2.4;Y
1986-03-25 06:00:01;1986-03-26 06:00:00;1986-03-25;5.5;Y
1986-03-26 06:00:01;1986-03-27 06:00:00;1986-03-26;0.4;Y
1986-03-27 06:00:01;1986-03-28 06:00:00;1986-03-27;6.8;Y
1986-03-28 06:00:01;1986-03-29 06:00:00;1986-03-28;0.0;Y
1986-03-29 06:00:01;1986-03-30 06:00:00;1986-03-29;1.0;Y
1986-03-30 06:00:01;1986-03-31 06:00:00;1986-03-30;4.9;Y
1986-03-31 06:00:01;1986-04-01 06:00:00;1986-03-31;6.0;Y
1986-04-01 06:00:01;1986-04-02 06:00:00;1986-04-01;0.2;Y
1986-04-02 06:00:01;1986-04-03 06:00:00;1986-04-02;1.1;Y
1986-04-03 06:00:01;1986-04-04 06:00:00;1986-04-03;0.0;Y
1986-04-04 06:00:01;1986-04-05 06:00:00;1986-04-04;0.0;Y
1986-04-05 06:00:01;1986-04-06 06:00:00;1986-04-05;0.1;Y
1986-04-06 06:00:01;1986-04-07 06:00:00;1986-04-06;0.0;Y
1986-04-07 06:00:01;1986-04-08 06:00:00;1986-04-07;0.0;Y
1986-04-08 06:00:01;1986-04-09 06:00:00;1986-04-08;0.0;Y
1986-04-09 06:00:01;1986-04-10 06:00:00;1986-04-09;0.0;Y
1986-04-10 06:00:01;1986-04-11 06:00:00;1986-04-10;0.0;Y
1986-04-11 06:00:01;1986-04-12 06:00:00;1986-04-11;0.0;Y
1986-04-12 06:00:01;1986-04-13 06:00:00;1986-04-12;0.0;Y
1986-04-13 06:00:01;1986-04-14 06:00:00;1986-04-13;6.0;Y
1986-04-14 06:00:01;1986-04-15 06:00:00;1986-04-14;0.0;Y
1986-04-15 06:00:01;1986-04-16 06:00:00;1986-04-15;0.0;Y
1986-04-16 06:00:01;1986-04-17 06:00:00;1986-04-16;0.0;Y
1986-04-17 06:00:01;1986-04-18 06:00:00;1986-04-17;0.0;Y
1986-04-18 06:00:01;1986-04-19 06:00:00;1986-04-18;0.0;Y
1986-04-19 06:00:01;1986-04-20 06:00:00;1986-04-19;5.0;Y
1986-04-20 06:00:01;1986-04-21 06:00:00;1986-04-20;6.0;Y
1986-04-21 06:00:01;1986-04-22 06:00:00;1986-04-21;0.3;Y
1986-04-22 06:00:01;1986-04-23 06:00:00;1986-04-22;0.0;Y
1986-04-23 06:00:01;1986-04-24 06:00:00;1986-04-23;7.0;Y
1986-04-24 06:00:01;1986-04-25 06:00:00;1986-04-24;0.0;Y
1986-04-25 06:00:01;1986-04-26 06:00:00;1986-04-25;3.0;Y
1986-04-26 06:00:01;1986-04-27 06:00:00;1986-04-26;0.1;Y
1986-04-27 06:00:01;1986-04-28 06:00:00;1986-04-27;0.2;Y
1986-04-28 06:00:01;1986-04-29 06:00:00;1986-04-28;2.0;Y
1986-04-29 06:00:01;1986-04-30 06:00:00;1986-04-29;0.0;Y
1986-04-30 06:00:01;1986-05-01 06:00:00;1986-04-30;1.0;Y
1986-05-01 06:00:01;1986-05-02 06:00:00;1986-05-01;0.0;Y
1986-05-02 06:00:01;1986-05-03 06:00:00;1986-05-02;0.0;Y
1986-05-03 06:00:01;1986-05-04 06:00:00;1986-05-03;0.0;Y
1986-05-04 06:00:01;1986-05-05 06:00:00;1986-05-04;0.0;Y
1986-05-05 06:00:01;1986-05-06 06:00:00;1986-05-05;0.0;Y
1986-05-06 06:00:01;1986-05-07 06:00:00;1986-05-06;0.0;Y
1986-05-07 06:00:01;1986-05-08 06:00:00;1986-05-07;0.0;Y
1986-05-08 06:00:01;1986-05-09 06:00:00;1986-05-08;0.0;Y
1986-05-09 06:00:01;1986-05-10 06:00:00;1986-05-09;0.0;Y
1986-05-10 06:00:01;1986-05-11 06:00:00;1986-05-10;1.0;Y
1986-05-11 06:00:01;1986-05-12 06:00:00;1986-05-11;17.0;Y
1986-05-12 06:00:01;1986-05-13 06:00:00;1986-05-12;14.1;Y
1986-05-13 06:00:01;1986-05-14 06:00:00;1986-05-13;2.0;Y
1986-05-14 06:00:01;1986-05-15 06:00:00;1986-05-14;0.0;Y
1986-05-15 06:00:01;1986-05-16 06:00:00;1986-05-15;11.0;Y
1986-05-16 06:00:01;1986-05-17 06:00:00;1986-05-16;8.0;Y
1986-05-17 06:00:01;1986-05-18 06:00:00;1986-05-17;0.0;Y
1986-05-18 06:00:01;1986-05-19 06:00:00;1986-05-18;2.0;Y
1986-05-19 06:00:01;1986-05-20 06:00:00;1986-05-19;0.0;Y
1986-05-20 06:00:01;1986-05-21 06:00:00;1986-05-20;0.0;Y
1986-05-21 06:00:01;1986-05-22 06:00:00;1986-05-21;1.0;Y
1986-05-22 06:00:01;1986-05-23 06:00:00;1986-05-22;0.3;Y
1986-05-23 06:00:01;1986-05-24 06:00:00;1986-05-23;0.1;Y
1986-05-24 06:00:01;1986-05-25 06:00:00;1986-05-24;10.0;Y
1986-05-25 06:00:01;1986-05-26 06:00:00;1986-05-25;0.0;Y
1986-05-26 06:00:01;1986-05-27 06:00:00;1986-05-26;0.3;Y
1986-05-27 06:00:01;1986-05-28 06:00:00;1986-05-27;1.0;Y
1986-05-28 06:00:01;1986-05-29 06:00:00;1986-05-28;0.0;Y
1986-05-29 06:00:01;1986-05-30 06:00:00;1986-05-29;0.0;Y
1986-05-30 06:00:01;1986-05-31 06:00:00;1986-05-30;3.0;Y
1986-05-31 06:00:01;1986-06-01 06:00:00;1986-05-31;0.0;Y
1986-06-01 06:00:01;1986-06-02 06:00:00;1986-06-01;0.0;Y
1986-06-02 06:00:01;1986-06-03 06:00:00;1986-06-02;0.0;Y
1986-06-03 06:00:01;1986-06-04 06:00:00;1986-06-03;0.4;Y
1986-06-04 06:00:01;1986-06-05 06:00:00;1986-06-04;0.2;Y
1986-06-05 06:00:01;1986-06-06 06:00:00;1986-06-05;0.2;Y
1986-06-06 06:00:01;1986-06-07 06:00:00;1986-06-06;3.0;Y
1986-06-07 06:00:01;1986-06-08 06:00:00;1986-06-07;28.1;Y
1986-06-08 06:00:01;1986-06-09 06:00:00;1986-06-08;0.0;Y
1986-06-09 06:00:01;1986-06-10 06:00:00;1986-06-09;0.0;Y
1986-06-10 06:00:01;1986-06-11 06:00:00;1986-06-10;0.0;Y
1986-06-11 06:00:01;1986-06-12 06:00:00;1986-06-11;2.3;Y
1986-06-12 06:00:01;1986-06-13 06:00:00;1986-06-12;0.0;Y
1986-06-13 06:00:01;1986-06-14 06:00:00;1986-06-13;0.0;Y
1986-06-14 06:00:01;1986-06-15 06:00:00;1986-06-14;0.0;Y
1986-06-15 06:00:01;1986-06-16 06:00:00;1986-06-15;0.0;Y
1986-06-16 06:00:01;1986-06-17 06:00:00;1986-06-16;0.0;Y
1986-06-17 06:00:01;1986-06-18 06:00:00;1986-06-17;0.0;Y
1986-06-18 06:00:01;1986-06-19 06:00:00;1986-06-18;0.0;Y
1986-06-19 06:00:01;1986-06-20 06:00:00;1986-06-19;0.1;Y
1986-06-20 06:00:01;1986-06-21 06:00:00;1986-06-20;2.3;Y
1986-06-21 06:00:01;1986-06-22 06:00:00;1986-06-21;0.0;Y
1986-06-22 06:00:01;1986-06-23 06:00:00;1986-06-22;0.0;Y
1986-06-23 06:00:01;1986-06-24 06:00:00;1986-06-23;0.0;Y
1986-06-24 06:00:01;1986-06-25 06:00:00;1986-06-24;0.0;Y
1986-06-25 06:00:01;1986-06-26 06:00:00;1986-06-25;0.0;Y
1986-06-26 06:00:01;1986-06-27 06:00:00;1986-06-26;0.0;Y
1986-06-27 06:00:01;1986-06-28 06:00:00;1986-06-27;0.3;Y
1986-06-28 06:00:01;1986-06-29 06:00:00;1986-06-28;1.0;Y
1986-06-29 06:00:01;1986-06-30 06:00:00;1986-06-29;0.0;Y
1986-06-30 06:00:01;1986-07-01 06:00:00;1986-06-30;0.0;Y
1986-07-01 06:00:01;1986-07-02 06:00:00;1986-07-01;0.0;Y
1986-07-02 06:00:01;1986-07-03 06:00:00;1986-07-02;2.0;Y
1986-07-03 06:00:01;1986-07-04 06:00:00;1986-07-03;0.0;Y
1986-07-04 06:00:01;1986-07-05 06:00:00;1986-07-04;0.3;Y
1986-07-05 06:00:01;1986-07-06 06:00:00;1986-07-05;1.0;Y
1986-07-06 06:00:01;1986-07-07 06:00:00;1986-07-06;3.0;Y
1986-07-07 06:00:01;1986-07-08 06:00:00;1986-07-07;9.2;Y
1986-07-08 06:00:01;1986-07-09 06:00:00;1986-07-08;0.2;Y
1986-07-09 06:00:01;1986-07-10 06:00:00;1986-07-09;1.1;Y
1986-07-10 06:00:01;1986-07-11 06:00:00;1986-07-10;3.0;Y
1986-07-11 06:00:01;1986-07-12 06:00:00;1986-07-11;0.0;Y
1986-07-12 06:00:01;1986-07-13 06:00:00;1986-07-12;3.0;Y
1986-07-13 06:00:01;1986-07-14 06:00:00;1986-07-13;1.0;Y
1986-07-14 06:00:01;1986-07-15 06:00:00;1986-07-14;0.0;Y
1986-07-15 06:00:01;1986-07-16 06:00:00;1986-07-15;0.0;Y
1986-07-16 06:00:01;1986-07-17 06:00:00;1986-07-16;0.0;Y
1986-07-17 06:00:01;1986-07-18 06:00:00;1986-07-17;1.0;Y
1986-07-18 06:00:01;1986-07-19 06:00:00;1986-07-18;1.0;Y
1986-07-19 06:00:01;1986-07-20 06:00:00;1986-07-19;5.1;Y
1986-07-20 06:00:01;1986-07-21 06:00:00;1986-07-20;1.0;Y
1986-07-21 06:00:01;1986-07-22 06:00:00;1986-07-21;0.0;Y
1986-07-22 06:00:01;1986-07-23 06:00:00;1986-07-22;0.1;Y
1986-07-23 06:00:01;1986-07-24 06:00:00;1986-07-23;2.0;Y
1986-07-24 06:00:01;1986-07-25 06:00:00;1986-07-24;19.0;Y
1986-07-25 06:00:01;1986-07-26 06:00:00;1986-07-25;1.0;Y
1986-07-26 06:00:01;1986-07-27 06:00:00;1986-07-26;11.0;Y
1986-07-27 06:00:01;1986-07-28 06:00:00;1986-07-27;0.0;Y
1986-07-28 06:00:01;1986-07-29 06:00:00;1986-07-28;0.0;Y
1986-07-29 06:00:01;1986-07-30 06:00:00;1986-07-29;0.0;Y
1986-07-30 06:00:01;1986-07-31 06:00:00;1986-07-30;2.0;Y
1986-07-31 06:00:01;1986-08-01 06:00:00;1986-07-31;0.0;Y
1986-08-01 06:00:01;1986-08-02 06:00:00;1986-08-01;2.0;Y
1986-08-02 06:00:01;1986-08-03 06:00:00;1986-08-02;0.0;Y
1986-08-03 06:00:01;1986-08-04 06:00:00;1986-08-03;0.0;Y
1986-08-04 06:00:01;1986-08-05 06:00:00;1986-08-04;0.0;Y
1986-08-05 06:00:01;1986-08-06 06:00:00;1986-08-05;12.0;Y
1986-08-06 06:00:01;1986-08-07 06:00:00;1986-08-06;0.0;Y
1986-08-07 06:00:01;1986-08-08 06:00:00;1986-08-07;0.0;Y
1986-08-08 06:00:01;1986-08-09 06:00:00;1986-08-08;6.0;Y
1986-08-09 06:00:01;1986-08-10 06:00:00;1986-08-09;0.4;Y
1986-08-10 06:00:01;1986-08-11 06:00:00;1986-08-10;7.0;Y
1986-08-11 06:00:01;1986-08-12 06:00:00;1986-08-11;0.0;Y
1986-08-12 06:00:01;1986-08-13 06:00:00;1986-08-12;0.0;Y
1986-08-13 06:00:01;1986-08-14 06:00:00;1986-08-13;2.1;Y
1986-08-14 06:00:01;1986-08-15 06:00:00;1986-08-14;0.1;Y
1986-08-15 06:00:01;1986-08-16 06:00:00;1986-08-15;0.0;Y
1986-08-16 06:00:01;1986-08-17 06:00:00;1986-08-16;22.0;Y
1986-08-17 06:00:01;1986-08-18 06:00:00;1986-08-17;4.0;Y
1986-08-18 06:00:01;1986-08-19 06:00:00;1986-08-18;11.0;Y
1986-08-19 06:00:01;1986-08-20 06:00:00;1986-08-19;0.0;Y
1986-08-20 06:00:01;1986-08-21 06:00:00;1986-08-20;2.0;Y
1986-08-21 06:00:01;1986-08-22 06:00:00;1986-08-21;8.0;Y
1986-08-22 06:00:01;1986-08-23 06:00:00;1986-08-22;0.1;Y
1986-08-23 06:00:01;1986-08-24 06:00:00;1986-08-23;5.0;Y
1986-08-24 06:00:01;1986-08-25 06:00:00;1986-08-24;0.2;Y
1986-08-25 06:00:01;1986-08-26 06:00:00;1986-08-25;2.0;Y
1986-08-26 06:00:01;1986-08-27 06:00:00;1986-08-26;0.1;Y
1986-08-27 06:00:01;1986-08-28 06:00:00;1986-08-27;10.0;Y
1986-08-28 06:00:01;1986-08-29 06:00:00;1986-08-28;10.0;Y
1986-08-29 06:00:01;1986-08-30 06:00:00;1986-08-29;41.0;Y
1986-08-30 06:00:01;1986-08-31 06:00:00;1986-08-30;38.0;Y
1986-08-31 06:00:01;1986-09-01 06:00:00;1986-08-31;0.1;Y
1986-09-01 06:00:01;1986-09-02 06:00:00;1986-09-01;0.0;Y
1986-09-02 06:00:01;1986-09-03 06:00:00;1986-09-02;0.5;G
1986-09-03 06:00:01;1986-09-04 06:00:00;1986-09-03;1.8;Y
1986-09-04 06:00:01;1986-09-05 06:00:00;1986-09-04;1.1;Y
1986-09-05 06:00:01;1986-09-06 06:00:00;1986-09-05;5.2;Y
1986-09-06 06:00:01;1986-09-07 06:00:00;1986-09-06;1.1;Y
1986-09-07 06:00:01;1986-09-08 06:00:00;1986-09-07;0.4;Y
1986-09-08 06:00:01;1986-09-09 06:00:00;1986-09-08;1.4;Y
1986-09-09 06:00:01;1986-09-10 06:00:00;1986-09-09;0.0;Y
1986-09-10 06:00:01;1986-09-11 06:00:00;1986-09-10;3.8;Y
1986-09-11 06:00:01;1986-09-12 06:00:00;1986-09-11;4.2;Y
1986-09-12 06:00:01;1986-09-13 06:00:00;1986-09-12;0.0;Y
1986-09-13 06:00:01;1986-09-14 06:00:00;1986-09-13;0.0;Y
1986-09-14 06:00:01;1986-09-15 06:00:00;1986-09-14;7.7;Y
1986-09-15 06:00:01;1986-09-16 06:00:00;1986-09-15;0.3;Y
1986-09-16 06:00:01;1986-09-17 06:00:00;1986-09-16;0.0;G
1986-09-17 06:00:01;1986-09-18 06:00:00;1986-09-17;0.0;Y
1986-09-18 06:00:01;1986-09-19 06:00:00;1986-09-18;0.0;Y
1986-09-19 06:00:01;1986-09-20 06:00:00;1986-09-19;0.0;Y
1986-09-20 06:00:01;1986-09-21 06:00:00;1986-09-20;1.0;Y
1986-09-21 06:00:01;1986-09-22 06:00:00;1986-09-21;5.8;Y
1986-09-22 06:00:01;1986-09-23 06:00:00;1986-09-22;0.9;Y
1986-09-23 06:00:01;1986-09-24 06:00:00;1986-09-23;0.3;Y
1986-09-24 06:00:01;1986-09-25 06:00:00;1986-09-24;0.0;Y
1986-09-25 06:00:01;1986-09-26 06:00:00;1986-09-25;0.0;Y
1986-09-26 06:00:01;1986-09-27 06:00:00;1986-09-26;0.0;Y
1986-09-27 06:00:01;1986-09-28 06:00:00;1986-09-27;0.0;Y
1986-09-28 06:00:01;1986-09-29 06:00:00;1986-09-28;8.4;Y
1986-09-29 06:00:01;1986-09-30 06:00:00;1986-09-29;0.0;G
1986-09-30 06:00:01;1986-10-01 06:00:00;1986-09-30;0.0;Y
1986-10-02 06:00:01;1986-10-03 06:00:00;1986-10-02;0.0;Y
1986-10-03 06:00:01;1986-10-04 06:00:00;1986-10-03;0.0;Y
1986-10-04 06:00:01;1986-10-05 06:00:00;1986-10-04;0.0;Y
1986-10-05 06:00:01;1986-10-06 06:00:00;1986-10-05;0.0;Y
1986-10-07 06:00:01;1986-10-08 06:00:00;1986-10-07;0.0;Y
1986-10-08 06:00:01;1986-10-09 06:00:00;1986-10-08;0.0;Y
1986-10-09 06:00:01;1986-10-10 06:00:00;1986-10-09;0.2;Y
1986-10-11 06:00:01;1986-10-12 06:00:00;1986-10-11;0.0;Y
1986-10-12 06:00:01;1986-10-13 06:00:00;1986-10-12;0.0;Y
1986-10-14 06:00:01;1986-10-15 06:00:00;1986-10-14;0.0;Y
1986-10-15 06:00:01;1986-10-16 06:00:00;1986-10-15;0.0;Y
1986-10-17 06:00:01;1986-10-18 06:00:00;1986-10-17;0.0;Y
1986-10-18 06:00:01;1986-10-19 06:00:00;1986-10-18;0.0;Y
1986-10-20 06:00:01;1986-10-21 06:00:00;1986-10-20;1.6;Y
1986-10-22 06:00:01;1986-10-23 06:00:00;1986-10-22;3.4;Y
1986-10-24 06:00:01;1986-10-25 06:00:00;1986-10-24;0.0;Y
1986-10-29 06:00:01;1986-10-30 06:00:00;1986-10-29;4.1;Y
1986-10-31 06:00:01;1986-11-01 06:00:00;1986-10-31;0.0;Y
1986-11-01 06:00:01;1986-11-02 06:00:00;1986-11-01;0.0;Y
1986-11-02 06:00:01;1986-11-03 06:00:00;1986-11-02;0.0;Y
1986-11-04 06:00:01;1986-11-05 06:00:00;1986-11-04;0.0;Y
1986-11-05 06:00:01;1986-11-06 06:00:00;1986-11-05;9.4;Y
1986-11-06 06:00:01;1986-11-07 06:00:00;1986-11-06;0.0;Y
1986-11-07 06:00:01;1986-11-08 06:00:00;1986-11-07;2.5;Y
1986-11-08 06:00:01;1986-11-09 06:00:00;1986-11-08;1.5;Y
1986-11-09 06:00:01;1986-11-10 06:00:00;1986-11-09;0.1;Y
1986-11-10 06:00:01;1986-11-11 06:00:00;1986-11-10;0.0;Y
1986-11-11 06:00:01;1986-11-12 06:00:00;1986-11-11;1.0;Y
1986-11-12 06:00:01;1986-11-13 06:00:00;1986-11-12;2.7;Y
1986-11-13 06:00:01;1986-11-14 06:00:00;1986-11-13;0.0;Y
1986-11-14 06:00:01;1986-11-15 06:00:00;1986-11-14;0.2;Y
1986-11-15 06:00:01;1986-11-16 06:00:00;1986-11-15;1.7;Y
1986-11-16 06:00:01;1986-11-17 06:00:00;1986-11-16;0.0;Y
1986-11-17 06:00:01;1986-11-18 06:00:00;1986-11-17;0.9;Y
1986-11-18 06:00:01;1986-11-19 06:00:00;1986-11-18;1.2;Y
1986-11-19 06:00:01;1986-11-20 06:00:00;1986-11-19;7.2;Y
1986-11-21 06:00:01;1986-11-22 06:00:00;1986-11-21;0.0;Y
1986-11-22 06:00:01;1986-11-23 06:00:00;1986-11-22;0.0;Y
1986-11-23 06:00:01;1986-11-24 06:00:00;1986-11-23;6.5;Y
1986-11-24 06:00:01;1986-11-25 06:00:00;1986-11-24;0.8;Y
1986-11-25 06:00:01;1986-11-26 06:00:00;1986-11-25;2.9;Y
1986-11-29 06:00:01;1986-11-30 06:00:00;1986-11-29;0.0;Y
1986-11-30 06:00:01;1986-12-01 06:00:00;1986-11-30;0.0;Y
1986-12-01 06:00:01;1986-12-02 06:00:00;1986-12-01;4.6;Y
1986-12-02 06:00:01;1986-12-03 06:00:00;1986-12-02;0.1;Y
1986-12-03 06:00:01;1986-12-04 06:00:00;1986-12-03;1.5;Y
1986-12-04 06:00:01;1986-12-05 06:00:00;1986-12-04;0.0;G
1986-12-05 06:00:01;1986-12-06 06:00:00;1986-12-05;15.9;Y
1986-12-06 06:00:01;1986-12-07 06:00:00;1986-12-06;0.0;Y
1986-12-07 06:00:01;1986-12-08 06:00:00;1986-12-07;0.0;Y
1986-12-08 06:00:01;1986-12-09 06:00:00;1986-12-08;0.0;Y
1986-12-09 06:00:01;1986-12-10 06:00:00;1986-12-09;0.0;Y
1986-12-10 06:00:01;1986-12-11 06:00:00;1986-12-10;0.0;Y
1986-12-11 06:00:01;1986-12-12 06:00:00;1986-12-11;0.0;Y
1986-12-12 06:00:01;1986-12-13 06:00:00;1986-12-12;2.8;Y
1986-12-13 06:00:01;1986-12-14 06:00:00;1986-12-13;0.3;Y
1986-12-14 06:00:01;1986-12-15 06:00:00;1986-12-14;4.0;Y
1986-12-15 06:00:01;1986-12-16 06:00:00;1986-12-15;0.0;Y
1986-12-16 06:00:01;1986-12-17 06:00:00;1986-12-16;4.2;Y
1986-12-17 06:00:01;1986-12-18 06:00:00;1986-12-17;0.1;Y
1986-12-18 06:00:01;1986-12-19 06:00:00;1986-12-18;0.0;Y
1986-12-19 06:00:01;1986-12-20 06:00:00;1986-12-19;0.2;Y
1986-12-20 06:00:01;1986-12-21 06:00:00;1986-12-20;2.0;Y
1986-12-21 06:00:01;1986-12-22 06:00:00;1986-12-21;7.9;Y
1986-12-22 06:00:01;1986-12-23 06:00:00;1986-12-22;5.0;Y
1986-12-23 06:00:01;1986-12-24 06:00:00;1986-12-23;1.2;Y
1986-12-24 06:00:01;1986-12-25 06:00:00;1986-12-24;0.3;Y
1986-12-25 06:00:01;1986-12-26 06:00:00;1986-12-25;0.0;Y
1986-12-26 06:00:01;1986-12-27 06:00:00;1986-12-26;0.9;Y
1986-12-27 06:00:01;1986-12-28 06:00:00;1986-12-27;2.7;Y
1986-12-28 06:00:01;1986-12-29 06:00:00;1986-12-28;2.3;Y
1986-12-29 06:00:01;1986-12-30 06:00:00;1986-12-29;13.4;Y
1986-12-30 06:00:01;1986-12-31 06:00:00;1986-12-30;0.2;Y
1986-12-31 06:00:01;1987-01-01 06:00:00;1986-12-31;0.3;Y
1987-01-06 06:00:01;1987-01-07 06:00:00;1987-01-06;0.0;Y
1987-01-07 06:00:01;1987-01-08 06:00:00;1987-01-07;0.0;Y
1987-01-10 06:00:01;1987-01-11 06:00:00;1987-01-10;0.0;Y
1987-01-11 06:00:01;1987-01-12 06:00:00;1987-01-11;0.0;Y
1987-01-12 06:00:01;1987-01-13 06:00:00;1987-01-12;0.0;Y
1987-01-16 06:00:01;1987-01-17 06:00:00;1987-01-16;0.0;Y
1987-01-18 06:00:01;1987-01-19 06:00:00;1987-01-18;0.0;Y
1987-01-19 06:00:01;1987-01-20 06:00:00;1987-01-19;0.0;Y
1987-01-21 06:00:01;1987-01-22 06:00:00;1987-01-21;0.0;Y
1987-01-22 06:00:01;1987-01-23 06:00:00;1987-01-22;0.0;Y
1987-01-23 06:00:01;1987-01-24 06:00:00;1987-01-23;0.2;Y
1987-01-25 06:00:01;1987-01-26 06:00:00;1987-01-25;2.0;Y
1987-01-26 06:00:01;1987-01-27 06:00:00;1987-01-26;1.8;Y
1987-01-28 06:00:01;1987-01-29 06:00:00;1987-01-28;0.2;Y
1987-01-29 06:00:01;1987-01-30 06:00:00;1987-01-29;0.2;Y
1987-01-30 06:00:01;1987-01-31 06:00:00;1987-01-30;0.1;Y
1987-01-31 06:00:01;1987-02-01 06:00:00;1987-01-31;0.0;Y
1987-02-01 06:00:01;1987-02-02 06:00:00;1987-02-01;0.0;Y
1987-02-02 06:00:01;1987-02-03 06:00:00;1987-02-02;0.0;Y
1987-02-03 06:00:01;1987-02-04 06:00:00;1987-02-03;0.0;Y
1987-02-04 06:00:01;1987-02-05 06:00:00;1987-02-04;0.0;Y
1987-02-05 06:00:01;1987-02-06 06:00:00;1987-02-05;1.3;Y
1987-02-06 06:00:01;1987-02-07 06:00:00;1987-02-06;5.1;Y
1987-02-07 06:00:01;1987-02-08 06:00:00;1987-02-07;0.3;Y
1987-02-08 06:00:01;1987-02-09 06:00:00;1987-02-08;0.1;Y
1987-02-09 06:00:01;1987-02-10 06:00:00;1987-02-09;0.2;Y
1987-02-10 06:00:01;1987-02-11 06:00:00;1987-02-10;6.1;Y
1987-02-11 06:00:01;1987-02-12 06:00:00;1987-02-11;3.8;Y
1987-02-12 06:00:01;1987-02-13 06:00:00;1987-02-12;1.7;Y
1987-02-13 06:00:01;1987-02-14 06:00:00;1987-02-13;4.1;Y
1987-02-14 06:00:01;1987-02-15 06:00:00;1987-02-14;0.0;Y
1987-02-15 06:00:01;1987-02-16 06:00:00;1987-02-15;0.1;Y
1987-02-16 06:00:01;1987-02-17 06:00:00;1987-02-16;0.0;Y
1987-02-17 06:00:01;1987-02-18 06:00:00;1987-02-17;0.1;Y
1987-02-18 06:00:01;1987-02-19 06:00:00;1987-02-18;0.1;Y
1987-02-19 06:00:01;1987-02-20 06:00:00;1987-02-19;0.0;Y
1987-02-20 06:00:01;1987-02-21 06:00:00;1987-02-20;0.0;Y
1987-02-21 06:00:01;1987-02-22 06:00:00;1987-02-21;0.0;Y
1987-02-22 06:00:01;1987-02-23 06:00:00;1987-02-22;0.2;Y
1987-02-23 06:00:01;1987-02-24 06:00:00;1987-02-23;0.0;Y
1987-02-24 06:00:01;1987-02-25 06:00:00;1987-02-24;0.0;Y
1987-02-25 06:00:01;1987-02-26 06:00:00;1987-02-25;0.0;Y
1987-02-26 06:00:01;1987-02-27 06:00:00;1987-02-26;0.0;Y
1987-02-27 06:00:01;1987-02-28 06:00:00;1987-02-27;0.0;Y
1987-02-28 06:00:01;1987-03-01 06:00:00;1987-02-28;0.0;Y
1987-03-01 06:00:01;1987-03-02 06:00:00;1987-03-01;0.0;Y
1987-03-02 06:00:01;1987-03-03 06:00:00;1987-03-02;0.0;Y
1987-03-03 06:00:01;1987-03-04 06:00:00;1987-03-03;0.0;Y
1987-03-04 06:00:01;1987-03-05 06:00:00;1987-03-04;0.0;Y
1987-03-05 06:00:01;1987-03-06 06:00:00;1987-03-05;0.0;Y
1987-03-06 06:00:01;1987-03-07 06:00:00;1987-03-06;0.0;Y
1987-03-07 06:00:01;1987-03-08 06:00:00;1987-03-07;0.0;Y
1987-03-08 06:00:01;1987-03-09 06:00:00;1987-03-08;0.0;Y
1987-03-09 06:00:01;1987-03-10 06:00:00;1987-03-09;0.0;Y
1987-03-10 06:00:01;1987-03-11 06:00:00;1987-03-10;0.0;Y
1987-03-12 06:00:01;1987-03-13 06:00:00;1987-03-12;0.0;Y
1987-03-13 06:00:01;1987-03-14 06:00:00;1987-03-13;0.0;Y
1987-03-14 06:00:01;1987-03-15 06:00:00;1987-03-14;0.0;Y
1987-03-15 06:00:01;1987-03-16 06:00:00;1987-03-15;0.0;Y
1987-03-16 06:00:01;1987-03-17 06:00:00;1987-03-16;0.0;Y
1987-03-17 06:00:01;1987-03-18 06:00:00;1987-03-17;0.0;Y
1987-03-19 06:00:01;1987-03-20 06:00:00;1987-03-19;1.3;Y
1987-03-20 06:00:01;1987-03-21 06:00:00;1987-03-20;3.0;Y
1987-03-21 06:00:01;1987-03-22 06:00:00;1987-03-21;0.0;Y
1987-03-22 06:00:01;1987-03-23 06:00:00;1987-03-22;0.2;Y
1987-03-23 06:00:01;1987-03-24 06:00:00;1987-03-23;0.0;Y
1987-03-24 06:00:01;1987-03-25 06:00:00;1987-03-24;0.0;Y
1987-03-25 06:00:01;1987-03-26 06:00:00;1987-03-25;0.0;Y
1987-03-27 06:00:01;1987-03-28 06:00:00;1987-03-27;4.3;Y
1987-03-28 06:00:01;1987-03-29 06:00:00;1987-03-28;0.3;Y
1987-03-29 06:00:01;1987-03-30 06:00:00;1987-03-29;0.3;Y
1987-03-30 06:00:01;1987-03-31 06:00:00;1987-03-30;0.0;Y
1987-03-31 06:00:01;1987-04-01 06:00:00;1987-03-31;0.0;Y
1987-04-01 06:00:01;1987-04-02 06:00:00;1987-04-01;0.2;G
1987-04-02 06:00:01;1987-04-03 06:00:00;1987-04-02;0.0;G
1987-04-03 06:00:01;1987-04-04 06:00:00;1987-04-03;0.0;G
1987-04-04 06:00:01;1987-04-05 06:00:00;1987-04-04;0.0;G
1987-04-05 06:00:01;1987-04-06 06:00:00;1987-04-05;0.0;G
1987-04-06 06:00:01;1987-04-07 06:00:00;1987-04-06;0.0;G
1987-04-07 06:00:01;1987-04-08 06:00:00;1987-04-07;0.0;G
1987-04-08 06:00:01;1987-04-09 06:00:00;1987-04-08;0.5;G
1987-04-09 06:00:01;1987-04-10 06:00:00;1987-04-09;0.0;G
1987-04-10 06:00:01;1987-04-11 06:00:00;1987-04-10;0.0;G
1987-04-11 06:00:01;1987-04-12 06:00:00;1987-04-11;0.0;G
1987-04-12 06:00:01;1987-04-13 06:00:00;1987-04-12;0.0;G
1987-04-13 06:00:01;1987-04-14 06:00:00;1987-04-13;0.0;G
1987-04-14 06:00:01;1987-04-15 06:00:00;1987-04-14;0.0;G
1987-04-15 06:00:01;1987-04-16 06:00:00;1987-04-15;0.1;G
1987-04-16 06:00:01;1987-04-17 06:00:00;1987-04-16;0.0;G
1987-04-17 06:00:01;1987-04-18 06:00:00;1987-04-17;0.0;G
1987-04-18 06:00:01;1987-04-19 06:00:00;1987-04-18;0.0;G
1987-04-19 06:00:01;1987-04-20 06:00:00;1987-04-19;0.0;G
1987-04-20 06:00:01;1987-04-21 06:00:00;1987-04-20;1.7;G
1987-04-21 06:00:01;1987-04-22 06:00:00;1987-04-21;0.0;G
1987-04-22 06:00:01;1987-04-23 06:00:00;1987-04-22;0.0;G
1987-04-23 06:00:01;1987-04-24 06:00:00;1987-04-23;0.0;G
1987-04-24 06:00:01;1987-04-25 06:00:00;1987-04-24;0.8;G
1987-04-25 06:00:01;1987-04-26 06:00:00;1987-04-25;0.0;G
1987-04-26 06:00:01;1987-04-27 06:00:00;1987-04-26;0.0;G
1987-04-27 06:00:01;1987-04-28 06:00:00;1987-04-27;0.0;G
1987-04-28 06:00:01;1987-04-29 06:00:00;1987-04-28;0.0;G
1987-04-29 06:00:01;1987-04-30 06:00:00;1987-04-29;0.0;G
1987-04-30 06:00:01;1987-05-01 06:00:00;1987-04-30;0.0;G
1987-05-01 06:00:01;1987-05-02 06:00:00;1987-05-01;1.0;Y
1987-05-02 06:00:01;1987-05-03 06:00:00;1987-05-02;5.0;Y
1987-05-03 06:00:01;1987-05-04 06:00:00;1987-05-03;1.0;Y
1987-05-04 06:00:01;1987-05-05 06:00:00;1987-05-04;0.0;Y
1987-05-05 06:00:01;1987-05-06 06:00:00;1987-05-05;0.0;Y
1987-05-06 06:00:01;1987-05-07 06:00:00;1987-05-06;2.0;Y
1987-05-07 06:00:01;1987-05-08 06:00:00;1987-05-07;0.0;Y
1987-05-08 06:00:01;1987-05-09 06:00:00;1987-05-08;0.0;Y
1987-05-09 06:00:01;1987-05-10 06:00:00;1987-05-09;9.0;Y
1987-05-10 06:00:01;1987-05-11 06:00:00;1987-05-10;0.2;Y
1987-05-11 06:00:01;1987-05-12 06:00:00;1987-05-11;1.1;Y
1987-05-12 06:00:01;1987-05-13 06:00:00;1987-05-12;7.0;Y
1987-05-13 06:00:01;1987-05-14 06:00:00;1987-05-13;1.0;Y
1987-05-14 06:00:01;1987-05-15 06:00:00;1987-05-14;0.0;Y
1987-05-15 06:00:01;1987-05-16 06:00:00;1987-05-15;0.0;Y
1987-05-16 06:00:01;1987-05-17 06:00:00;1987-05-16;2.3;Y
1987-05-17 06:00:01;1987-05-18 06:00:00;1987-05-17;8.0;Y
1987-05-18 06:00:01;1987-05-19 06:00:00;1987-05-18;5.0;G
1987-05-19 06:00:01;1987-05-20 06:00:00;1987-05-19;0.0;Y
1987-05-20 06:00:01;1987-05-21 06:00:00;1987-05-20;0.1;Y
1987-05-21 06:00:01;1987-05-22 06:00:00;1987-05-21;0.0;Y
1987-05-22 06:00:01;1987-05-23 06:00:00;1987-05-22;0.0;Y
1987-05-23 06:00:01;1987-05-24 06:00:00;1987-05-23;0.0;Y
1987-05-24 06:00:01;1987-05-25 06:00:00;1987-05-24;0.0;Y
1987-05-25 06:00:01;1987-05-26 06:00:00;1987-05-25;0.0;Y
1987-05-26 06:00:01;1987-05-27 06:00:00;1987-05-26;13.0;Y
1987-05-27 06:00:01;1987-05-28 06:00:00;1987-05-27;0.0;Y
1987-05-28 06:00:01;1987-05-29 06:00:00;1987-05-28;0.0;Y
1987-05-29 06:00:01;1987-05-30 06:00:00;1987-05-29;0.0;Y
1987-05-30 06:00:01;1987-05-31 06:00:00;1987-05-30;0.0;Y
1987-05-31 06:00:01;1987-06-01 06:00:00;1987-05-31;0.1;Y
1987-06-01 06:00:01;1987-06-02 06:00:00;1987-06-01;1.1;G
1987-06-02 06:00:01;1987-06-03 06:00:00;1987-06-02;10.5;G
1987-06-03 06:00:01;1987-06-04 06:00:00;1987-06-03;0.4;G
1987-06-04 06:00:01;1987-06-05 06:00:00;1987-06-04;3.5;G
1987-06-05 06:00:01;1987-06-06 06:00:00;1987-06-05;0.0;G
1987-06-06 06:00:01;1987-06-07 06:00:00;1987-06-06;0.0;G
1987-06-07 06:00:01;1987-06-08 06:00:00;1987-06-07;3.0;G
1987-06-08 06:00:01;1987-06-09 06:00:00;1987-06-08;4.4;G
1987-06-09 06:00:01;1987-06-10 06:00:00;1987-06-09;0.0;G
1987-06-10 06:00:01;1987-06-11 06:00:00;1987-06-10;0.0;G
1987-06-11 06:00:01;1987-06-12 06:00:00;1987-06-11;0.0;G
1987-06-12 06:00:01;1987-06-13 06:00:00;1987-06-12;6.7;G
1987-06-13 06:00:01;1987-06-14 06:00:00;1987-06-13;0.0;G
1987-06-14 06:00:01;1987-06-15 06:00:00;1987-06-14;2.3;G
1987-06-15 06:00:01;1987-06-16 06:00:00;1987-06-15;0.0;G
1987-06-16 06:00:01;1987-06-17 06:00:00;1987-06-16;6.1;G
1987-06-17 06:00:01;1987-06-18 06:00:00;1987-06-17;10.5;G
1987-06-18 06:00:01;1987-06-19 06:00:00;1987-06-18;2.5;G
1987-06-19 06:00:01;1987-06-20 06:00:00;1987-06-19;1.6;G
1987-06-20 06:00:01;1987-06-21 06:00:00;1987-06-20;0.4;G
1987-06-21 06:00:01;1987-06-22 06:00:00;1987-06-21;0.0;G
1987-06-22 06:00:01;1987-06-23 06:00:00;1987-06-22;0.0;G
1987-06-23 06:00:01;1987-06-24 06:00:00;1987-06-23;2.0;G
1987-06-24 06:00:01;1987-06-25 06:00:00;1987-06-24;0.0;G
1987-06-25 06:00:01;1987-06-26 06:00:00;1987-06-25;1.5;G
1987-06-26 06:00:01;1987-06-27 06:00:00;1987-06-26;0.0;G
1987-06-27 06:00:01;1987-06-28 06:00:00;1987-06-27;0.2;G
1987-06-28 06:00:01;1987-06-29 06:00:00;1987-06-28;0.0;G
1987-06-29 06:00:01;1987-06-30 06:00:00;1987-06-29;0.2;G
1987-06-30 06:00:01;1987-07-01 06:00:00;1987-06-30;4.9;G
1987-07-01 06:00:01;1987-07-02 06:00:00;1987-07-01;0.0;G
1987-07-02 06:00:01;1987-07-03 06:00:00;1987-07-02;7.1;G
1987-07-03 06:00:01;1987-07-04 06:00:00;1987-07-03;2.7;G
1987-07-04 06:00:01;1987-07-05 06:00:00;1987-07-04;0.6;G
1987-07-05 06:00:01;1987-07-06 06:00:00;1987-07-05;0.0;G
1987-07-06 06:00:01;1987-07-07 06:00:00;1987-07-06;0.0;G
1987-07-07 06:00:01;1987-07-08 06:00:00;1987-07-07;0.0;G
1987-07-08 06:00:01;1987-07-09 06:00:00;1987-07-08;34.2;G
1987-07-09 06:00:01;1987-07-10 06:00:00;1987-07-09;0.0;G
1987-07-10 06:00:01;1987-07-11 06:00:00;1987-07-10;0.0;G
1987-07-11 06:00:01;1987-07-12 06:00:00;1987-07-11;0.0;G
1987-07-12 06:00:01;1987-07-13 06:00:00;1987-07-12;0.0;G
1987-07-13 06:00:01;1987-07-14 06:00:00;1987-07-13;0.0;G
1987-07-14 06:00:01;1987-07-15 06:00:00;1987-07-14;0.0;G
1987-07-15 06:00:01;1987-07-16 06:00:00;1987-07-15;0.0;G
1987-07-16 06:00:01;1987-07-17 06:00:00;1987-07-16;0.0;G
1987-07-17 06:00:01;1987-07-18 06:00:00;1987-07-17;0.0;G
1987-07-18 06:00:01;1987-07-19 06:00:00;1987-07-18;0.0;G
1987-07-19 06:00:01;1987-07-20 06:00:00;1987-07-19;0.0;G
1987-07-20 06:00:01;1987-07-21 06:00:00;1987-07-20;0.0;G
1987-07-21 06:00:01;1987-07-22 06:00:00;1987-07-21;0.0;G
1987-07-22 06:00:01;1987-07-23 06:00:00;1987-07-22;0.0;G
1987-07-23 06:00:01;1987-07-24 06:00:00;1987-07-23;0.0;G
1987-07-24 06:00:01;1987-07-25 06:00:00;1987-07-24;31.7;G
1987-07-25 06:00:01;1987-07-26 06:00:00;1987-07-25;2.3;G
1987-07-26 06:00:01;1987-07-27 06:00:00;1987-07-26;17.9;G
1987-07-27 06:00:01;1987-07-28 06:00:00;1987-07-27;17.2;G
1987-07-28 06:00:01;1987-07-29 06:00:00;1987-07-28;3.1;G
1987-07-29 06:00:01;1987-07-30 06:00:00;1987-07-29;5.0;G
1987-07-30 06:00:01;1987-07-31 06:00:00;1987-07-30;0.3;G
1987-07-31 06:00:01;1987-08-01 06:00:00;1987-07-31;2.6;G
1987-08-01 06:00:01;1987-08-02 06:00:00;1987-08-01;7.7;G
1987-08-02 06:00:01;1987-08-03 06:00:00;1987-08-02;0.3;G
1987-08-03 06:00:01;1987-08-04 06:00:00;1987-08-03;4.9;G
1987-08-04 06:00:01;1987-08-05 06:00:00;1987-08-04;2.9;G
1987-08-05 06:00:01;1987-08-06 06:00:00;1987-08-05;4.1;G
1987-08-06 06:00:01;1987-08-07 06:00:00;1987-08-06;6.7;G
1987-08-07 06:00:01;1987-08-08 06:00:00;1987-08-07;6.4;G
1987-08-08 06:00:01;1987-08-09 06:00:00;1987-08-08;8.0;G
1987-08-09 06:00:01;1987-08-10 06:00:00;1987-08-09;14.2;G
1987-08-10 06:00:01;1987-08-11 06:00:00;1987-08-10;0.1;G
1987-08-11 06:00:01;1987-08-12 06:00:00;1987-08-11;0.0;G
1987-08-12 06:00:01;1987-08-13 06:00:00;1987-08-12;0.0;G
1987-08-13 06:00:01;1987-08-14 06:00:00;1987-08-13;0.0;G
1987-08-14 06:00:01;1987-08-15 06:00:00;1987-08-14;4.2;G
1987-08-15 06:00:01;1987-08-16 06:00:00;1987-08-15;1.5;G
1987-08-16 06:00:01;1987-08-17 06:00:00;1987-08-16;0.0;G
1987-08-17 06:00:01;1987-08-18 06:00:00;1987-08-17;0.0;G
1987-08-18 06:00:01;1987-08-19 06:00:00;1987-08-18;0.7;G
1987-08-19 06:00:01;1987-08-20 06:00:00;1987-08-19;0.5;G
1987-08-20 06:00:01;1987-08-21 06:00:00;1987-08-20;0.0;G
1987-08-21 06:00:01;1987-08-22 06:00:00;1987-08-21;3.5;G
1987-08-22 06:00:01;1987-08-23 06:00:00;1987-08-22;14.7;G
1987-08-23 06:00:01;1987-08-24 06:00:00;1987-08-23;7.7;G
1987-08-24 06:00:01;1987-08-25 06:00:00;1987-08-24;0.0;G
1987-08-25 06:00:01;1987-08-26 06:00:00;1987-08-25;0.0;G
1987-08-26 06:00:01;1987-08-27 06:00:00;1987-08-26;0.1;G
1987-08-27 06:00:01;1987-08-28 06:00:00;1987-08-27;2.2;G
1987-08-28 06:00:01;1987-08-29 06:00:00;1987-08-28;13.2;G
1987-08-29 06:00:01;1987-08-30 06:00:00;1987-08-29;0.0;G
1987-08-30 06:00:01;1987-08-31 06:00:00;1987-08-30;0.0;G
1987-08-31 06:00:01;1987-09-01 06:00:00;1987-08-31;0.0;G
1987-09-01 06:00:01;1987-09-02 06:00:00;1987-09-01;0.0;G
1987-09-02 06:00:01;1987-09-03 06:00:00;1987-09-02;0.0;G
1987-09-03 06:00:01;1987-09-04 06:00:00;1987-09-03;0.0;G
1987-09-04 06:00:01;1987-09-05 06:00:00;1987-09-04;0.2;G
1987-09-05 06:00:01;1987-09-06 06:00:00;1987-09-05;0.0;G
1987-09-06 06:00:01;1987-09-07 06:00:00;1987-09-06;6.0;G
1987-09-07 06:00:01;1987-09-08 06:00:00;1987-09-07;8.3;G
1987-09-08 06:00:01;1987-09-09 06:00:00;1987-09-08;1.1;G
1987-09-09 06:00:01;1987-09-10 06:00:00;1987-09-09;0.1;G
1987-09-10 06:00:01;1987-09-11 06:00:00;1987-09-10;5.1;G
1987-09-11 06:00:01;1987-09-12 06:00:00;1987-09-11;0.0;G
1987-09-12 06:00:01;1987-09-13 06:00:00;1987-09-12;13.0;G
1987-09-13 06:00:01;1987-09-14 06:00:00;1987-09-13;0.1;G
1987-09-14 06:00:01;1987-09-15 06:00:00;1987-09-14;0.3;G
1987-09-15 06:00:01;1987-09-16 06:00:00;1987-09-15;0.8;G
1987-09-16 06:00:01;1987-09-17 06:00:00;1987-09-16;0.0;G
1987-09-17 06:00:01;1987-09-18 06:00:00;1987-09-17;0.0;G
1987-09-18 06:00:01;1987-09-19 06:00:00;1987-09-18;10.4;G
1987-09-19 06:00:01;1987-09-20 06:00:00;1987-09-19;0.0;G
1987-09-20 06:00:01;1987-09-21 06:00:00;1987-09-20;0.0;G
1987-09-21 06:00:01;1987-09-22 06:00:00;1987-09-21;0.2;G
1987-09-22 06:00:01;1987-09-23 06:00:00;1987-09-22;1.7;G
1987-09-23 06:00:01;1987-09-24 06:00:00;1987-09-23;0.0;G
1987-09-24 06:00:01;1987-09-25 06:00:00;1987-09-24;0.1;G
1987-09-25 06:00:01;1987-09-26 06:00:00;1987-09-25;0.7;G
1987-09-26 06:00:01;1987-09-27 06:00:00;1987-09-26;1.9;G
1987-09-27 06:00:01;1987-09-28 06:00:00;1987-09-27;0.9;G
1987-09-28 06:00:01;1987-09-29 06:00:00;1987-09-28;1.4;G
1987-09-29 06:00:01;1987-09-30 06:00:00;1987-09-29;0.2;G
1987-09-30 06:00:01;1987-10-01 06:00:00;1987-09-30;0.1;G
1987-10-01 06:00:01;1987-10-02 06:00:00;1987-10-01;0.0;G
1987-10-02 06:00:01;1987-10-03 06:00:00;1987-10-02;0.0;G
1987-10-03 06:00:01;1987-10-04 06:00:00;1987-10-03;0.0;G
1987-10-04 06:00:01;1987-10-05 06:00:00;1987-10-04;0.0;G
1987-10-05 06:00:01;1987-10-06 06:00:00;1987-10-05;0.0;G
1987-10-06 06:00:01;1987-10-07 06:00:00;1987-10-06;0.0;G
1987-10-07 06:00:01;1987-10-08 06:00:00;1987-10-07;0.0;G
1987-10-08 06:00:01;1987-10-09 06:00:00;1987-10-08;0.0;G
1987-10-09 06:00:01;1987-10-10 06:00:00;1987-10-09;1.5;G
1987-10-10 06:00:01;1987-10-11 06:00:00;1987-10-10;0.0;G
1987-10-11 06:00:01;1987-10-12 06:00:00;1987-10-11;0.0;G
1987-10-12 06:00:01;1987-10-13 06:00:00;1987-10-12;0.0;G
1987-10-13 06:00:01;1987-10-14 06:00:00;1987-10-13;5.4;G
1987-10-14 06:00:01;1987-10-15 06:00:00;1987-10-14;0.6;G
1987-10-15 06:00:01;1987-10-16 06:00:00;1987-10-15;2.7;G
1987-10-16 06:00:01;1987-10-17 06:00:00;1987-10-16;6.8;G
1987-10-17 06:00:01;1987-10-18 06:00:00;1987-10-17;0.0;G
1987-10-18 06:00:01;1987-10-19 06:00:00;1987-10-18;0.1;G
1987-10-19 06:00:01;1987-10-20 06:00:00;1987-10-19;0.0;G
1987-10-20 06:00:01;1987-10-21 06:00:00;1987-10-20;0.0;G
1987-10-21 06:00:01;1987-10-22 06:00:00;1987-10-21;0.0;G
1987-10-22 06:00:01;1987-10-23 06:00:00;1987-10-22;0.0;G
1987-10-23 06:00:01;1987-10-24 06:00:00;1987-10-23;0.0;G
1987-10-24 06:00:01;1987-10-25 06:00:00;1987-10-24;7.7;G
1987-10-25 06:00:01;1987-10-26 06:00:00;1987-10-25;0.0;G
1987-10-26 06:00:01;1987-10-27 06:00:00;1987-10-26;0.0;G
1987-10-27 06:00:01;1987-10-28 06:00:00;1987-10-27;0.0;G
1987-10-28 06:00:01;1987-10-29 06:00:00;1987-10-28;0.0;G
1987-10-29 06:00:01;1987-10-30 06:00:00;1987-10-29;0.0;G
1987-10-30 06:00:01;1987-10-31 06:00:00;1987-10-30;0.0;G
1987-10-31 06:00:01;1987-11-01 06:00:00;1987-10-31;0.3;G
1987-11-01 06:00:01;1987-11-02 06:00:00;1987-11-01;0.3;G
1987-11-02 06:00:01;1987-11-03 06:00:00;1987-11-02;0.0;G
1987-11-03 06:00:01;1987-11-04 06:00:00;1987-11-03;0.0;G
1987-11-04 06:00:01;1987-11-05 06:00:00;1987-11-04;0.0;G
1987-11-05 06:00:01;1987-11-06 06:00:00;1987-11-05;0.0;G
1987-11-06 06:00:01;1987-11-07 06:00:00;1987-11-06;0.1;G
1987-11-07 06:00:01;1987-11-08 06:00:00;1987-11-07;3.1;G
1987-11-08 06:00:01;1987-11-09 06:00:00;1987-11-08;0.0;G
1987-11-09 06:00:01;1987-11-10 06:00:00;1987-11-09;0.0;G
1987-11-10 06:00:01;1987-11-11 06:00:00;1987-11-10;0.0;G
1987-11-11 06:00:01;1987-11-12 06:00:00;1987-11-11;0.0;G
1987-11-12 06:00:01;1987-11-13 06:00:00;1987-11-12;9.3;G
1987-11-13 06:00:01;1987-11-14 06:00:00;1987-11-13;0.0;G
1987-11-14 06:00:01;1987-11-15 06:00:00;1987-11-14;0.0;G
1987-11-15 06:00:01;1987-11-16 06:00:00;1987-11-15;0.3;G
1987-11-16 06:00:01;1987-11-17 06:00:00;1987-11-16;6.8;G
1987-11-17 06:00:01;1987-11-18 06:00:00;1987-11-17;0.0;G
1987-11-18 06:00:01;1987-11-19 06:00:00;1987-11-18;0.0;G
1987-11-19 06:00:01;1987-11-20 06:00:00;1987-11-19;12.4;G
1987-11-20 06:00:01;1987-11-21 06:00:00;1987-11-20;0.0;G
1987-11-21 06:00:01;1987-11-22 06:00:00;1987-11-21;0.0;G
1987-11-22 06:00:01;1987-11-23 06:00:00;1987-11-22;3.6;G
1987-11-23 06:00:01;1987-11-24 06:00:00;1987-11-23;0.3;G
1987-11-24 06:00:01;1987-11-25 06:00:00;1987-11-24;0.0;G
1987-11-25 06:00:01;1987-11-26 06:00:00;1987-11-25;2.7;G
1987-11-26 06:00:01;1987-11-27 06:00:00;1987-11-26;5.4;G
1987-11-27 06:00:01;1987-11-28 06:00:00;1987-11-27;0.0;G
1987-11-28 06:00:01;1987-11-29 06:00:00;1987-11-28;0.0;G
1987-11-29 06:00:01;1987-11-30 06:00:00;1987-11-29;5.2;G
1987-11-30 06:00:01;1987-12-01 06:00:00;1987-11-30;0.0;G
1987-12-01 06:00:01;1987-12-02 06:00:00;1987-12-01;0.0;G
1987-12-02 06:00:01;1987-12-03 06:00:00;1987-12-02;0.0;G
1987-12-03 06:00:01;1987-12-04 06:00:00;1987-12-03;0.0;G
1987-12-04 06:00:01;1987-12-05 06:00:00;1987-12-04;0.0;G
1987-12-05 06:00:01;1987-12-06 06:00:00;1987-12-05;0.0;G
1987-12-06 06:00:01;1987-12-07 06:00:00;1987-12-06;1.4;G
1987-12-07 06:00:01;1987-12-08 06:00:00;1987-12-07;0.0;G
1987-12-08 06:00:01;1987-12-09 06:00:00;1987-12-08;0.0;G
1987-12-09 06:00:01;1987-12-10 06:00:00;1987-12-09;0.8;G
1987-12-10 06:00:01;1987-12-11 06:00:00;1987-12-10;2.3;G
1987-12-11 06:00:01;1987-12-12 06:00:00;1987-12-11;0.0;G
1987-12-12 06:00:01;1987-12-13 06:00:00;1987-12-12;0.0;G
1987-12-13 06:00:01;1987-12-14 06:00:00;1987-12-13;0.0;G
1987-12-14 06:00:01;1987-12-15 06:00:00;1987-12-14;0.0;G
1987-12-15 06:00:01;1987-12-16 06:00:00;1987-12-15;0.7;G
1987-12-16 06:00:01;1987-12-17 06:00:00;1987-12-16;0.0;G
1987-12-17 06:00:01;1987-12-18 06:00:00;1987-12-17;0.0;G
1987-12-18 06:00:01;1987-12-19 06:00:00;1987-12-18;0.5;G
1987-12-19 06:00:01;1987-12-20 06:00:00;1987-12-19;0.0;G
1987-12-20 06:00:01;1987-12-21 06:00:00;1987-12-20;0.6;G
1987-12-21 06:00:01;1987-12-22 06:00:00;1987-12-21;0.0;G
1987-12-22 06:00:01;1987-12-23 06:00:00;1987-12-22;4.6;G
1987-12-23 06:00:01;1987-12-24 06:00:00;1987-12-23;0.0;G
1987-12-24 06:00:01;1987-12-25 06:00:00;1987-12-24;0.0;G
1987-12-25 06:00:01;1987-12-26 06:00:00;1987-12-25;0.1;G
1987-12-26 06:00:01;1987-12-27 06:00:00;1987-12-26;1.6;G
1987-12-27 06:00:01;1987-12-28 06:00:00;1987-12-27;0.8;G
1987-12-28 06:00:01;1987-12-29 06:00:00;1987-12-28;0.0;G
1987-12-29 06:00:01;1987-12-30 06:00:00;1987-12-29;3.1;G
1987-12-30 06:00:01;1987-12-31 06:00:00;1987-12-30;0.0;G
1987-12-31 06:00:01;1988-01-01 06:00:00;1987-12-31;2.2;G
1988-01-01 06:00:01;1988-01-02 06:00:00;1988-01-01;0.1;G
1988-01-02 06:00:01;1988-01-03 06:00:00;1988-01-02;3.0;G
1988-01-03 06:00:01;1988-01-04 06:00:00;1988-01-03;3.1;G
1988-01-04 06:00:01;1988-01-05 06:00:00;1988-01-04;2.0;G
1988-01-05 06:00:01;1988-01-06 06:00:00;1988-01-05;0.0;G
1988-01-06 06:00:01;1988-01-07 06:00:00;1988-01-06;0.3;G
1988-01-07 06:00:01;1988-01-08 06:00:00;1988-01-07;0.4;G
1988-01-08 06:00:01;1988-01-09 06:00:00;1988-01-08;0.0;G
1988-01-09 06:00:01;1988-01-10 06:00:00;1988-01-09;0.0;G
1988-01-10 06:00:01;1988-01-11 06:00:00;1988-01-10;0.0;G
1988-01-11 06:00:01;1988-01-12 06:00:00;1988-01-11;9.0;G
1988-01-12 06:00:01;1988-01-13 06:00:00;1988-01-12;1.3;G
1988-01-13 06:00:01;1988-01-14 06:00:00;1988-01-13;0.0;G
1988-01-14 06:00:01;1988-01-15 06:00:00;1988-01-14;0.0;G
1988-01-15 06:00:01;1988-01-16 06:00:00;1988-01-15;0.0;G
1988-01-16 06:00:01;1988-01-17 06:00:00;1988-01-16;0.0;G
1988-01-17 06:00:01;1988-01-18 06:00:00;1988-01-17;0.0;G
1988-01-18 06:00:01;1988-01-19 06:00:00;1988-01-18;1.3;G
1988-01-19 06:00:01;1988-01-20 06:00:00;1988-01-19;2.0;G
1988-01-20 06:00:01;1988-01-21 06:00:00;1988-01-20;0.0;G
1988-01-21 06:00:01;1988-01-22 06:00:00;1988-01-21;0.4;G
1988-01-22 06:00:01;1988-01-23 06:00:00;1988-01-22;1.0;G
1988-01-23 06:00:01;1988-01-24 06:00:00;1988-01-23;5.0;G
1988-01-24 06:00:01;1988-01-25 06:00:00;1988-01-24;1.0;G
1988-01-25 06:00:01;1988-01-26 06:00:00;1988-01-25;1.1;G
1988-01-26 06:00:01;1988-01-27 06:00:00;1988-01-26;4.0;G
1988-01-27 06:00:01;1988-01-28 06:00:00;1988-01-27;3.0;G
1988-01-28 06:00:01;1988-01-29 06:00:00;1988-01-28;2.0;G
1988-01-29 06:00:01;1988-01-30 06:00:00;1988-01-29;3.0;G
1988-01-30 06:00:01;1988-01-31 06:00:00;1988-01-30;3.0;G
1988-01-31 06:00:01;1988-02-01 06:00:00;1988-01-31;2.0;Y
1988-02-01 06:00:01;1988-02-02 06:00:00;1988-02-01;6.0;G
1988-02-02 06:00:01;1988-02-03 06:00:00;1988-02-02;1.1;G
1988-02-03 06:00:01;1988-02-04 06:00:00;1988-02-03;1.0;G
1988-02-04 06:00:01;1988-02-05 06:00:00;1988-02-04;2.0;G
1988-02-05 06:00:01;1988-02-06 06:00:00;1988-02-05;1.0;G
1988-02-06 06:00:01;1988-02-07 06:00:00;1988-02-06;5.0;G
1988-02-07 06:00:01;1988-02-08 06:00:00;1988-02-07;0.3;G
1988-02-08 06:00:01;1988-02-09 06:00:00;1988-02-08;1.0;G
1988-02-09 06:00:01;1988-02-10 06:00:00;1988-02-09;1.1;G
1988-02-10 06:00:01;1988-02-11 06:00:00;1988-02-10;2.0;G
1988-02-11 06:00:01;1988-02-12 06:00:00;1988-02-11;3.0;G
1988-02-12 06:00:01;1988-02-13 06:00:00;1988-02-12;1.1;G
1988-02-13 06:00:01;1988-02-14 06:00:00;1988-02-13;0.0;G
1988-02-14 06:00:01;1988-02-15 06:00:00;1988-02-14;0.0;G
1988-02-15 06:00:01;1988-02-16 06:00:00;1988-02-15;0.3;G
1988-02-16 06:00:01;1988-02-17 06:00:00;1988-02-16;0.2;G
1988-02-17 06:00:01;1988-02-18 06:00:00;1988-02-17;0.0;G
1988-02-18 06:00:01;1988-02-19 06:00:00;1988-02-18;0.0;G
1988-02-19 06:00:01;1988-02-20 06:00:00;1988-02-19;0.0;G
1988-02-20 06:00:01;1988-02-21 06:00:00;1988-02-20;0.0;G
1988-02-21 06:00:01;1988-02-22 06:00:00;1988-02-21;2.3;G
1988-02-22 06:00:01;1988-02-23 06:00:00;1988-02-22;0.0;G
1988-02-23 06:00:01;1988-02-24 06:00:00;1988-02-23;0.1;G
1988-02-24 06:00:01;1988-02-25 06:00:00;1988-02-24;1.0;G
1988-02-25 06:00:01;1988-02-26 06:00:00;1988-02-25;0.0;G
1988-02-26 06:00:01;1988-02-27 06:00:00;1988-02-26;0.0;G
1988-02-27 06:00:01;1988-02-28 06:00:00;1988-02-27;5.0;G
1988-02-28 06:00:01;1988-02-29 06:00:00;1988-02-28;8.0;G
1988-02-29 06:00:01;1988-03-01 06:00:00;1988-02-29;0.0;G
1988-03-01 06:00:01;1988-03-02 06:00:00;1988-03-01;2.0;G
1988-03-02 06:00:01;1988-03-03 06:00:00;1988-03-02;0.0;G
1988-03-03 06:00:01;1988-03-04 06:00:00;1988-03-03;0.0;G
1988-03-04 06:00:01;1988-03-05 06:00:00;1988-03-04;2.0;G
1988-03-05 06:00:01;1988-03-06 06:00:00;1988-03-05;1.2;G
1988-03-06 06:00:01;1988-03-07 06:00:00;1988-03-06;1.6;G
1988-03-07 06:00:01;1988-03-08 06:00:00;1988-03-07;1.8;G
1988-03-08 06:00:01;1988-03-09 06:00:00;1988-03-08;1.2;G
1988-03-09 06:00:01;1988-03-10 06:00:00;1988-03-09;0.1;G
1988-03-10 06:00:01;1988-03-11 06:00:00;1988-03-10;5.0;G
1988-03-11 06:00:01;1988-03-12 06:00:00;1988-03-11;0.2;G
1988-03-12 06:00:01;1988-03-13 06:00:00;1988-03-12;1.1;G
1988-03-13 06:00:01;1988-03-14 06:00:00;1988-03-13;0.0;G
1988-03-14 06:00:01;1988-03-15 06:00:00;1988-03-14;0.0;G
1988-03-15 06:00:01;1988-03-16 06:00:00;1988-03-15;0.0;G
1988-03-16 06:00:01;1988-03-17 06:00:00;1988-03-16;0.2;G
1988-03-17 06:00:01;1988-03-18 06:00:00;1988-03-17;0.2;G
1988-03-18 06:00:01;1988-03-19 06:00:00;1988-03-18;0.0;G
1988-03-19 06:00:01;1988-03-20 06:00:00;1988-03-19;0.0;G
1988-03-20 06:00:01;1988-03-21 06:00:00;1988-03-20;0.0;G
1988-03-21 06:00:01;1988-03-22 06:00:00;1988-03-21;0.0;G
1988-03-22 06:00:01;1988-03-23 06:00:00;1988-03-22;1.2;G
1988-03-23 06:00:01;1988-03-24 06:00:00;1988-03-23;1.2;G
1988-03-24 06:00:01;1988-03-25 06:00:00;1988-03-24;0.0;G
1988-03-25 06:00:01;1988-03-26 06:00:00;1988-03-25;3.0;G
1988-03-26 06:00:01;1988-03-27 06:00:00;1988-03-26;2.0;G
1988-03-27 06:00:01;1988-03-28 06:00:00;1988-03-27;0.0;G
1988-03-28 06:00:01;1988-03-29 06:00:00;1988-03-28;0.0;G
1988-03-29 06:00:01;1988-03-30 06:00:00;1988-03-29;0.0;G
1988-03-30 06:00:01;1988-03-31 06:00:00;1988-03-30;0.0;G
1988-03-31 06:00:01;1988-04-01 06:00:00;1988-03-31;0.0;Y
1988-04-01 06:00:01;1988-04-02 06:00:00;1988-04-01;0.3;G
1988-04-02 06:00:01;1988-04-03 06:00:00;1988-04-02;5.1;G
1988-04-03 06:00:01;1988-04-04 06:00:00;1988-04-03;1.4;G
1988-04-04 06:00:01;1988-04-05 06:00:00;1988-04-04;0.0;G
1988-04-05 06:00:01;1988-04-06 06:00:00;1988-04-05;0.0;G
1988-04-06 06:00:01;1988-04-07 06:00:00;1988-04-06;0.0;G
1988-04-07 06:00:01;1988-04-08 06:00:00;1988-04-07;0.0;G
1988-04-08 06:00:01;1988-04-09 06:00:00;1988-04-08;1.3;G
1988-04-09 06:00:01;1988-04-10 06:00:00;1988-04-09;0.0;G
1988-04-10 06:00:01;1988-04-11 06:00:00;1988-04-10;1.0;G
1988-04-11 06:00:01;1988-04-12 06:00:00;1988-04-11;0.0;G
1988-04-12 06:00:01;1988-04-13 06:00:00;1988-04-12;0.0;G
1988-04-13 06:00:01;1988-04-14 06:00:00;1988-04-13;0.0;G
1988-04-14 06:00:01;1988-04-15 06:00:00;1988-04-14;0.0;G
1988-04-15 06:00:01;1988-04-16 06:00:00;1988-04-15;0.0;G
1988-04-16 06:00:01;1988-04-17 06:00:00;1988-04-16;0.2;G
1988-04-17 06:00:01;1988-04-18 06:00:00;1988-04-17;4.0;G
1988-04-18 06:00:01;1988-04-19 06:00:00;1988-04-18;0.1;G
1988-04-19 06:00:01;1988-04-20 06:00:00;1988-04-19;0.0;G
1988-04-20 06:00:01;1988-04-21 06:00:00;1988-04-20;13.0;G
1988-04-21 06:00:01;1988-04-22 06:00:00;1988-04-21;1.0;G
1988-04-22 06:00:01;1988-04-23 06:00:00;1988-04-22;0.1;G
1988-04-23 06:00:01;1988-04-24 06:00:00;1988-04-23;0.0;G
1988-04-24 06:00:01;1988-04-25 06:00:00;1988-04-24;0.1;G
1988-04-25 06:00:01;1988-04-26 06:00:00;1988-04-25;1.0;G
1988-04-26 06:00:01;1988-04-27 06:00:00;1988-04-26;0.0;G
1988-04-27 06:00:01;1988-04-28 06:00:00;1988-04-27;0.0;G
1988-04-28 06:00:01;1988-04-29 06:00:00;1988-04-28;0.0;G
1988-04-29 06:00:01;1988-04-30 06:00:00;1988-04-29;0.0;G
1988-04-30 06:00:01;1988-05-01 06:00:00;1988-04-30;0.0;Y
1988-05-01 06:00:01;1988-05-02 06:00:00;1988-05-01;0.0;G
1988-05-02 06:00:01;1988-05-03 06:00:00;1988-05-02;0.0;G
1988-05-03 06:00:01;1988-05-04 06:00:00;1988-05-03;0.1;G
1988-05-04 06:00:01;1988-05-05 06:00:00;1988-05-04;0.2;G
1988-05-05 06:00:01;1988-05-06 06:00:00;1988-05-05;2.2;G
1988-05-06 06:00:01;1988-05-07 06:00:00;1988-05-06;0.0;G
1988-05-07 06:00:01;1988-05-08 06:00:00;1988-05-07;0.2;G
1988-05-08 06:00:01;1988-05-09 06:00:00;1988-05-08;0.0;G
1988-05-09 06:00:01;1988-05-10 06:00:00;1988-05-09;0.0;G
1988-05-10 06:00:01;1988-05-11 06:00:00;1988-05-10;0.0;G
1988-05-11 06:00:01;1988-05-12 06:00:00;1988-05-11;0.0;G
1988-05-12 06:00:01;1988-05-13 06:00:00;1988-05-12;0.0;G
1988-05-13 06:00:01;1988-05-14 06:00:00;1988-05-13;0.0;G
1988-05-14 06:00:01;1988-05-15 06:00:00;1988-05-14;0.0;G
1988-05-15 06:00:01;1988-05-16 06:00:00;1988-05-15;0.0;G
1988-05-16 06:00:01;1988-05-17 06:00:00;1988-05-16;0.0;G
1988-05-17 06:00:01;1988-05-18 06:00:00;1988-05-17;1.0;G
1988-05-18 06:00:01;1988-05-19 06:00:00;1988-05-18;0.0;G
1988-05-19 06:00:01;1988-05-20 06:00:00;1988-05-19;0.0;G
1988-05-20 06:00:01;1988-05-21 06:00:00;1988-05-20;9.0;G
1988-05-21 06:00:01;1988-05-22 06:00:00;1988-05-21;1.0;G
1988-05-22 06:00:01;1988-05-23 06:00:00;1988-05-22;0.4;G
1988-05-23 06:00:01;1988-05-24 06:00:00;1988-05-23;0.0;G
1988-05-24 06:00:01;1988-05-25 06:00:00;1988-05-24;0.0;G
1988-05-25 06:00:01;1988-05-26 06:00:00;1988-05-25;0.0;G
1988-05-26 06:00:01;1988-05-27 06:00:00;1988-05-26;0.0;G
1988-05-27 06:00:01;1988-05-28 06:00:00;1988-05-27;0.0;G
1988-05-28 06:00:01;1988-05-29 06:00:00;1988-05-28;0.0;G
1988-05-29 06:00:01;1988-05-30 06:00:00;1988-05-29;0.0;G
1988-05-30 06:00:01;1988-05-31 06:00:00;1988-05-30;0.0;G
1988-05-31 06:00:01;1988-06-01 06:00:00;1988-05-31;19.0;Y
1988-06-01 06:00:01;1988-06-02 06:00:00;1988-06-01;13.0;G
1988-06-02 06:00:01;1988-06-03 06:00:00;1988-06-02;0.1;G
1988-06-03 06:00:01;1988-06-04 06:00:00;1988-06-03;0.1;G
1988-06-04 06:00:01;1988-06-05 06:00:00;1988-06-04;0.0;G
1988-06-05 06:00:01;1988-06-06 06:00:00;1988-06-05;4.0;G
1988-06-06 06:00:01;1988-06-07 06:00:00;1988-06-06;0.0;G
1988-06-07 06:00:01;1988-06-08 06:00:00;1988-06-07;4.0;G
1988-06-08 06:00:01;1988-06-09 06:00:00;1988-06-08;3.0;G
1988-06-09 06:00:01;1988-06-10 06:00:00;1988-06-09;0.0;G
1988-06-10 06:00:01;1988-06-11 06:00:00;1988-06-10;2.0;G
1988-06-11 06:00:01;1988-06-12 06:00:00;1988-06-11;0.0;G
1988-06-12 06:00:01;1988-06-13 06:00:00;1988-06-12;0.0;G
1988-06-13 06:00:01;1988-06-14 06:00:00;1988-06-13;0.0;G
1988-06-14 06:00:01;1988-06-15 06:00:00;1988-06-14;0.0;G
1988-06-15 06:00:01;1988-06-16 06:00:00;1988-06-15;0.0;G
1988-06-16 06:00:01;1988-06-17 06:00:00;1988-06-16;0.0;G
1988-06-17 06:00:01;1988-06-18 06:00:00;1988-06-17;0.0;G
1988-06-18 06:00:01;1988-06-19 06:00:00;1988-06-18;0.0;G
1988-06-19 06:00:01;1988-06-20 06:00:00;1988-06-19;1.0;G
1988-06-20 06:00:01;1988-06-21 06:00:00;1988-06-20;0.4;G
1988-06-21 06:00:01;1988-06-22 06:00:00;1988-06-21;0.3;G
1988-06-22 06:00:01;1988-06-23 06:00:00;1988-06-22;0.1;G
1988-06-23 06:00:01;1988-06-24 06:00:00;1988-06-23;0.0;G
1988-06-24 06:00:01;1988-06-25 06:00:00;1988-06-24;0.0;G
1988-06-25 06:00:01;1988-06-26 06:00:00;1988-06-25;0.0;G
1988-06-26 06:00:01;1988-06-27 06:00:00;1988-06-26;0.0;G
1988-06-27 06:00:01;1988-06-28 06:00:00;1988-06-27;0.0;G
1988-06-28 06:00:01;1988-06-29 06:00:00;1988-06-28;21.0;G
1988-06-29 06:00:01;1988-06-30 06:00:00;1988-06-29;4.1;G
1988-06-30 06:00:01;1988-07-01 06:00:00;1988-06-30;0.0;Y
1988-07-01 06:00:01;1988-07-02 06:00:00;1988-07-01;0.0;G
1988-07-02 06:00:01;1988-07-03 06:00:00;1988-07-02;3.0;G
1988-07-03 06:00:01;1988-07-04 06:00:00;1988-07-03;0.0;G
1988-07-04 06:00:01;1988-07-05 06:00:00;1988-07-04;1.0;G
1988-07-05 06:00:01;1988-07-06 06:00:00;1988-07-05;0.0;G
1988-07-06 06:00:01;1988-07-07 06:00:00;1988-07-06;3.0;G
1988-07-07 06:00:01;1988-07-08 06:00:00;1988-07-07;0.3;G
1988-07-08 06:00:01;1988-07-09 06:00:00;1988-07-08;0.0;G
1988-07-09 06:00:01;1988-07-10 06:00:00;1988-07-09;0.0;G
1988-07-10 06:00:01;1988-07-11 06:00:00;1988-07-10;0.0;G
1988-07-11 06:00:01;1988-07-12 06:00:00;1988-07-11;2.0;G
1988-07-12 06:00:01;1988-07-13 06:00:00;1988-07-12;9.0;G
1988-07-13 06:00:01;1988-07-14 06:00:00;1988-07-13;0.0;G
1988-07-14 06:00:01;1988-07-15 06:00:00;1988-07-14;0.0;G
1988-07-15 06:00:01;1988-07-16 06:00:00;1988-07-15;2.0;G
1988-07-16 06:00:01;1988-07-17 06:00:00;1988-07-16;12.0;G
1988-07-17 06:00:01;1988-07-18 06:00:00;1988-07-17;6.0;G
1988-07-18 06:00:01;1988-07-19 06:00:00;1988-07-18;9.0;G
1988-07-19 06:00:01;1988-07-20 06:00:00;1988-07-19;2.0;G
1988-07-20 06:00:01;1988-07-21 06:00:00;1988-07-20;0.4;G
1988-07-21 06:00:01;1988-07-22 06:00:00;1988-07-21;0.0;G
1988-07-22 06:00:01;1988-07-23 06:00:00;1988-07-22;0.0;G
1988-07-23 06:00:01;1988-07-24 06:00:00;1988-07-23;0.0;G
1988-07-24 06:00:01;1988-07-25 06:00:00;1988-07-24;19.0;G
1988-07-25 06:00:01;1988-07-26 06:00:00;1988-07-25;14.0;G
1988-07-26 06:00:01;1988-07-27 06:00:00;1988-07-26;7.0;G
1988-07-27 06:00:01;1988-07-28 06:00:00;1988-07-27;0.3;G
1988-07-28 06:00:01;1988-07-29 06:00:00;1988-07-28;0.0;G
1988-07-29 06:00:01;1988-07-30 06:00:00;1988-07-29;0.0;G
1988-07-30 06:00:01;1988-07-31 06:00:00;1988-07-30;2.0;G
1988-07-31 06:00:01;1988-08-01 06:00:00;1988-07-31;18.0;Y
1988-08-01 06:00:01;1988-08-02 06:00:00;1988-08-01;2.1;G
1988-08-02 06:00:01;1988-08-03 06:00:00;1988-08-02;17.0;G
1988-08-03 06:00:01;1988-08-04 06:00:00;1988-08-03;9.0;G
1988-08-04 06:00:01;1988-08-05 06:00:00;1988-08-04;0.0;G
1988-08-05 06:00:01;1988-08-06 06:00:00;1988-08-05;17.3;G
1988-08-06 06:00:01;1988-08-07 06:00:00;1988-08-06;0.0;G
1988-08-07 06:00:01;1988-08-08 06:00:00;1988-08-07;0.0;G
1988-08-08 06:00:01;1988-08-09 06:00:00;1988-08-08;0.0;G
1988-08-09 06:00:01;1988-08-10 06:00:00;1988-08-09;0.0;G
1988-08-10 06:00:01;1988-08-11 06:00:00;1988-08-10;0.0;G
1988-08-11 06:00:01;1988-08-12 06:00:00;1988-08-11;5.0;G
1988-08-12 06:00:01;1988-08-13 06:00:00;1988-08-12;0.0;G
1988-08-13 06:00:01;1988-08-14 06:00:00;1988-08-13;9.0;G
1988-08-14 06:00:01;1988-08-15 06:00:00;1988-08-14;0.0;G
1988-08-15 06:00:01;1988-08-16 06:00:00;1988-08-15;5.0;G
1988-08-16 06:00:01;1988-08-17 06:00:00;1988-08-16;3.0;G
1988-08-17 06:00:01;1988-08-18 06:00:00;1988-08-17;0.3;G
1988-08-18 06:00:01;1988-08-19 06:00:00;1988-08-18;0.0;G
1988-08-19 06:00:01;1988-08-20 06:00:00;1988-08-19;10.0;G
1988-08-20 06:00:01;1988-08-21 06:00:00;1988-08-20;3.2;G
1988-08-21 06:00:01;1988-08-22 06:00:00;1988-08-21;0.4;G
1988-08-22 06:00:01;1988-08-23 06:00:00;1988-08-22;3.0;G
1988-08-23 06:00:01;1988-08-24 06:00:00;1988-08-23;15.0;G
1988-08-24 06:00:01;1988-08-25 06:00:00;1988-08-24;3.0;G
1988-08-25 06:00:01;1988-08-26 06:00:00;1988-08-25;0.0;G
1988-08-26 06:00:01;1988-08-27 06:00:00;1988-08-26;0.0;G
1988-08-27 06:00:01;1988-08-28 06:00:00;1988-08-27;0.0;G
1988-08-28 06:00:01;1988-08-29 06:00:00;1988-08-28;0.0;G
1988-08-29 06:00:01;1988-08-30 06:00:00;1988-08-29;2.0;G
1988-08-30 06:00:01;1988-08-31 06:00:00;1988-08-30;0.0;G
1988-08-31 06:00:01;1988-09-01 06:00:00;1988-08-31;0.0;Y
1988-09-01 06:00:01;1988-09-02 06:00:00;1988-09-01;0.2;G
1988-09-02 06:00:01;1988-09-03 06:00:00;1988-09-02;0.0;G
1988-09-03 06:00:01;1988-09-04 06:00:00;1988-09-03;0.3;G
1988-09-04 06:00:01;1988-09-05 06:00:00;1988-09-04;0.0;G
1988-09-05 06:00:01;1988-09-06 06:00:00;1988-09-05;0.0;G
1988-09-06 06:00:01;1988-09-07 06:00:00;1988-09-06;0.0;G
1988-09-07 06:00:01;1988-09-08 06:00:00;1988-09-07;0.0;G
1988-09-08 06:00:01;1988-09-09 06:00:00;1988-09-08;0.0;G
1988-09-09 06:00:01;1988-09-10 06:00:00;1988-09-09;0.0;G
1988-09-10 06:00:01;1988-09-11 06:00:00;1988-09-10;0.0;G
1988-09-11 06:00:01;1988-09-12 06:00:00;1988-09-11;0.0;G
1988-09-12 06:00:01;1988-09-13 06:00:00;1988-09-12;0.0;G
1988-09-13 06:00:01;1988-09-14 06:00:00;1988-09-13;0.0;G
1988-09-14 06:00:01;1988-09-15 06:00:00;1988-09-14;0.0;G
1988-09-15 06:00:01;1988-09-16 06:00:00;1988-09-15;0.1;G
1988-09-16 06:00:01;1988-09-17 06:00:00;1988-09-16;0.0;G
1988-09-17 06:00:01;1988-09-18 06:00:00;1988-09-17;0.0;G
1988-09-18 06:00:01;1988-09-19 06:00:00;1988-09-18;0.3;G
1988-09-19 06:00:01;1988-09-20 06:00:00;1988-09-19;0.3;G
1988-09-20 06:00:01;1988-09-21 06:00:00;1988-09-20;0.0;G
1988-09-21 06:00:01;1988-09-22 06:00:00;1988-09-21;0.0;G
1988-09-22 06:00:01;1988-09-23 06:00:00;1988-09-22;0.0;G
1988-09-23 06:00:01;1988-09-24 06:00:00;1988-09-23;3.0;G
1988-09-24 06:00:01;1988-09-25 06:00:00;1988-09-24;3.2;G
1988-09-25 06:00:01;1988-09-26 06:00:00;1988-09-25;0.0;G
1988-09-26 06:00:01;1988-09-27 06:00:00;1988-09-26;5.0;G
1988-09-27 06:00:01;1988-09-28 06:00:00;1988-09-27;0.2;G
1988-09-28 06:00:01;1988-09-29 06:00:00;1988-09-28;8.0;G
1988-09-29 06:00:01;1988-09-30 06:00:00;1988-09-29;8.0;G
1988-09-30 06:00:01;1988-10-01 06:00:00;1988-09-30;0.0;Y
1988-10-01 06:00:01;1988-10-02 06:00:00;1988-10-01;0.0;G
1988-10-02 06:00:01;1988-10-03 06:00:00;1988-10-02;0.0;G
1988-10-03 06:00:01;1988-10-04 06:00:00;1988-10-03;0.0;G
1988-10-04 06:00:01;1988-10-05 06:00:00;1988-10-04;0.0;G
1988-10-05 06:00:01;1988-10-06 06:00:00;1988-10-05;0.0;G
1988-10-06 06:00:01;1988-10-07 06:00:00;1988-10-06;7.0;G
1988-10-07 06:00:01;1988-10-08 06:00:00;1988-10-07;1.0;G
1988-10-08 06:00:01;1988-10-09 06:00:00;1988-10-08;0.0;G
1988-10-09 06:00:01;1988-10-10 06:00:00;1988-10-09;5.0;G
1988-10-10 06:00:01;1988-10-11 06:00:00;1988-10-10;0.0;G
1988-10-11 06:00:01;1988-10-12 06:00:00;1988-10-11;0.0;G
1988-10-12 06:00:01;1988-10-13 06:00:00;1988-10-12;0.0;G
1988-10-13 06:00:01;1988-10-14 06:00:00;1988-10-13;1.0;G
1988-10-14 06:00:01;1988-10-15 06:00:00;1988-10-14;0.1;G
1988-10-15 06:00:01;1988-10-16 06:00:00;1988-10-15;0.0;G
1988-10-16 06:00:01;1988-10-17 06:00:00;1988-10-16;0.1;G
1988-10-17 06:00:01;1988-10-18 06:00:00;1988-10-17;0.2;G
1988-10-18 06:00:01;1988-10-19 06:00:00;1988-10-18;0.0;G
1988-10-19 06:00:01;1988-10-20 06:00:00;1988-10-19;0.0;G
1988-10-20 06:00:01;1988-10-21 06:00:00;1988-10-20;0.0;G
1988-10-21 06:00:01;1988-10-22 06:00:00;1988-10-21;0.0;G
1988-10-22 06:00:01;1988-10-23 06:00:00;1988-10-22;0.0;G
1988-10-23 06:00:01;1988-10-24 06:00:00;1988-10-23;0.3;G
1988-10-24 06:00:01;1988-10-25 06:00:00;1988-10-24;0.0;G
1988-10-25 06:00:01;1988-10-26 06:00:00;1988-10-25;0.0;G
1988-10-26 06:00:01;1988-10-27 06:00:00;1988-10-26;5.0;G
1988-10-27 06:00:01;1988-10-28 06:00:00;1988-10-27;20.0;G
1988-10-28 06:00:01;1988-10-29 06:00:00;1988-10-28;21.0;G
1988-10-29 06:00:01;1988-10-30 06:00:00;1988-10-29;0.0;G
1988-10-30 06:00:01;1988-10-31 06:00:00;1988-10-30;0.0;G
1988-10-31 06:00:01;1988-11-01 06:00:00;1988-10-31;0.2;Y
1988-11-01 06:00:01;1988-11-02 06:00:00;1988-11-01;13.0;G
1988-11-02 06:00:01;1988-11-03 06:00:00;1988-11-02;1.0;G
1988-11-03 06:00:01;1988-11-04 06:00:00;1988-11-03;0.0;G
1988-11-04 06:00:01;1988-11-05 06:00:00;1988-11-04;0.0;G
1988-11-05 06:00:01;1988-11-06 06:00:00;1988-11-05;0.4;G
1988-11-06 06:00:01;1988-11-07 06:00:00;1988-11-06;0.0;G
1988-11-07 06:00:01;1988-11-08 06:00:00;1988-11-07;0.0;G
1988-11-08 06:00:01;1988-11-09 06:00:00;1988-11-08;0.0;G
1988-11-09 06:00:01;1988-11-10 06:00:00;1988-11-09;0.0;G
1988-11-10 06:00:01;1988-11-11 06:00:00;1988-11-10;0.0;G
1988-11-11 06:00:01;1988-11-12 06:00:00;1988-11-11;0.0;G
1988-11-12 06:00:01;1988-11-13 06:00:00;1988-11-12;0.0;G
1988-11-13 06:00:01;1988-11-14 06:00:00;1988-11-13;0.0;G
1988-11-14 06:00:01;1988-11-15 06:00:00;1988-11-14;0.0;G
1988-11-15 06:00:01;1988-11-16 06:00:00;1988-11-15;0.0;G
1988-11-16 06:00:01;1988-11-17 06:00:00;1988-11-16;0.0;G
1988-11-17 06:00:01;1988-11-18 06:00:00;1988-11-17;2.0;G
1988-11-18 06:00:01;1988-11-19 06:00:00;1988-11-18;2.0;G
1988-11-19 06:00:01;1988-11-20 06:00:00;1988-11-19;0.0;G
1988-11-20 06:00:01;1988-11-21 06:00:00;1988-11-20;1.0;G
1988-11-21 06:00:01;1988-11-22 06:00:00;1988-11-21;0.0;G
1988-11-22 06:00:01;1988-11-23 06:00:00;1988-11-22;0.0;G
1988-11-23 06:00:01;1988-11-24 06:00:00;1988-11-23;0.0;G
1988-11-24 06:00:01;1988-11-25 06:00:00;1988-11-24;0.0;G
1988-11-25 06:00:01;1988-11-26 06:00:00;1988-11-25;0.0;G
1988-11-26 06:00:01;1988-11-27 06:00:00;1988-11-26;0.0;G
1988-11-27 06:00:01;1988-11-28 06:00:00;1988-11-27;0.0;G
1988-11-28 06:00:01;1988-11-29 06:00:00;1988-11-28;7.0;G
1988-11-29 06:00:01;1988-11-30 06:00:00;1988-11-29;0.5;G
1988-11-30 06:00:01;1988-12-01 06:00:00;1988-11-30;0.2;Y
1988-12-01 06:00:01;1988-12-02 06:00:00;1988-12-01;0.0;G
1988-12-02 06:00:01;1988-12-03 06:00:00;1988-12-02;0.0;G
1988-12-03 06:00:01;1988-12-04 06:00:00;1988-12-03;0.0;G
1988-12-04 06:00:01;1988-12-05 06:00:00;1988-12-04;3.0;G
1988-12-05 06:00:01;1988-12-06 06:00:00;1988-12-05;6.0;G
1988-12-06 06:00:01;1988-12-07 06:00:00;1988-12-06;3.0;G
1988-12-07 06:00:01;1988-12-08 06:00:00;1988-12-07;1.0;G
1988-12-08 06:00:01;1988-12-09 06:00:00;1988-12-08;9.0;G
1988-12-09 06:00:01;1988-12-10 06:00:00;1988-12-09;0.0;G
1988-12-10 06:00:01;1988-12-11 06:00:00;1988-12-10;0.3;G
1988-12-11 06:00:01;1988-12-12 06:00:00;1988-12-11;0.0;G
1988-12-12 06:00:01;1988-12-13 06:00:00;1988-12-12;0.0;G
1988-12-13 06:00:01;1988-12-14 06:00:00;1988-12-13;0.0;G
1988-12-14 06:00:01;1988-12-15 06:00:00;1988-12-14;0.0;G
1988-12-15 06:00:01;1988-12-16 06:00:00;1988-12-15;0.0;G
1988-12-16 06:00:01;1988-12-17 06:00:00;1988-12-16;1.0;G
1988-12-17 06:00:01;1988-12-18 06:00:00;1988-12-17;0.0;G
1988-12-18 06:00:01;1988-12-19 06:00:00;1988-12-18;3.0;G
1988-12-19 06:00:01;1988-12-20 06:00:00;1988-12-19;0.4;G
1988-12-20 06:00:01;1988-12-21 06:00:00;1988-12-20;3.0;G
1988-12-21 06:00:01;1988-12-22 06:00:00;1988-12-21;1.1;G
1988-12-22 06:00:01;1988-12-23 06:00:00;1988-12-22;1.0;G
1988-12-23 06:00:01;1988-12-24 06:00:00;1988-12-23;0.0;G
1988-12-24 06:00:01;1988-12-25 06:00:00;1988-12-24;0.0;G
1988-12-25 06:00:01;1988-12-26 06:00:00;1988-12-25;0.3;G
1988-12-26 06:00:01;1988-12-27 06:00:00;1988-12-26;9.0;G
1988-12-27 06:00:01;1988-12-28 06:00:00;1988-12-27;7.1;G
1988-12-28 06:00:01;1988-12-29 06:00:00;1988-12-28;0.0;G
1988-12-29 06:00:01;1988-12-30 06:00:00;1988-12-29;0.0;G
1988-12-30 06:00:01;1988-12-31 06:00:00;1988-12-30;1.0;G
1988-12-31 06:00:01;1989-01-01 06:00:00;1988-12-31;0.0;Y
1989-01-01 06:00:01;1989-01-02 06:00:00;1989-01-01;1.0;G
1989-01-02 06:00:01;1989-01-03 06:00:00;1989-01-02;0.0;G
1989-01-03 06:00:01;1989-01-04 06:00:00;1989-01-03;0.0;G
1989-01-04 06:00:01;1989-01-05 06:00:00;1989-01-04;0.0;G
1989-01-05 06:00:01;1989-01-06 06:00:00;1989-01-05;0.3;G
1989-01-06 06:00:01;1989-01-07 06:00:00;1989-01-06;0.0;G
1989-01-07 06:00:01;1989-01-08 06:00:00;1989-01-07;0.0;G
1989-01-08 06:00:01;1989-01-09 06:00:00;1989-01-08;0.0;G
1989-01-09 06:00:01;1989-01-10 06:00:00;1989-01-09;1.1;G
1989-01-10 06:00:01;1989-01-11 06:00:00;1989-01-10;0.0;G
1989-01-11 06:00:01;1989-01-12 06:00:00;1989-01-11;0.0;G
1989-01-12 06:00:01;1989-01-13 06:00:00;1989-01-12;2.0;G
1989-01-13 06:00:01;1989-01-14 06:00:00;1989-01-13;2.0;G
1989-01-14 06:00:01;1989-01-15 06:00:00;1989-01-14;1.0;G
1989-01-15 06:00:01;1989-01-16 06:00:00;1989-01-15;0.1;G
1989-01-16 06:00:01;1989-01-17 06:00:00;1989-01-16;0.0;G
1989-01-17 06:00:01;1989-01-18 06:00:00;1989-01-17;0.0;G
1989-01-18 06:00:01;1989-01-19 06:00:00;1989-01-18;0.0;G
1989-01-19 06:00:01;1989-01-20 06:00:00;1989-01-19;0.0;G
1989-01-20 06:00:01;1989-01-21 06:00:00;1989-01-20;0.0;G
1989-01-21 06:00:01;1989-01-22 06:00:00;1989-01-21;0.1;G
1989-01-22 06:00:01;1989-01-23 06:00:00;1989-01-22;0.4;G
1989-01-23 06:00:01;1989-01-24 06:00:00;1989-01-23;0.3;G
1989-01-24 06:00:01;1989-01-25 06:00:00;1989-01-24;0.0;G
1989-01-25 06:00:01;1989-01-26 06:00:00;1989-01-25;0.0;G
1989-01-26 06:00:01;1989-01-27 06:00:00;1989-01-26;0.0;G
1989-01-27 06:00:01;1989-01-28 06:00:00;1989-01-27;0.0;G
1989-01-28 06:00:01;1989-01-29 06:00:00;1989-01-28;0.0;G
1989-01-29 06:00:01;1989-01-30 06:00:00;1989-01-29;0.0;G
1989-01-30 06:00:01;1989-01-31 06:00:00;1989-01-30;0.0;G
1989-01-31 06:00:01;1989-02-01 06:00:00;1989-01-31;0.0;G
1989-02-01 06:00:01;1989-02-02 06:00:00;1989-02-01;0.0;G
1989-02-02 06:00:01;1989-02-03 06:00:00;1989-02-02;0.0;G
1989-02-03 06:00:01;1989-02-04 06:00:00;1989-02-03;0.0;G
1989-02-04 06:00:01;1989-02-05 06:00:00;1989-02-04;0.2;G
1989-02-05 06:00:01;1989-02-06 06:00:00;1989-02-05;1.0;G
1989-02-06 06:00:01;1989-02-07 06:00:00;1989-02-06;0.1;G
1989-02-07 06:00:01;1989-02-08 06:00:00;1989-02-07;1.2;G
1989-02-08 06:00:01;1989-02-09 06:00:00;1989-02-08;0.0;G
1989-02-09 06:00:01;1989-02-10 06:00:00;1989-02-09;0.0;G
1989-02-10 06:00:01;1989-02-11 06:00:00;1989-02-10;0.0;G
1989-02-11 06:00:01;1989-02-12 06:00:00;1989-02-11;0.0;G
1989-02-12 06:00:01;1989-02-13 06:00:00;1989-02-12;0.0;G
1989-02-13 06:00:01;1989-02-14 06:00:00;1989-02-13;0.4;G
1989-02-14 06:00:01;1989-02-15 06:00:00;1989-02-14;5.0;G
1989-02-15 06:00:01;1989-02-16 06:00:00;1989-02-15;2.0;G
1989-02-16 06:00:01;1989-02-17 06:00:00;1989-02-16;0.0;G
1989-02-17 06:00:01;1989-02-18 06:00:00;1989-02-17;0.0;G
1989-02-18 06:00:01;1989-02-19 06:00:00;1989-02-18;2.0;G
1989-02-19 06:00:01;1989-02-20 06:00:00;1989-02-19;3.0;G
1989-02-20 06:00:01;1989-02-21 06:00:00;1989-02-20;0.0;G
1989-02-21 06:00:01;1989-02-22 06:00:00;1989-02-21;0.0;G
1989-02-22 06:00:01;1989-02-23 06:00:00;1989-02-22;0.0;G
1989-02-23 06:00:01;1989-02-24 06:00:00;1989-02-23;2.1;G
1989-02-24 06:00:01;1989-02-25 06:00:00;1989-02-24;0.0;G
1989-02-25 06:00:01;1989-02-26 06:00:00;1989-02-25;2.4;G
1989-02-26 06:00:01;1989-02-27 06:00:00;1989-02-26;3.0;G
1989-02-27 06:00:01;1989-02-28 06:00:00;1989-02-27;2.0;G
1989-02-28 06:00:01;1989-03-01 06:00:00;1989-02-28;0.0;G
1989-03-01 06:00:01;1989-03-02 06:00:00;1989-03-01;0.0;G
1989-03-02 06:00:01;1989-03-03 06:00:00;1989-03-02;0.0;G
1989-03-03 06:00:01;1989-03-04 06:00:00;1989-03-03;0.0;G
1989-03-04 06:00:01;1989-03-05 06:00:00;1989-03-04;0.0;G
1989-03-05 06:00:01;1989-03-06 06:00:00;1989-03-05;2.0;G
1989-03-06 06:00:01;1989-03-07 06:00:00;1989-03-06;0.0;G
1989-03-07 06:00:01;1989-03-08 06:00:00;1989-03-07;0.0;G
1989-03-08 06:00:01;1989-03-09 06:00:00;1989-03-08;0.0;G
1989-03-09 06:00:01;1989-03-10 06:00:00;1989-03-09;0.0;G
1989-03-10 06:00:01;1989-03-11 06:00:00;1989-03-10;4.0;G
1989-03-11 06:00:01;1989-03-12 06:00:00;1989-03-11;7.0;G
1989-03-12 06:00:01;1989-03-13 06:00:00;1989-03-12;0.0;G
1989-03-13 06:00:01;1989-03-14 06:00:00;1989-03-13;4.0;G
1989-03-14 06:00:01;1989-03-15 06:00:00;1989-03-14;0.1;G
1989-03-15 06:00:01;1989-03-16 06:00:00;1989-03-15;0.0;G
1989-03-16 06:00:01;1989-03-17 06:00:00;1989-03-16;3.0;G
1989-03-17 06:00:01;1989-03-18 06:00:00;1989-03-17;0.0;G
1989-03-18 06:00:01;1989-03-19 06:00:00;1989-03-18;0.0;G
1989-03-19 06:00:01;1989-03-20 06:00:00;1989-03-19;0.0;G
1989-03-20 06:00:01;1989-03-21 06:00:00;1989-03-20;2.0;G
1989-03-21 06:00:01;1989-03-22 06:00:00;1989-03-21;5.0;G
1989-03-22 06:00:01;1989-03-23 06:00:00;1989-03-22;3.0;G
1989-03-23 06:00:01;1989-03-24 06:00:00;1989-03-23;3.0;G
1989-03-24 06:00:01;1989-03-25 06:00:00;1989-03-24;4.0;G
1989-03-25 06:00:01;1989-03-26 06:00:00;1989-03-25;6.0;G
1989-03-26 06:00:01;1989-03-27 06:00:00;1989-03-26;0.2;G
1989-03-27 06:00:01;1989-03-28 06:00:00;1989-03-27;0.0;G
1989-03-28 06:00:01;1989-03-29 06:00:00;1989-03-28;0.1;G
1989-03-29 06:00:01;1989-03-30 06:00:00;1989-03-29;0.0;G
1989-03-30 06:00:01;1989-03-31 06:00:00;1989-03-30;2.0;G
1989-03-31 06:00:01;1989-04-01 06:00:00;1989-03-31;1.0;G
1989-04-01 06:00:01;1989-04-02 06:00:00;1989-04-01;0.1;G
1989-04-02 06:00:01;1989-04-03 06:00:00;1989-04-02;0.4;G
1989-04-03 06:00:01;1989-04-04 06:00:00;1989-04-03;0.1;G
1989-04-04 06:00:01;1989-04-05 06:00:00;1989-04-04;0.0;G
1989-04-05 06:00:01;1989-04-06 06:00:00;1989-04-05;0.0;G
1989-04-06 06:00:01;1989-04-07 06:00:00;1989-04-06;0.0;G
1989-04-07 06:00:01;1989-04-08 06:00:00;1989-04-07;5.0;G
1989-04-08 06:00:01;1989-04-09 06:00:00;1989-04-08;0.2;G
1989-04-09 06:00:01;1989-04-10 06:00:00;1989-04-09;3.0;G
1989-04-10 06:00:01;1989-04-11 06:00:00;1989-04-10;0.0;G
1989-04-11 06:00:01;1989-04-12 06:00:00;1989-04-11;0.0;G
1989-04-12 06:00:01;1989-04-13 06:00:00;1989-04-12;0.0;G
1989-04-13 06:00:01;1989-04-14 06:00:00;1989-04-13;0.0;G
1989-04-14 06:00:01;1989-04-15 06:00:00;1989-04-14;0.0;G
1989-04-15 06:00:01;1989-04-16 06:00:00;1989-04-15;0.0;G
1989-04-16 06:00:01;1989-04-17 06:00:00;1989-04-16;1.0;G
1989-04-17 06:00:01;1989-04-18 06:00:00;1989-04-17;2.0;G
1989-04-18 06:00:01;1989-04-19 06:00:00;1989-04-18;5.0;G
1989-04-19 06:00:01;1989-04-20 06:00:00;1989-04-19;3.2;G
1989-04-20 06:00:01;1989-04-21 06:00:00;1989-04-20;0.0;G
1989-04-21 06:00:01;1989-04-22 06:00:00;1989-04-21;0.0;G
1989-04-22 06:00:01;1989-04-23 06:00:00;1989-04-22;2.0;G
1989-04-23 06:00:01;1989-04-24 06:00:00;1989-04-23;0.1;G
1989-04-24 06:00:01;1989-04-25 06:00:00;1989-04-24;1.0;G
1989-04-25 06:00:01;1989-04-26 06:00:00;1989-04-25;4.0;G
1989-04-26 06:00:01;1989-04-27 06:00:00;1989-04-26;1.0;G
1989-04-27 06:00:01;1989-04-28 06:00:00;1989-04-27;10.1;G
1989-04-28 06:00:01;1989-04-29 06:00:00;1989-04-28;0.0;G
1989-04-29 06:00:01;1989-04-30 06:00:00;1989-04-29;0.0;G
1989-04-30 06:00:01;1989-05-01 06:00:00;1989-04-30;0.0;G
1989-05-01 06:00:01;1989-05-02 06:00:00;1989-05-01;0.0;G
1989-05-02 06:00:01;1989-05-03 06:00:00;1989-05-02;0.0;G
1989-05-03 06:00:01;1989-05-04 06:00:00;1989-05-03;0.0;G
1989-05-04 06:00:01;1989-05-05 06:00:00;1989-05-04;1.0;G
1989-05-05 06:00:01;1989-05-06 06:00:00;1989-05-05;0.5;G
1989-05-06 06:00:01;1989-05-07 06:00:00;1989-05-06;0.0;G
1989-05-07 06:00:01;1989-05-08 06:00:00;1989-05-07;0.3;G
1989-05-08 06:00:01;1989-05-09 06:00:00;1989-05-08;0.0;G
1989-05-09 06:00:01;1989-05-10 06:00:00;1989-05-09;5.1;G
1989-05-10 06:00:01;1989-05-11 06:00:00;1989-05-10;0.0;G
1989-05-11 06:00:01;1989-05-12 06:00:00;1989-05-11;0.0;G
1989-05-12 06:00:01;1989-05-13 06:00:00;1989-05-12;9.0;G
1989-05-13 06:00:01;1989-05-14 06:00:00;1989-05-13;1.0;G
1989-05-14 06:00:01;1989-05-15 06:00:00;1989-05-14;3.0;G
1989-05-15 06:00:01;1989-05-16 06:00:00;1989-05-15;0.0;G
1989-05-16 06:00:01;1989-05-17 06:00:00;1989-05-16;0.0;G
1989-05-17 06:00:01;1989-05-18 06:00:00;1989-05-17;0.0;G
1989-05-18 06:00:01;1989-05-19 06:00:00;1989-05-18;0.0;G
1989-05-19 06:00:01;1989-05-20 06:00:00;1989-05-19;0.1;G
1989-05-20 06:00:01;1989-05-21 06:00:00;1989-05-20;0.0;G
1989-05-21 06:00:01;1989-05-22 06:00:00;1989-05-21;0.0;G
1989-05-22 06:00:01;1989-05-23 06:00:00;1989-05-22;0.0;G
1989-05-23 06:00:01;1989-05-24 06:00:00;1989-05-23;0.0;G
1989-05-24 06:00:01;1989-05-25 06:00:00;1989-05-24;0.0;G
1989-05-25 06:00:01;1989-05-26 06:00:00;1989-05-25;0.0;G
1989-05-26 06:00:01;1989-05-27 06:00:00;1989-05-26;0.2;G
1989-05-27 06:00:01;1989-05-28 06:00:00;1989-05-27;0.0;G
1989-05-28 06:00:01;1989-05-29 06:00:00;1989-05-28;0.3;G
1989-05-29 06:00:01;1989-05-30 06:00:00;1989-05-29;0.0;G
1989-05-30 06:00:01;1989-05-31 06:00:00;1989-05-30;4.0;G
1989-05-31 06:00:01;1989-06-01 06:00:00;1989-05-31;9.1;G
1989-06-01 06:00:01;1989-06-02 06:00:00;1989-06-01;2.0;G
1989-06-02 06:00:01;1989-06-03 06:00:00;1989-06-02;0.0;G
1989-06-03 06:00:01;1989-06-04 06:00:00;1989-06-03;3.0;G
1989-06-04 06:00:01;1989-06-05 06:00:00;1989-06-04;2.1;G
1989-06-05 06:00:01;1989-06-06 06:00:00;1989-06-05;0.0;G
1989-06-06 06:00:01;1989-06-07 06:00:00;1989-06-06;0.0;G
1989-06-07 06:00:01;1989-06-08 06:00:00;1989-06-07;21.0;G
1989-06-08 06:00:01;1989-06-09 06:00:00;1989-06-08;0.0;G
1989-06-09 06:00:01;1989-06-10 06:00:00;1989-06-09;0.0;G
1989-06-10 06:00:01;1989-06-11 06:00:00;1989-06-10;0.0;G
1989-06-11 06:00:01;1989-06-12 06:00:00;1989-06-11;0.0;G
1989-06-12 06:00:01;1989-06-13 06:00:00;1989-06-12;0.0;G
1989-06-13 06:00:01;1989-06-14 06:00:00;1989-06-13;0.0;G
1989-06-14 06:00:01;1989-06-15 06:00:00;1989-06-14;0.0;G
1989-06-15 06:00:01;1989-06-16 06:00:00;1989-06-15;0.0;G
1989-06-16 06:00:01;1989-06-17 06:00:00;1989-06-16;0.0;G
1989-06-17 06:00:01;1989-06-18 06:00:00;1989-06-17;0.0;G
1989-06-18 06:00:01;1989-06-19 06:00:00;1989-06-18;0.3;G
1989-06-19 06:00:01;1989-06-20 06:00:00;1989-06-19;0.0;G
1989-06-20 06:00:01;1989-06-21 06:00:00;1989-06-20;0.0;G
1989-06-21 06:00:01;1989-06-22 06:00:00;1989-06-21;6.0;G
1989-06-22 06:00:01;1989-06-23 06:00:00;1989-06-22;0.0;G
1989-06-23 06:00:01;1989-06-24 06:00:00;1989-06-23;0.0;G
1989-06-24 06:00:01;1989-06-25 06:00:00;1989-06-24;0.0;G
1989-06-25 06:00:01;1989-06-26 06:00:00;1989-06-25;0.0;G
1989-06-26 06:00:01;1989-06-27 06:00:00;1989-06-26;0.0;G
1989-06-27 06:00:01;1989-06-28 06:00:00;1989-06-27;0.0;G
1989-06-28 06:00:01;1989-06-29 06:00:00;1989-06-28;0.0;G
1989-06-29 06:00:01;1989-06-30 06:00:00;1989-06-29;0.0;G
1989-06-30 06:00:01;1989-07-01 06:00:00;1989-06-30;0.0;G
1989-07-01 06:00:01;1989-07-02 06:00:00;1989-07-01;0.0;G
1989-07-02 06:00:01;1989-07-03 06:00:00;1989-07-02;0.0;G
1989-07-03 06:00:01;1989-07-04 06:00:00;1989-07-03;0.0;G
1989-07-04 06:00:01;1989-07-05 06:00:00;1989-07-04;0.0;G
1989-07-05 06:00:01;1989-07-06 06:00:00;1989-07-05;0.0;G
1989-07-06 06:00:01;1989-07-07 06:00:00;1989-07-06;0.0;G
1989-07-07 06:00:01;1989-07-08 06:00:00;1989-07-07;0.0;G
1989-07-08 06:00:01;1989-07-09 06:00:00;1989-07-08;0.0;G
1989-07-09 06:00:01;1989-07-10 06:00:00;1989-07-09;0.0;G
1989-07-10 06:00:01;1989-07-11 06:00:00;1989-07-10;0.0;G
1989-07-11 06:00:01;1989-07-12 06:00:00;1989-07-11;0.0;G
1989-07-12 06:00:01;1989-07-13 06:00:00;1989-07-12;0.0;G
1989-07-13 06:00:01;1989-07-14 06:00:00;1989-07-13;4.2;G
1989-07-14 06:00:01;1989-07-15 06:00:00;1989-07-14;0.0;G
1989-07-15 06:00:01;1989-07-16 06:00:00;1989-07-15;1.0;G
1989-07-16 06:00:01;1989-07-17 06:00:00;1989-07-16;3.1;G
1989-07-17 06:00:01;1989-07-18 06:00:00;1989-07-17;0.0;G
1989-07-18 06:00:01;1989-07-19 06:00:00;1989-07-18;0.0;G
1989-07-19 06:00:01;1989-07-20 06:00:00;1989-07-19;0.0;G
1989-07-20 06:00:01;1989-07-21 06:00:00;1989-07-20;0.1;G
1989-07-21 06:00:01;1989-07-22 06:00:00;1989-07-21;0.0;G
1989-07-22 06:00:01;1989-07-23 06:00:00;1989-07-22;0.0;G
1989-07-23 06:00:01;1989-07-24 06:00:00;1989-07-23;0.0;G
1989-07-24 06:00:01;1989-07-25 06:00:00;1989-07-24;0.0;G
1989-07-25 06:00:01;1989-07-26 06:00:00;1989-07-25;0.0;G
1989-07-26 06:00:01;1989-07-27 06:00:00;1989-07-26;0.0;G
1989-07-27 06:00:01;1989-07-28 06:00:00;1989-07-27;4.8;G
1989-07-28 06:00:01;1989-07-29 06:00:00;1989-07-28;0.0;G
1989-07-29 06:00:01;1989-07-30 06:00:00;1989-07-29;0.1;G
1989-07-30 06:00:01;1989-07-31 06:00:00;1989-07-30;0.0;G
1989-07-31 06:00:01;1989-08-01 06:00:00;1989-07-31;0.6;G
1989-08-01 06:00:01;1989-08-02 06:00:00;1989-08-01;0.1;G
1989-08-02 06:00:01;1989-08-03 06:00:00;1989-08-02;0.0;G
1989-08-03 06:00:01;1989-08-04 06:00:00;1989-08-03;7.0;G
1989-08-04 06:00:01;1989-08-05 06:00:00;1989-08-04;3.9;G
1989-08-05 06:00:01;1989-08-06 06:00:00;1989-08-05;2.6;G
1989-08-06 06:00:01;1989-08-07 06:00:00;1989-08-06;0.0;G
1989-08-07 06:00:01;1989-08-08 06:00:00;1989-08-07;0.8;G
1989-08-08 06:00:01;1989-08-09 06:00:00;1989-08-08;0.0;G
1989-08-09 06:00:01;1989-08-10 06:00:00;1989-08-09;0.0;G
1989-08-10 06:00:01;1989-08-11 06:00:00;1989-08-10;0.4;G
1989-08-11 06:00:01;1989-08-12 06:00:00;1989-08-11;2.4;G
1989-08-12 06:00:01;1989-08-13 06:00:00;1989-08-12;0.2;G
1989-08-13 06:00:01;1989-08-14 06:00:00;1989-08-13;0.0;G
1989-08-14 06:00:01;1989-08-15 06:00:00;1989-08-14;0.0;G
1989-08-15 06:00:01;1989-08-16 06:00:00;1989-08-15;11.4;G
1989-08-16 06:00:01;1989-08-17 06:00:00;1989-08-16;3.9;G
1989-08-17 06:00:01;1989-08-18 06:00:00;1989-08-17;6.6;G
1989-08-18 06:00:01;1989-08-19 06:00:00;1989-08-18;2.1;G
1989-08-19 06:00:01;1989-08-20 06:00:00;1989-08-19;0.0;G
1989-08-20 06:00:01;1989-08-21 06:00:00;1989-08-20;1.1;G
1989-08-21 06:00:01;1989-08-22 06:00:00;1989-08-21;0.2;G
1989-08-22 06:00:01;1989-08-23 06:00:00;1989-08-22;0.6;G
1989-08-23 06:00:01;1989-08-24 06:00:00;1989-08-23;0.4;G
1989-08-24 06:00:01;1989-08-25 06:00:00;1989-08-24;7.8;G
1989-08-25 06:00:01;1989-08-26 06:00:00;1989-08-25;1.8;G
1989-08-26 06:00:01;1989-08-27 06:00:00;1989-08-26;0.0;G
1989-08-27 06:00:01;1989-08-28 06:00:00;1989-08-27;0.0;G
1989-08-28 06:00:01;1989-08-29 06:00:00;1989-08-28;0.0;G
1989-08-29 06:00:01;1989-08-30 06:00:00;1989-08-29;0.0;G
1989-08-30 06:00:01;1989-08-31 06:00:00;1989-08-30;0.0;G
1989-08-31 06:00:01;1989-09-01 06:00:00;1989-08-31;1.6;G
1989-09-01 06:00:01;1989-09-02 06:00:00;1989-09-01;2.6;G
1989-09-02 06:00:01;1989-09-03 06:00:00;1989-09-02;0.0;G
1989-09-03 06:00:01;1989-09-04 06:00:00;1989-09-03;0.0;G
1989-09-04 06:00:01;1989-09-05 06:00:00;1989-09-04;0.0;G
1989-09-05 06:00:01;1989-09-06 06:00:00;1989-09-05;0.0;G
1989-09-06 06:00:01;1989-09-07 06:00:00;1989-09-06;0.0;G
1989-09-07 06:00:01;1989-09-08 06:00:00;1989-09-07;0.0;G
1989-09-08 06:00:01;1989-09-09 06:00:00;1989-09-08;0.4;G
1989-09-09 06:00:01;1989-09-10 06:00:00;1989-09-09;0.1;G
1989-09-10 06:00:01;1989-09-11 06:00:00;1989-09-10;0.0;G
1989-09-11 06:00:01;1989-09-12 06:00:00;1989-09-11;0.0;G
1989-09-12 06:00:01;1989-09-13 06:00:00;1989-09-12;0.0;G
1989-09-13 06:00:01;1989-09-14 06:00:00;1989-09-13;0.0;G
1989-09-14 06:00:01;1989-09-15 06:00:00;1989-09-14;0.5;G
1989-09-15 06:00:01;1989-09-16 06:00:00;1989-09-15;0.0;G
1989-09-16 06:00:01;1989-09-17 06:00:00;1989-09-16;2.6;G
1989-09-17 06:00:01;1989-09-18 06:00:00;1989-09-17;8.4;G
1989-09-18 06:00:01;1989-09-19 06:00:00;1989-09-18;0.0;G
1989-09-19 06:00:01;1989-09-20 06:00:00;1989-09-19;2.1;G
1989-09-20 06:00:01;1989-09-21 06:00:00;1989-09-20;0.0;G
1989-09-21 06:00:01;1989-09-22 06:00:00;1989-09-21;0.0;G
1989-09-22 06:00:01;1989-09-23 06:00:00;1989-09-22;0.0;G
1989-09-23 06:00:01;1989-09-24 06:00:00;1989-09-23;0.0;G
1989-09-24 06:00:01;1989-09-25 06:00:00;1989-09-24;0.0;G
1989-09-25 06:00:01;1989-09-26 06:00:00;1989-09-25;0.0;G
1989-09-26 06:00:01;1989-09-27 06:00:00;1989-09-26;0.1;G
1989-09-27 06:00:01;1989-09-28 06:00:00;1989-09-27;0.0;G
1989-09-28 06:00:01;1989-09-29 06:00:00;1989-09-28;0.0;G
1989-09-29 06:00:01;1989-09-30 06:00:00;1989-09-29;0.0;G
1989-09-30 06:00:01;1989-10-01 06:00:00;1989-09-30;0.0;G
1989-10-01 06:00:01;1989-10-02 06:00:00;1989-10-01;0.0;G
1989-10-02 06:00:01;1989-10-03 06:00:00;1989-10-02;6.4;G
1989-10-03 06:00:01;1989-10-04 06:00:00;1989-10-03;0.0;G
1989-10-04 06:00:01;1989-10-05 06:00:00;1989-10-04;0.0;G
1989-10-05 06:00:01;1989-10-06 06:00:00;1989-10-05;0.0;G
1989-10-06 06:00:01;1989-10-07 06:00:00;1989-10-06;0.0;G
1989-10-07 06:00:01;1989-10-08 06:00:00;1989-10-07;0.0;G
1989-10-08 06:00:01;1989-10-09 06:00:00;1989-10-08;0.0;G
1989-10-09 06:00:01;1989-10-10 06:00:00;1989-10-09;0.3;G
1989-10-10 06:00:01;1989-10-11 06:00:00;1989-10-10;0.0;G
1989-10-11 06:00:01;1989-10-12 06:00:00;1989-10-11;0.0;G
1989-10-12 06:00:01;1989-10-13 06:00:00;1989-10-12;2.7;G
1989-10-13 06:00:01;1989-10-14 06:00:00;1989-10-13;0.0;G
1989-10-14 06:00:01;1989-10-15 06:00:00;1989-10-14;0.1;G
1989-10-15 06:00:01;1989-10-16 06:00:00;1989-10-15;0.0;G
1989-10-16 06:00:01;1989-10-17 06:00:00;1989-10-16;4.0;G
1989-10-17 06:00:01;1989-10-18 06:00:00;1989-10-17;0.3;G
1989-10-18 06:00:01;1989-10-19 06:00:00;1989-10-18;0.2;G
1989-10-19 06:00:01;1989-10-20 06:00:00;1989-10-19;0.1;G
1989-10-20 06:00:01;1989-10-21 06:00:00;1989-10-20;1.0;G
1989-10-21 06:00:01;1989-10-22 06:00:00;1989-10-21;16.0;G
1989-10-22 06:00:01;1989-10-23 06:00:00;1989-10-22;5.0;G
1989-10-23 06:00:01;1989-10-24 06:00:00;1989-10-23;0.0;G
1989-10-24 06:00:01;1989-10-25 06:00:00;1989-10-24;0.1;G
1989-10-25 06:00:01;1989-10-26 06:00:00;1989-10-25;0.7;G
1989-10-26 06:00:01;1989-10-27 06:00:00;1989-10-26;0.0;G
1989-10-27 06:00:01;1989-10-28 06:00:00;1989-10-27;0.0;G
1989-10-28 06:00:01;1989-10-29 06:00:00;1989-10-28;0.3;G
1989-10-29 06:00:01;1989-10-30 06:00:00;1989-10-29;16.0;G
1989-10-30 06:00:01;1989-10-31 06:00:00;1989-10-30;5.5;G
1989-10-31 06:00:01;1989-11-01 06:00:00;1989-10-31;0.3;G
1989-11-01 06:00:01;1989-11-02 06:00:00;1989-11-01;0.0;G
1989-11-02 06:00:01;1989-11-03 06:00:00;1989-11-02;0.0;G
1989-11-03 06:00:01;1989-11-04 06:00:00;1989-11-03;7.3;G
1989-11-04 06:00:01;1989-11-05 06:00:00;1989-11-04;1.4;G
1989-11-05 06:00:01;1989-11-06 06:00:00;1989-11-05;10.2;G
1989-11-06 06:00:01;1989-11-07 06:00:00;1989-11-06;0.2;G
1989-11-07 06:00:01;1989-11-08 06:00:00;1989-11-07;5.4;G
1989-11-08 06:00:01;1989-11-09 06:00:00;1989-11-08;0.0;G
1989-11-09 06:00:01;1989-11-10 06:00:00;1989-11-09;0.1;G
1989-11-10 06:00:01;1989-11-11 06:00:00;1989-11-10;0.1;G
1989-11-11 06:00:01;1989-11-12 06:00:00;1989-11-11;0.5;G
1989-11-12 06:00:01;1989-11-13 06:00:00;1989-11-12;0.0;G
1989-11-13 06:00:01;1989-11-14 06:00:00;1989-11-13;0.0;G
1989-11-14 06:00:01;1989-11-15 06:00:00;1989-11-14;2.8;G
1989-11-15 06:00:01;1989-11-16 06:00:00;1989-11-15;0.3;G
1989-11-16 06:00:01;1989-11-17 06:00:00;1989-11-16;0.0;G
1989-11-17 06:00:01;1989-11-18 06:00:00;1989-11-17;0.0;G
1989-11-18 06:00:01;1989-11-19 06:00:00;1989-11-18;0.0;G
1989-11-19 06:00:01;1989-11-20 06:00:00;1989-11-19;0.0;G
1989-11-20 06:00:01;1989-11-21 06:00:00;1989-11-20;0.5;G
1989-11-21 06:00:01;1989-11-22 06:00:00;1989-11-21;2.7;G
1989-11-22 06:00:01;1989-11-23 06:00:00;1989-11-22;1.2;G
1989-11-23 06:00:01;1989-11-24 06:00:00;1989-11-23;0.9;G
1989-11-24 06:00:01;1989-11-25 06:00:00;1989-11-24;0.1;G
1989-11-25 06:00:01;1989-11-26 06:00:00;1989-11-25;0.5;G
1989-11-26 06:00:01;1989-11-27 06:00:00;1989-11-26;0.4;G
1989-11-27 06:00:01;1989-11-28 06:00:00;1989-11-27;4.1;G
1989-11-28 06:00:01;1989-11-29 06:00:00;1989-11-28;0.0;G
1989-11-29 06:00:01;1989-11-30 06:00:00;1989-11-29;0.0;G
1989-11-30 06:00:01;1989-12-01 06:00:00;1989-11-30;0.0;G
1989-12-01 06:00:01;1989-12-02 06:00:00;1989-12-01;0.0;G
1989-12-02 06:00:01;1989-12-03 06:00:00;1989-12-02;0.0;G
1989-12-03 06:00:01;1989-12-04 06:00:00;1989-12-03;0.0;G
1989-12-04 06:00:01;1989-12-05 06:00:00;1989-12-04;0.0;G
1989-12-05 06:00:01;1989-12-06 06:00:00;1989-12-05;0.0;G
1989-12-06 06:00:01;1989-12-07 06:00:00;1989-12-06;4.3;G
1989-12-07 06:00:01;1989-12-08 06:00:00;1989-12-07;0.0;G
1989-12-08 06:00:01;1989-12-09 06:00:00;1989-12-08;0.0;G
1989-12-09 06:00:01;1989-12-10 06:00:00;1989-12-09;0.1;G
1989-12-10 06:00:01;1989-12-11 06:00:00;1989-12-10;3.6;G
1989-12-11 06:00:01;1989-12-12 06:00:00;1989-12-11;0.8;G
1989-12-12 06:00:01;1989-12-13 06:00:00;1989-12-12;2.2;G
1989-12-13 06:00:01;1989-12-14 06:00:00;1989-12-13;0.0;G
1989-12-14 06:00:01;1989-12-15 06:00:00;1989-12-14;0.0;G
1989-12-15 06:00:01;1989-12-16 06:00:00;1989-12-15;0.0;G
1989-12-16 06:00:01;1989-12-17 06:00:00;1989-12-16;4.7;G
1989-12-17 06:00:01;1989-12-18 06:00:00;1989-12-17;2.2;G
1989-12-18 06:00:01;1989-12-19 06:00:00;1989-12-18;2.8;G
1989-12-19 06:00:01;1989-12-20 06:00:00;1989-12-19;2.7;G
1989-12-20 06:00:01;1989-12-21 06:00:00;1989-12-20;0.0;G
1989-12-21 06:00:01;1989-12-22 06:00:00;1989-12-21;3.2;G
1989-12-22 06:00:01;1989-12-23 06:00:00;1989-12-22;0.0;G
1989-12-23 06:00:01;1989-12-24 06:00:00;1989-12-23;3.6;G
1989-12-24 06:00:01;1989-12-25 06:00:00;1989-12-24;0.0;G
1989-12-25 06:00:01;1989-12-26 06:00:00;1989-12-25;0.3;G
1989-12-26 06:00:01;1989-12-27 06:00:00;1989-12-26;0.0;G
1989-12-27 06:00:01;1989-12-28 06:00:00;1989-12-27;0.4;G
1989-12-28 06:00:01;1989-12-29 06:00:00;1989-12-28;0.0;G
1989-12-29 06:00:01;1989-12-30 06:00:00;1989-12-29;0.0;G
1989-12-30 06:00:01;1989-12-31 06:00:00;1989-12-30;0.0;G
1989-12-31 06:00:01;1990-01-01 06:00:00;1989-12-31;0.0;G
1990-01-01 06:00:01;1990-01-02 06:00:00;1990-01-01;0.0;G
1990-01-02 06:00:01;1990-01-03 06:00:00;1990-01-02;0.5;G
1990-01-03 06:00:01;1990-01-04 06:00:00;1990-01-03;0.1;G
1990-01-04 06:00:01;1990-01-05 06:00:00;1990-01-04;0.0;G
1990-01-05 06:00:01;1990-01-06 06:00:00;1990-01-05;0.0;G
1990-01-06 06:00:01;1990-01-07 06:00:00;1990-01-06;0.0;G
1990-01-07 06:00:01;1990-01-08 06:00:00;1990-01-07;0.1;G
1990-01-08 06:00:01;1990-01-09 06:00:00;1990-01-08;0.0;G
1990-01-09 06:00:01;1990-01-10 06:00:00;1990-01-09;0.0;G
1990-01-10 06:00:01;1990-01-11 06:00:00;1990-01-10;6.1;G
1990-01-11 06:00:01;1990-01-12 06:00:00;1990-01-11;0.0;G
1990-01-12 06:00:01;1990-01-13 06:00:00;1990-01-12;3.6;G
1990-01-13 06:00:01;1990-01-14 06:00:00;1990-01-13;1.1;G
1990-01-14 06:00:01;1990-01-15 06:00:00;1990-01-14;0.0;G
1990-01-15 06:00:01;1990-01-16 06:00:00;1990-01-15;8.0;G
1990-01-16 06:00:01;1990-01-17 06:00:00;1990-01-16;0.1;G
1990-01-17 06:00:01;1990-01-18 06:00:00;1990-01-17;1.2;G
1990-01-18 06:00:01;1990-01-19 06:00:00;1990-01-18;0.7;G
1990-01-19 06:00:01;1990-01-20 06:00:00;1990-01-19;3.8;G
1990-01-20 06:00:01;1990-01-21 06:00:00;1990-01-20;0.4;G
1990-01-21 06:00:01;1990-01-22 06:00:00;1990-01-21;0.0;G
1990-01-22 06:00:01;1990-01-23 06:00:00;1990-01-22;3.7;G
1990-01-23 06:00:01;1990-01-24 06:00:00;1990-01-23;7.1;G
1990-01-24 06:00:01;1990-01-25 06:00:00;1990-01-24;0.2;G
1990-01-25 06:00:01;1990-01-26 06:00:00;1990-01-25;3.4;G
1990-01-26 06:00:01;1990-01-27 06:00:00;1990-01-26;7.6;G
1990-01-27 06:00:01;1990-01-28 06:00:00;1990-01-27;0.0;G
1990-01-28 06:00:01;1990-01-29 06:00:00;1990-01-28;5.7;G
1990-01-29 06:00:01;1990-01-30 06:00:00;1990-01-29;1.2;G
1990-01-30 06:00:01;1990-01-31 06:00:00;1990-01-30;0.9;G
1990-01-31 06:00:01;1990-02-01 06:00:00;1990-01-31;2.1;G
1990-02-01 06:00:01;1990-02-02 06:00:00;1990-02-01;0.0;G
1990-02-02 06:00:01;1990-02-03 06:00:00;1990-02-02;0.0;G
1990-02-03 06:00:01;1990-02-04 06:00:00;1990-02-03;0.3;G
1990-02-04 06:00:01;1990-02-05 06:00:00;1990-02-04;1.2;G
1990-02-05 06:00:01;1990-02-06 06:00:00;1990-02-05;0.1;G
1990-02-06 06:00:01;1990-02-07 06:00:00;1990-02-06;0.0;G
1990-02-07 06:00:01;1990-02-08 06:00:00;1990-02-07;3.5;G
1990-02-08 06:00:01;1990-02-09 06:00:00;1990-02-08;3.3;G
1990-02-09 06:00:01;1990-02-10 06:00:00;1990-02-09;0.0;G
1990-02-10 06:00:01;1990-02-11 06:00:00;1990-02-10;0.0;G
1990-02-11 06:00:01;1990-02-12 06:00:00;1990-02-11;1.6;G
1990-02-12 06:00:01;1990-02-13 06:00:00;1990-02-12;0.1;G
1990-02-13 06:00:01;1990-02-14 06:00:00;1990-02-13;2.1;G
1990-02-14 06:00:01;1990-02-15 06:00:00;1990-02-14;2.1;G
1990-02-15 06:00:01;1990-02-16 06:00:00;1990-02-15;0.1;G
1990-02-16 06:00:01;1990-02-17 06:00:00;1990-02-16;0.4;G
1990-02-17 06:00:01;1990-02-18 06:00:00;1990-02-17;0.3;G
1990-02-18 06:00:01;1990-02-19 06:00:00;1990-02-18;2.5;G
1990-02-19 06:00:01;1990-02-20 06:00:00;1990-02-19;1.6;G
1990-02-20 06:00:01;1990-02-21 06:00:00;1990-02-20;0.0;G
1990-02-21 06:00:01;1990-02-22 06:00:00;1990-02-21;0.0;G
1990-02-22 06:00:01;1990-02-23 06:00:00;1990-02-22;0.0;G
1990-02-23 06:00:01;1990-02-24 06:00:00;1990-02-23;0.0;G
1990-02-24 06:00:01;1990-02-25 06:00:00;1990-02-24;12.5;G
1990-02-25 06:00:01;1990-02-26 06:00:00;1990-02-25;1.3;G
1990-02-26 06:00:01;1990-02-27 06:00:00;1990-02-26;18.8;G
1990-02-27 06:00:01;1990-02-28 06:00:00;1990-02-27;3.0;G
1990-02-28 06:00:01;1990-03-01 06:00:00;1990-02-28;0.0;G
1990-03-01 06:00:01;1990-03-02 06:00:00;1990-03-01;0.1;G
1990-03-02 06:00:01;1990-03-03 06:00:00;1990-03-02;0.0;G
1990-03-03 06:00:01;1990-03-04 06:00:00;1990-03-03;0.1;G
1990-03-04 06:00:01;1990-03-05 06:00:00;1990-03-04;9.3;G
1990-03-05 06:00:01;1990-03-06 06:00:00;1990-03-05;0.0;G
1990-03-06 06:00:01;1990-03-07 06:00:00;1990-03-06;0.0;G
1990-03-07 06:00:01;1990-03-08 06:00:00;1990-03-07;0.9;G
1990-03-08 06:00:01;1990-03-09 06:00:00;1990-03-08;0.8;G
1990-03-09 06:00:01;1990-03-10 06:00:00;1990-03-09;5.7;G
1990-03-10 06:00:01;1990-03-11 06:00:00;1990-03-10;0.0;G
1990-03-11 06:00:01;1990-03-12 06:00:00;1990-03-11;8.8;G
1990-03-12 06:00:01;1990-03-13 06:00:00;1990-03-12;0.3;G
1990-03-13 06:00:01;1990-03-14 06:00:00;1990-03-13;0.0;G
1990-03-14 06:00:01;1990-03-15 06:00:00;1990-03-14;0.0;G
1990-03-15 06:00:01;1990-03-16 06:00:00;1990-03-15;1.5;G
1990-03-16 06:00:01;1990-03-17 06:00:00;1990-03-16;0.3;G
1990-03-17 06:00:01;1990-03-18 06:00:00;1990-03-17;0.0;G
1990-03-18 06:00:01;1990-03-19 06:00:00;1990-03-18;0.0;G
1990-03-19 06:00:01;1990-03-20 06:00:00;1990-03-19;0.0;G
1990-03-20 06:00:01;1990-03-21 06:00:00;1990-03-20;0.0;G
1990-03-21 06:00:01;1990-03-22 06:00:00;1990-03-21;6.1;G
1990-03-22 06:00:01;1990-03-23 06:00:00;1990-03-22;0.0;G
1990-03-23 06:00:01;1990-03-24 06:00:00;1990-03-23;1.4;G
1990-03-24 06:00:01;1990-03-25 06:00:00;1990-03-24;0.0;G
1990-03-25 06:00:01;1990-03-26 06:00:00;1990-03-25;0.0;G
1990-03-26 06:00:01;1990-03-27 06:00:00;1990-03-26;0.0;G
1990-03-27 06:00:01;1990-03-28 06:00:00;1990-03-27;0.0;G
1990-03-28 06:00:01;1990-03-29 06:00:00;1990-03-28;0.0;G
1990-03-29 06:00:01;1990-03-30 06:00:00;1990-03-29;0.0;G
1990-03-30 06:00:01;1990-03-31 06:00:00;1990-03-30;0.5;G
1990-03-31 06:00:01;1990-04-01 06:00:00;1990-03-31;0.0;G
1990-04-01 06:00:01;1990-04-02 06:00:00;1990-04-01;0.0;G
1990-04-02 06:00:01;1990-04-03 06:00:00;1990-04-02;8.8;G
1990-04-03 06:00:01;1990-04-04 06:00:00;1990-04-03;3.7;G
1990-04-04 06:00:01;1990-04-05 06:00:00;1990-04-04;0.4;G
1990-04-05 06:00:01;1990-04-06 06:00:00;1990-04-05;0.0;G
1990-04-06 06:00:01;1990-04-07 06:00:00;1990-04-06;9.9;G
1990-04-07 06:00:01;1990-04-08 06:00:00;1990-04-07;0.0;G
1990-04-08 06:00:01;1990-04-09 06:00:00;1990-04-08;0.0;G
1990-04-09 06:00:01;1990-04-10 06:00:00;1990-04-09;0.0;G
1990-04-10 06:00:01;1990-04-11 06:00:00;1990-04-10;0.0;G
1990-04-11 06:00:01;1990-04-12 06:00:00;1990-04-11;0.5;G
1990-04-12 06:00:01;1990-04-13 06:00:00;1990-04-12;0.0;G
1990-04-13 06:00:01;1990-04-14 06:00:00;1990-04-13;0.0;G
1990-04-14 06:00:01;1990-04-15 06:00:00;1990-04-14;0.0;G
1990-04-15 06:00:01;1990-04-16 06:00:00;1990-04-15;0.0;G
1990-04-16 06:00:01;1990-04-17 06:00:00;1990-04-16;0.5;G
1990-04-17 06:00:01;1990-04-18 06:00:00;1990-04-17;0.0;G
1990-04-18 06:00:01;1990-04-19 06:00:00;1990-04-18;0.8;G
1990-04-19 06:00:01;1990-04-20 06:00:00;1990-04-19;0.0;G
1990-04-20 06:00:01;1990-04-21 06:00:00;1990-04-20;0.0;G
1990-04-21 06:00:01;1990-04-22 06:00:00;1990-04-21;0.0;G
1990-04-22 06:00:01;1990-04-23 06:00:00;1990-04-22;0.0;G
1990-04-23 06:00:01;1990-04-24 06:00:00;1990-04-23;0.0;G
1990-04-24 06:00:01;1990-04-25 06:00:00;1990-04-24;0.0;G
1990-04-25 06:00:01;1990-04-26 06:00:00;1990-04-25;0.0;G
1990-04-26 06:00:01;1990-04-27 06:00:00;1990-04-26;1.2;G
1990-04-27 06:00:01;1990-04-28 06:00:00;1990-04-27;2.4;G
1990-04-28 06:00:01;1990-04-29 06:00:00;1990-04-28;0.0;G
1990-04-29 06:00:01;1990-04-30 06:00:00;1990-04-29;0.1;G
1990-04-30 06:00:01;1990-05-01 06:00:00;1990-04-30;0.0;G
1990-05-01 06:00:01;1990-05-02 06:00:00;1990-05-01;0.0;G
1990-05-02 06:00:01;1990-05-03 06:00:00;1990-05-02;0.0;G
1990-05-03 06:00:01;1990-05-04 06:00:00;1990-05-03;0.0;G
1990-05-04 06:00:01;1990-05-05 06:00:00;1990-05-04;0.0;G
1990-05-05 06:00:01;1990-05-06 06:00:00;1990-05-05;0.0;G
1990-05-06 06:00:01;1990-05-07 06:00:00;1990-05-06;0.0;G
1990-05-07 06:00:01;1990-05-08 06:00:00;1990-05-07;0.0;G
1990-05-08 06:00:01;1990-05-09 06:00:00;1990-05-08;0.0;G
1990-05-09 06:00:01;1990-05-10 06:00:00;1990-05-09;0.0;G
1990-05-10 06:00:01;1990-05-11 06:00:00;1990-05-10;0.0;G
1990-05-11 06:00:01;1990-05-12 06:00:00;1990-05-11;0.0;G
1990-05-12 06:00:01;1990-05-13 06:00:00;1990-05-12;0.0;G
1990-05-13 06:00:01;1990-05-14 06:00:00;1990-05-13;0.1;G
1990-05-14 06:00:01;1990-05-15 06:00:00;1990-05-14;7.1;G
1990-05-15 06:00:01;1990-05-16 06:00:00;1990-05-15;0.0;G
1990-05-16 06:00:01;1990-05-17 06:00:00;1990-05-16;1.7;G
1990-05-17 06:00:01;1990-05-18 06:00:00;1990-05-17;0.0;G
1990-05-18 06:00:01;1990-05-19 06:00:00;1990-05-18;0.0;G
1990-05-19 06:00:01;1990-05-20 06:00:00;1990-05-19;0.0;G
1990-05-20 06:00:01;1990-05-21 06:00:00;1990-05-20;0.0;G
1990-05-21 06:00:01;1990-05-22 06:00:00;1990-05-21;0.5;G
1990-05-22 06:00:01;1990-05-23 06:00:00;1990-05-22;0.0;G
1990-05-23 06:00:01;1990-05-24 06:00:00;1990-05-23;4.7;G
1990-05-24 06:00:01;1990-05-25 06:00:00;1990-05-24;3.7;G
1990-05-25 06:00:01;1990-05-26 06:00:00;1990-05-25;2.7;G
1990-05-26 06:00:01;1990-05-27 06:00:00;1990-05-26;3.5;G
1990-05-27 06:00:01;1990-05-28 06:00:00;1990-05-27;1.4;G
1990-05-28 06:00:01;1990-05-29 06:00:00;1990-05-28;0.0;G
1990-05-29 06:00:01;1990-05-30 06:00:00;1990-05-29;2.6;G
1990-05-30 06:00:01;1990-05-31 06:00:00;1990-05-30;0.0;G
1990-05-31 06:00:01;1990-06-01 06:00:00;1990-05-31;0.0;G
1990-06-01 06:00:01;1990-06-02 06:00:00;1990-06-01;0.2;G
1990-06-02 06:00:01;1990-06-03 06:00:00;1990-06-02;0.0;G
1990-06-03 06:00:01;1990-06-04 06:00:00;1990-06-03;0.0;G
1990-06-04 06:00:01;1990-06-05 06:00:00;1990-06-04;0.0;G
1990-06-05 06:00:01;1990-06-06 06:00:00;1990-06-05;0.0;G
1990-06-06 06:00:01;1990-06-07 06:00:00;1990-06-06;0.0;G
1990-06-07 06:00:01;1990-06-08 06:00:00;1990-06-07;0.0;G
1990-06-08 06:00:01;1990-06-09 06:00:00;1990-06-08;0.0;G
1990-06-09 06:00:01;1990-06-10 06:00:00;1990-06-09;0.0;G
1990-06-10 06:00:01;1990-06-11 06:00:00;1990-06-10;0.0;G
1990-06-11 06:00:01;1990-06-12 06:00:00;1990-06-11;0.0;G
1990-06-12 06:00:01;1990-06-13 06:00:00;1990-06-12;0.0;G
1990-06-13 06:00:01;1990-06-14 06:00:00;1990-06-13;0.0;G
1990-06-14 06:00:01;1990-06-15 06:00:00;1990-06-14;0.0;G
1990-06-15 06:00:01;1990-06-16 06:00:00;1990-06-15;0.0;G
1990-06-16 06:00:01;1990-06-17 06:00:00;1990-06-16;1.0;G
1990-06-17 06:00:01;1990-06-18 06:00:00;1990-06-17;0.0;G
1990-06-18 06:00:01;1990-06-19 06:00:00;1990-06-18;8.1;G
1990-06-19 06:00:01;1990-06-20 06:00:00;1990-06-19;0.0;G
1990-06-20 06:00:01;1990-06-21 06:00:00;1990-06-20;0.0;G
1990-06-21 06:00:01;1990-06-22 06:00:00;1990-06-21;0.0;G
1990-06-22 06:00:01;1990-06-23 06:00:00;1990-06-22;4.4;G
1990-06-23 06:00:01;1990-06-24 06:00:00;1990-06-23;3.0;G
1990-06-24 06:00:01;1990-06-25 06:00:00;1990-06-24;0.0;G
1990-06-25 06:00:01;1990-06-26 06:00:00;1990-06-25;0.0;G
1990-06-26 06:00:01;1990-06-27 06:00:00;1990-06-26;0.0;G
1990-06-27 06:00:01;1990-06-28 06:00:00;1990-06-27;0.0;G
1990-06-28 06:00:01;1990-06-29 06:00:00;1990-06-28;8.8;G
1990-06-29 06:00:01;1990-06-30 06:00:00;1990-06-29;0.0;G
1990-06-30 06:00:01;1990-07-01 06:00:00;1990-06-30;0.0;G
1990-07-01 06:00:01;1990-07-02 06:00:00;1990-07-01;14.2;G
1990-07-02 06:00:01;1990-07-03 06:00:00;1990-07-02;1.1;G
1990-07-03 06:00:01;1990-07-04 06:00:00;1990-07-03;0.0;G
1990-07-04 06:00:01;1990-07-05 06:00:00;1990-07-04;0.0;G
1990-07-05 06:00:01;1990-07-06 06:00:00;1990-07-05;23.6;G
1990-07-06 06:00:01;1990-07-07 06:00:00;1990-07-06;2.7;G
1990-07-07 06:00:01;1990-07-08 06:00:00;1990-07-07;1.8;G
1990-07-08 06:00:01;1990-07-09 06:00:00;1990-07-08;2.1;G
1990-07-09 06:00:01;1990-07-10 06:00:00;1990-07-09;0.3;G
1990-07-10 06:00:01;1990-07-11 06:00:00;1990-07-10;0.0;G
1990-07-11 06:00:01;1990-07-12 06:00:00;1990-07-11;2.4;G
1990-07-12 06:00:01;1990-07-13 06:00:00;1990-07-12;0.0;G
1990-07-13 06:00:01;1990-07-14 06:00:00;1990-07-13;0.2;G
1990-07-14 06:00:01;1990-07-15 06:00:00;1990-07-14;0.0;G
1990-07-15 06:00:01;1990-07-16 06:00:00;1990-07-15;0.9;G
1990-07-16 06:00:01;1990-07-17 06:00:00;1990-07-16;13.1;G
1990-07-17 06:00:01;1990-07-18 06:00:00;1990-07-17;0.0;G
1990-07-18 06:00:01;1990-07-19 06:00:00;1990-07-18;5.2;G
1990-07-19 06:00:01;1990-07-20 06:00:00;1990-07-19;5.5;G
1990-07-20 06:00:01;1990-07-21 06:00:00;1990-07-20;0.0;G
1990-07-21 06:00:01;1990-07-22 06:00:00;1990-07-21;7.2;G
1990-07-22 06:00:01;1990-07-23 06:00:00;1990-07-22;0.0;G
1990-07-23 06:00:01;1990-07-24 06:00:00;1990-07-23;0.0;G
1990-07-24 06:00:01;1990-07-25 06:00:00;1990-07-24;0.0;G
1990-07-25 06:00:01;1990-07-26 06:00:00;1990-07-25;0.0;G
1990-07-26 06:00:01;1990-07-27 06:00:00;1990-07-26;0.0;G
1990-07-27 06:00:01;1990-07-28 06:00:00;1990-07-27;0.0;G
1990-07-28 06:00:01;1990-07-29 06:00:00;1990-07-28;0.0;G
1990-07-29 06:00:01;1990-07-30 06:00:00;1990-07-29;8.5;G
1990-07-30 06:00:01;1990-07-31 06:00:00;1990-07-30;0.0;G
1990-07-31 06:00:01;1990-08-01 06:00:00;1990-07-31;8.1;G
1990-08-01 06:00:01;1990-08-02 06:00:00;1990-08-01;0.0;G
1990-08-02 06:00:01;1990-08-03 06:00:00;1990-08-02;0.0;G
1990-08-03 06:00:01;1990-08-04 06:00:00;1990-08-03;0.0;G
1990-08-04 06:00:01;1990-08-05 06:00:00;1990-08-04;0.0;G
1990-08-05 06:00:01;1990-08-06 06:00:00;1990-08-05;0.0;G
1990-08-06 06:00:01;1990-08-07 06:00:00;1990-08-06;1.9;G
1990-08-07 06:00:01;1990-08-08 06:00:00;1990-08-07;0.0;G
1990-08-08 06:00:01;1990-08-09 06:00:00;1990-08-08;0.0;G
1990-08-09 06:00:01;1990-08-10 06:00:00;1990-08-09;0.5;G
1990-08-10 06:00:01;1990-08-11 06:00:00;1990-08-10;0.0;G
1990-08-11 06:00:01;1990-08-12 06:00:00;1990-08-11;0.3;G
1990-08-12 06:00:01;1990-08-13 06:00:00;1990-08-12;0.0;G
1990-08-13 06:00:01;1990-08-14 06:00:00;1990-08-13;8.9;G
1990-08-14 06:00:01;1990-08-15 06:00:00;1990-08-14;0.0;G
1990-08-15 06:00:01;1990-08-16 06:00:00;1990-08-15;0.0;G
1990-08-16 06:00:01;1990-08-17 06:00:00;1990-08-16;1.3;G
1990-08-17 06:00:01;1990-08-18 06:00:00;1990-08-17;0.1;G
1990-08-18 06:00:01;1990-08-19 06:00:00;1990-08-18;0.5;G
1990-08-19 06:00:01;1990-08-20 06:00:00;1990-08-19;0.8;G
1990-08-20 06:00:01;1990-08-21 06:00:00;1990-08-20;0.0;G
1990-08-21 06:00:01;1990-08-22 06:00:00;1990-08-21;0.0;G
1990-08-22 06:00:01;1990-08-23 06:00:00;1990-08-22;2.0;G
1990-08-23 06:00:01;1990-08-24 06:00:00;1990-08-23;0.0;G
1990-08-24 06:00:01;1990-08-25 06:00:00;1990-08-24;2.9;G
1990-08-25 06:00:01;1990-08-26 06:00:00;1990-08-25;16.9;G
1990-08-26 06:00:01;1990-08-27 06:00:00;1990-08-26;0.0;G
1990-08-27 06:00:01;1990-08-28 06:00:00;1990-08-27;0.0;G
1990-08-28 06:00:01;1990-08-29 06:00:00;1990-08-28;0.0;G
1990-08-29 06:00:01;1990-08-30 06:00:00;1990-08-29;0.0;G
1990-08-30 06:00:01;1990-08-31 06:00:00;1990-08-30;0.0;G
1990-08-31 06:00:01;1990-09-01 06:00:00;1990-08-31;0.0;G
1990-09-01 06:00:01;1990-09-02 06:00:00;1990-09-01;7.6;G
1990-09-02 06:00:01;1990-09-03 06:00:00;1990-09-02;1.6;G
1990-09-03 06:00:01;1990-09-04 06:00:00;1990-09-03;0.0;G
1990-09-04 06:00:01;1990-09-05 06:00:00;1990-09-04;0.0;G
1990-09-05 06:00:01;1990-09-06 06:00:00;1990-09-05;0.0;G
1990-09-06 06:00:01;1990-09-07 06:00:00;1990-09-06;12.4;G
1990-09-07 06:00:01;1990-09-08 06:00:00;1990-09-07;6.4;G
1990-09-08 06:00:01;1990-09-09 06:00:00;1990-09-08;1.3;G
1990-09-09 06:00:01;1990-09-10 06:00:00;1990-09-09;12.8;G
1990-09-10 06:00:01;1990-09-11 06:00:00;1990-09-10;0.0;G
1990-09-11 06:00:01;1990-09-12 06:00:00;1990-09-11;0.0;G
1990-09-12 06:00:01;1990-09-13 06:00:00;1990-09-12;2.2;G
1990-09-13 06:00:01;1990-09-14 06:00:00;1990-09-13;0.0;G
1990-09-14 06:00:01;1990-09-15 06:00:00;1990-09-14;0.7;G
1990-09-15 06:00:01;1990-09-16 06:00:00;1990-09-15;3.7;G
1990-09-16 06:00:01;1990-09-17 06:00:00;1990-09-16;0.0;G
1990-09-17 06:00:01;1990-09-18 06:00:00;1990-09-17;0.0;G
1990-09-18 06:00:01;1990-09-19 06:00:00;1990-09-18;0.6;G
1990-09-19 06:00:01;1990-09-20 06:00:00;1990-09-19;16.8;G
1990-09-20 06:00:01;1990-09-21 06:00:00;1990-09-20;5.0;G
1990-09-21 06:00:01;1990-09-22 06:00:00;1990-09-21;17.5;G
1990-09-22 06:00:01;1990-09-23 06:00:00;1990-09-22;26.5;G
1990-09-23 06:00:01;1990-09-24 06:00:00;1990-09-23;0.0;G
1990-09-24 06:00:01;1990-09-25 06:00:00;1990-09-24;0.3;G
1990-09-25 06:00:01;1990-09-26 06:00:00;1990-09-25;6.1;G
1990-09-26 06:00:01;1990-09-27 06:00:00;1990-09-26;1.5;G
1990-09-27 06:00:01;1990-09-28 06:00:00;1990-09-27;0.0;G
1990-09-28 06:00:01;1990-09-29 06:00:00;1990-09-28;1.1;G
1990-09-29 06:00:01;1990-09-30 06:00:00;1990-09-29;1.6;G
1990-09-30 06:00:01;1990-10-01 06:00:00;1990-09-30;0.0;G
1990-10-01 06:00:01;1990-10-02 06:00:00;1990-10-01;0.0;G
1990-10-02 06:00:01;1990-10-03 06:00:00;1990-10-02;2.2;G
1990-10-03 06:00:01;1990-10-04 06:00:00;1990-10-03;0.1;G
1990-10-04 06:00:01;1990-10-05 06:00:00;1990-10-04;9.1;G
1990-10-05 06:00:01;1990-10-06 06:00:00;1990-10-05;6.9;G
1990-10-06 06:00:01;1990-10-07 06:00:00;1990-10-06;0.2;G
1990-10-07 06:00:01;1990-10-08 06:00:00;1990-10-07;11.4;G
1990-10-08 06:00:01;1990-10-09 06:00:00;1990-10-08;1.1;G
1990-10-09 06:00:01;1990-10-10 06:00:00;1990-10-09;0.0;G
1990-10-10 06:00:01;1990-10-11 06:00:00;1990-10-10;0.0;G
1990-10-11 06:00:01;1990-10-12 06:00:00;1990-10-11;0.0;G
1990-10-12 06:00:01;1990-10-13 06:00:00;1990-10-12;0.0;G
1990-10-13 06:00:01;1990-10-14 06:00:00;1990-10-13;0.0;G
1990-10-14 06:00:01;1990-10-15 06:00:00;1990-10-14;0.0;G
1990-10-15 06:00:01;1990-10-16 06:00:00;1990-10-15;0.0;G
1990-10-16 06:00:01;1990-10-17 06:00:00;1990-10-16;0.0;G
1990-10-17 06:00:01;1990-10-18 06:00:00;1990-10-17;0.0;G
1990-10-18 06:00:01;1990-10-19 06:00:00;1990-10-18;4.8;G
1990-10-19 06:00:01;1990-10-20 06:00:00;1990-10-19;1.6;G
1990-10-20 06:00:01;1990-10-21 06:00:00;1990-10-20;0.2;G
1990-10-21 06:00:01;1990-10-22 06:00:00;1990-10-21;0.0;G
1990-10-22 06:00:01;1990-10-23 06:00:00;1990-10-22;0.0;G
1990-10-23 06:00:01;1990-10-24 06:00:00;1990-10-23;0.0;G
1990-10-24 06:00:01;1990-10-25 06:00:00;1990-10-24;0.0;G
1990-10-25 06:00:01;1990-10-26 06:00:00;1990-10-25;0.0;G
1990-10-26 06:00:01;1990-10-27 06:00:00;1990-10-26;0.0;G
1990-10-27 06:00:01;1990-10-28 06:00:00;1990-10-27;0.0;G
1990-10-28 06:00:01;1990-10-29 06:00:00;1990-10-28;0.0;G
1990-10-29 06:00:01;1990-10-30 06:00:00;1990-10-29;6.2;G
1990-10-30 06:00:01;1990-10-31 06:00:00;1990-10-30;7.9;G
1990-10-31 06:00:01;1990-11-01 06:00:00;1990-10-31;6.2;G
1990-11-01 06:00:01;1990-11-02 06:00:00;1990-11-01;3.7;G
1990-11-02 06:00:01;1990-11-03 06:00:00;1990-11-02;0.0;G
1990-11-03 06:00:01;1990-11-04 06:00:00;1990-11-03;0.3;G
1990-11-04 06:00:01;1990-11-05 06:00:00;1990-11-04;0.0;G
1990-11-05 06:00:01;1990-11-06 06:00:00;1990-11-05;0.0;G
1990-11-06 06:00:01;1990-11-07 06:00:00;1990-11-06;0.0;G
1990-11-07 06:00:01;1990-11-08 06:00:00;1990-11-07;0.0;G
1990-11-08 06:00:01;1990-11-09 06:00:00;1990-11-08;0.0;G
1990-11-09 06:00:01;1990-11-10 06:00:00;1990-11-09;0.0;G
1990-11-10 06:00:01;1990-11-11 06:00:00;1990-11-10;0.0;G
1990-11-11 06:00:01;1990-11-12 06:00:00;1990-11-11;0.0;G
1990-11-12 06:00:01;1990-11-13 06:00:00;1990-11-12;0.0;G
1990-11-13 06:00:01;1990-11-14 06:00:00;1990-11-13;3.5;G
1990-11-14 06:00:01;1990-11-15 06:00:00;1990-11-14;8.8;G
1990-11-15 06:00:01;1990-11-16 06:00:00;1990-11-15;1.3;G
1990-11-16 06:00:01;1990-11-17 06:00:00;1990-11-16;14.2;G
1990-11-17 06:00:01;1990-11-18 06:00:00;1990-11-17;2.6;G
1990-11-18 06:00:01;1990-11-19 06:00:00;1990-11-18;0.0;G
1990-11-19 06:00:01;1990-11-20 06:00:00;1990-11-19;0.0;G
1990-11-20 06:00:01;1990-11-21 06:00:00;1990-11-20;0.6;G
1990-11-21 06:00:01;1990-11-22 06:00:00;1990-11-21;0.1;G
1990-11-22 06:00:01;1990-11-23 06:00:00;1990-11-22;0.1;G
1990-11-23 06:00:01;1990-11-24 06:00:00;1990-11-23;0.0;G
1990-11-24 06:00:01;1990-11-25 06:00:00;1990-11-24;2.1;G
1990-11-25 06:00:01;1990-11-26 06:00:00;1990-11-25;6.7;G
1990-11-26 06:00:01;1990-11-27 06:00:00;1990-11-26;0.0;G
1990-11-27 06:00:01;1990-11-28 06:00:00;1990-11-27;0.0;G
1990-11-28 06:00:01;1990-11-29 06:00:00;1990-11-28;0.7;G
1990-11-29 06:00:01;1990-11-30 06:00:00;1990-11-29;0.1;G
1990-11-30 06:00:01;1990-12-01 06:00:00;1990-11-30;0.0;G
1990-12-01 06:00:01;1990-12-02 06:00:00;1990-12-01;0.0;G
1990-12-02 06:00:01;1990-12-03 06:00:00;1990-12-02;0.0;G
1990-12-03 06:00:01;1990-12-04 06:00:00;1990-12-03;0.0;G
1990-12-04 06:00:01;1990-12-05 06:00:00;1990-12-04;0.0;G
1990-12-05 06:00:01;1990-12-06 06:00:00;1990-12-05;0.0;G
1990-12-06 06:00:01;1990-12-07 06:00:00;1990-12-06;0.0;G
1990-12-07 06:00:01;1990-12-08 06:00:00;1990-12-07;0.5;G
1990-12-08 06:00:01;1990-12-09 06:00:00;1990-12-08;0.4;G
1990-12-09 06:00:01;1990-12-10 06:00:00;1990-12-09;0.1;G
1990-12-10 06:00:01;1990-12-11 06:00:00;1990-12-10;0.1;G
1990-12-11 06:00:01;1990-12-12 06:00:00;1990-12-11;1.4;G
1990-12-12 06:00:01;1990-12-13 06:00:00;1990-12-12;0.0;G
1990-12-13 06:00:01;1990-12-14 06:00:00;1990-12-13;0.0;G
1990-12-14 06:00:01;1990-12-15 06:00:00;1990-12-14;0.0;G
1990-12-15 06:00:01;1990-12-16 06:00:00;1990-12-15;0.0;G
1990-12-16 06:00:01;1990-12-17 06:00:00;1990-12-16;0.0;G
1990-12-17 06:00:01;1990-12-18 06:00:00;1990-12-17;0.0;G
1990-12-18 06:00:01;1990-12-19 06:00:00;1990-12-18;0.2;G
1990-12-19 06:00:01;1990-12-20 06:00:00;1990-12-19;0.0;G
1990-12-20 06:00:01;1990-12-21 06:00:00;1990-12-20;0.0;G
1990-12-21 06:00:01;1990-12-22 06:00:00;1990-12-21;0.0;G
1990-12-22 06:00:01;1990-12-23 06:00:00;1990-12-22;0.4;G
1990-12-23 06:00:01;1990-12-24 06:00:00;1990-12-23;0.2;G
1990-12-24 06:00:01;1990-12-25 06:00:00;1990-12-24;0.0;G
1990-12-25 06:00:01;1990-12-26 06:00:00;1990-12-25;0.0;G
1990-12-26 06:00:01;1990-12-27 06:00:00;1990-12-26;0.6;G
1990-12-27 06:00:01;1990-12-28 06:00:00;1990-12-27;0.0;G
1990-12-28 06:00:01;1990-12-29 06:00:00;1990-12-28;0.1;G
1990-12-29 06:00:01;1990-12-30 06:00:00;1990-12-29;9.0;G
1990-12-30 06:00:01;1990-12-31 06:00:00;1990-12-30;0.0;G
1990-12-31 06:00:01;1991-01-01 06:00:00;1990-12-31;0.0;G
1991-01-01 06:00:01;1991-01-02 06:00:00;1991-01-01;0.0;G
1991-01-02 06:00:01;1991-01-03 06:00:00;1991-01-02;7.3;G
1991-01-03 06:00:01;1991-01-04 06:00:00;1991-01-03;0.4;G
1991-01-04 06:00:01;1991-01-05 06:00:00;1991-01-04;5.9;G
1991-01-05 06:00:01;1991-01-06 06:00:00;1991-01-05;2.1;G
1991-01-06 06:00:01;1991-01-07 06:00:00;1991-01-06;0.1;G
1991-01-07 06:00:01;1991-01-08 06:00:00;1991-01-07;1.0;G
1991-01-08 06:00:01;1991-01-09 06:00:00;1991-01-08;2.3;G
1991-01-09 06:00:01;1991-01-10 06:00:00;1991-01-09;5.8;G
1991-01-10 06:00:01;1991-01-11 06:00:00;1991-01-10;8.6;G
1991-01-11 06:00:01;1991-01-12 06:00:00;1991-01-11;0.0;G
1991-01-12 06:00:01;1991-01-13 06:00:00;1991-01-12;1.6;G
1991-01-13 06:00:01;1991-01-14 06:00:00;1991-01-13;0.0;G
1991-01-14 06:00:01;1991-01-15 06:00:00;1991-01-14;0.0;G
1991-01-15 06:00:01;1991-01-16 06:00:00;1991-01-15;0.0;G
1991-01-16 06:00:01;1991-01-17 06:00:00;1991-01-16;0.0;G
1991-01-17 06:00:01;1991-01-18 06:00:00;1991-01-17;0.0;G
1991-01-18 06:00:01;1991-01-19 06:00:00;1991-01-18;0.0;G
1991-01-19 06:00:01;1991-01-20 06:00:00;1991-01-19;0.0;G
1991-01-20 06:00:01;1991-01-21 06:00:00;1991-01-20;2.3;G
1991-01-21 06:00:01;1991-01-22 06:00:00;1991-01-21;0.0;G
1991-01-22 06:00:01;1991-01-23 06:00:00;1991-01-22;0.0;G
1991-01-23 06:00:01;1991-01-24 06:00:00;1991-01-23;0.0;G
1991-01-24 06:00:01;1991-01-25 06:00:00;1991-01-24;0.0;G
1991-01-25 06:00:01;1991-01-26 06:00:00;1991-01-25;0.1;G
1991-01-26 06:00:01;1991-01-27 06:00:00;1991-01-26;2.3;G
1991-01-27 06:00:01;1991-01-28 06:00:00;1991-01-27;0.1;G
1991-01-28 06:00:01;1991-01-29 06:00:00;1991-01-28;0.0;G
1991-01-29 06:00:01;1991-01-30 06:00:00;1991-01-29;0.0;G
1991-01-30 06:00:01;1991-01-31 06:00:00;1991-01-30;0.0;G
1991-01-31 06:00:01;1991-02-01 06:00:00;1991-01-31;0.0;G
1991-02-01 06:00:01;1991-02-02 06:00:00;1991-02-01;0.0;G
1991-02-02 06:00:01;1991-02-03 06:00:00;1991-02-02;0.6;G
1991-02-03 06:00:01;1991-02-04 06:00:00;1991-02-03;0.0;G
1991-02-04 06:00:01;1991-02-05 06:00:00;1991-02-04;0.0;G
1991-02-05 06:00:01;1991-02-06 06:00:00;1991-02-05;0.0;G
1991-02-06 06:00:01;1991-02-07 06:00:00;1991-02-06;0.0;G
1991-02-07 06:00:01;1991-02-08 06:00:00;1991-02-07;0.0;G
1991-02-08 06:00:01;1991-02-09 06:00:00;1991-02-08;0.1;G
1991-02-09 06:00:01;1991-02-10 06:00:00;1991-02-09;0.0;G
1991-02-10 06:00:01;1991-02-11 06:00:00;1991-02-10;0.0;G
1991-02-11 06:00:01;1991-02-12 06:00:00;1991-02-11;0.1;G
1991-02-12 06:00:01;1991-02-13 06:00:00;1991-02-12;1.8;G
1991-02-13 06:00:01;1991-02-14 06:00:00;1991-02-13;1.1;G
1991-02-14 06:00:01;1991-02-15 06:00:00;1991-02-14;1.3;G
1991-02-15 06:00:01;1991-02-16 06:00:00;1991-02-15;0.2;G
1991-02-16 06:00:01;1991-02-17 06:00:00;1991-02-16;0.0;G
1991-02-17 06:00:01;1991-02-18 06:00:00;1991-02-17;1.8;G
1991-02-18 06:00:01;1991-02-19 06:00:00;1991-02-18;0.0;G
1991-02-19 06:00:01;1991-02-20 06:00:00;1991-02-19;1.2;G
1991-02-20 06:00:01;1991-02-21 06:00:00;1991-02-20;0.0;G
1991-02-21 06:00:01;1991-02-22 06:00:00;1991-02-21;0.0;G
1991-02-22 06:00:01;1991-02-23 06:00:00;1991-02-22;0.0;G
1991-02-23 06:00:01;1991-02-24 06:00:00;1991-02-23;7.4;G
1991-02-24 06:00:01;1991-02-25 06:00:00;1991-02-24;0.0;G
1991-02-25 06:00:01;1991-02-26 06:00:00;1991-02-25;0.1;G
1991-02-26 06:00:01;1991-02-27 06:00:00;1991-02-26;0.0;G
1991-02-27 06:00:01;1991-02-28 06:00:00;1991-02-27;0.0;G
1991-02-28 06:00:01;1991-03-01 06:00:00;1991-02-28;0.4;G
1991-03-01 06:00:01;1991-03-02 06:00:00;1991-03-01;0.0;G
1991-03-02 06:00:01;1991-03-03 06:00:00;1991-03-02;0.4;G
1991-03-03 06:00:01;1991-03-04 06:00:00;1991-03-03;4.3;G
1991-03-04 06:00:01;1991-03-05 06:00:00;1991-03-04;0.1;G
1991-03-05 06:00:01;1991-03-06 06:00:00;1991-03-05;0.0;G
1991-03-06 06:00:01;1991-03-07 06:00:00;1991-03-06;0.1;G
1991-03-07 06:00:01;1991-03-08 06:00:00;1991-03-07;0.0;G
1991-03-08 06:00:01;1991-03-09 06:00:00;1991-03-08;0.0;G
1991-03-09 06:00:01;1991-03-10 06:00:00;1991-03-09;0.0;G
1991-03-10 06:00:01;1991-03-11 06:00:00;1991-03-10;0.1;G
1991-03-11 06:00:01;1991-03-12 06:00:00;1991-03-11;0.0;G
1991-03-12 06:00:01;1991-03-13 06:00:00;1991-03-12;0.0;G
1991-03-13 06:00:01;1991-03-14 06:00:00;1991-03-13;8.8;G
1991-03-14 06:00:01;1991-03-15 06:00:00;1991-03-14;3.6;G
1991-03-15 06:00:01;1991-03-16 06:00:00;1991-03-15;0.0;G
1991-03-16 06:00:01;1991-03-17 06:00:00;1991-03-16;0.0;G
1991-03-17 06:00:01;1991-03-18 06:00:00;1991-03-17;0.0;G
1991-03-18 06:00:01;1991-03-19 06:00:00;1991-03-18;2.1;G
1991-03-19 06:00:01;1991-03-20 06:00:00;1991-03-19;3.8;G
1991-03-20 06:00:01;1991-03-21 06:00:00;1991-03-20;1.9;G
1991-03-21 06:00:01;1991-03-22 06:00:00;1991-03-21;5.1;G
1991-03-22 06:00:01;1991-03-23 06:00:00;1991-03-22;0.9;G
1991-03-23 06:00:01;1991-03-24 06:00:00;1991-03-23;0.6;G
1991-03-24 06:00:01;1991-03-25 06:00:00;1991-03-24;0.1;G
1991-03-25 06:00:01;1991-03-26 06:00:00;1991-03-25;0.0;G
1991-03-26 06:00:01;1991-03-27 06:00:00;1991-03-26;0.1;G
1991-03-27 06:00:01;1991-03-28 06:00:00;1991-03-27;0.0;G
1991-03-28 06:00:01;1991-03-29 06:00:00;1991-03-28;0.0;G
1991-03-29 06:00:01;1991-03-30 06:00:00;1991-03-29;0.0;G
1991-03-30 06:00:01;1991-03-31 06:00:00;1991-03-30;1.1;G
1991-03-31 06:00:01;1991-04-01 06:00:00;1991-03-31;1.0;G
1991-04-01 06:00:01;1991-04-02 06:00:00;1991-04-01;0.9;G
1991-04-02 06:00:01;1991-04-03 06:00:00;1991-04-02;0.0;G
1991-04-03 06:00:01;1991-04-04 06:00:00;1991-04-03;0.2;G
1991-04-04 06:00:01;1991-04-05 06:00:00;1991-04-04;0.0;G
1991-04-05 06:00:01;1991-04-06 06:00:00;1991-04-05;0.0;G
1991-04-06 06:00:01;1991-04-07 06:00:00;1991-04-06;0.6;G
1991-04-07 06:00:01;1991-04-08 06:00:00;1991-04-07;0.0;G
1991-04-08 06:00:01;1991-04-09 06:00:00;1991-04-08;0.7;G
1991-04-09 06:00:01;1991-04-10 06:00:00;1991-04-09;0.0;G
1991-04-10 06:00:01;1991-04-11 06:00:00;1991-04-10;0.0;G
1991-04-11 06:00:01;1991-04-12 06:00:00;1991-04-11;0.0;G
1991-04-12 06:00:01;1991-04-13 06:00:00;1991-04-12;0.0;G
1991-04-13 06:00:01;1991-04-14 06:00:00;1991-04-13;0.0;G
1991-04-14 06:00:01;1991-04-15 06:00:00;1991-04-14;0.0;G
1991-04-15 06:00:01;1991-04-16 06:00:00;1991-04-15;0.0;G
1991-04-16 06:00:01;1991-04-17 06:00:00;1991-04-16;1.1;G
1991-04-17 06:00:01;1991-04-18 06:00:00;1991-04-17;0.7;G
1991-04-18 06:00:01;1991-04-19 06:00:00;1991-04-18;0.1;G
1991-04-19 06:00:01;1991-04-20 06:00:00;1991-04-19;0.0;G
1991-04-20 06:00:01;1991-04-21 06:00:00;1991-04-20;0.0;G
1991-04-21 06:00:01;1991-04-22 06:00:00;1991-04-21;0.0;G
1991-04-22 06:00:01;1991-04-23 06:00:00;1991-04-22;0.0;G
1991-04-23 06:00:01;1991-04-24 06:00:00;1991-04-23;0.8;G
1991-04-24 06:00:01;1991-04-25 06:00:00;1991-04-24;0.0;G
1991-04-25 06:00:01;1991-04-26 06:00:00;1991-04-25;0.0;G
1991-04-26 06:00:01;1991-04-27 06:00:00;1991-04-26;3.0;G
1991-04-27 06:00:01;1991-04-28 06:00:00;1991-04-27;0.0;G
1991-04-28 06:00:01;1991-04-29 06:00:00;1991-04-28;0.0;G
1991-04-29 06:00:01;1991-04-30 06:00:00;1991-04-29;8.0;G
1991-04-30 06:00:01;1991-05-01 06:00:00;1991-04-30;4.9;G
1991-05-01 06:00:01;1991-05-02 06:00:00;1991-05-01;12.2;G
1991-05-02 06:00:01;1991-05-03 06:00:00;1991-05-02;0.7;G
1991-05-03 06:00:01;1991-05-04 06:00:00;1991-05-03;6.3;G
1991-05-04 06:00:01;1991-05-05 06:00:00;1991-05-04;0.6;G
1991-05-05 06:00:01;1991-05-06 06:00:00;1991-05-05;0.0;G
1991-05-06 06:00:01;1991-05-07 06:00:00;1991-05-06;0.0;G
1991-05-07 06:00:01;1991-05-08 06:00:00;1991-05-07;0.0;G
1991-05-08 06:00:01;1991-05-09 06:00:00;1991-05-08;0.0;G
1991-05-09 06:00:01;1991-05-10 06:00:00;1991-05-09;0.0;G
1991-05-10 06:00:01;1991-05-11 06:00:00;1991-05-10;0.0;G
1991-05-11 06:00:01;1991-05-12 06:00:00;1991-05-11;0.0;G
1991-05-12 06:00:01;1991-05-13 06:00:00;1991-05-12;0.0;G
1991-05-13 06:00:01;1991-05-14 06:00:00;1991-05-13;0.1;G
1991-05-14 06:00:01;1991-05-15 06:00:00;1991-05-14;13.1;G
1991-05-15 06:00:01;1991-05-16 06:00:00;1991-05-15;5.8;G
1991-05-16 06:00:01;1991-05-17 06:00:00;1991-05-16;11.1;G
1991-05-17 06:00:01;1991-05-18 06:00:00;1991-05-17;0.1;G
1991-05-18 06:00:01;1991-05-19 06:00:00;1991-05-18;0.0;G
1991-05-19 06:00:01;1991-05-20 06:00:00;1991-05-19;1.1;G
1991-05-20 06:00:01;1991-05-21 06:00:00;1991-05-20;2.1;G
1991-05-21 06:00:01;1991-05-22 06:00:00;1991-05-21;0.0;G
1991-05-22 06:00:01;1991-05-23 06:00:00;1991-05-22;2.1;G
1991-05-23 06:00:01;1991-05-24 06:00:00;1991-05-23;0.0;G
1991-05-24 06:00:01;1991-05-25 06:00:00;1991-05-24;0.0;G
1991-05-25 06:00:01;1991-05-26 06:00:00;1991-05-25;7.1;G
1991-05-26 06:00:01;1991-05-27 06:00:00;1991-05-26;0.3;G
1991-05-27 06:00:01;1991-05-28 06:00:00;1991-05-27;0.0;G
1991-05-28 06:00:01;1991-05-29 06:00:00;1991-05-28;0.0;G
1991-05-29 06:00:01;1991-05-30 06:00:00;1991-05-29;0.0;G
1991-05-30 06:00:01;1991-05-31 06:00:00;1991-05-30;0.0;G
1991-05-31 06:00:01;1991-06-01 06:00:00;1991-05-31;0.0;G
1991-06-01 06:00:01;1991-06-02 06:00:00;1991-06-01;0.3;G
1991-06-02 06:00:01;1991-06-03 06:00:00;1991-06-02;1.1;G
1991-06-03 06:00:01;1991-06-04 06:00:00;1991-06-03;1.7;G
1991-06-04 06:00:01;1991-06-05 06:00:00;1991-06-04;13.5;G
1991-06-05 06:00:01;1991-06-06 06:00:00;1991-06-05;0.2;G
1991-06-06 06:00:01;1991-06-07 06:00:00;1991-06-06;0.0;G
1991-06-07 06:00:01;1991-06-08 06:00:00;1991-06-07;1.0;G
1991-06-08 06:00:01;1991-06-09 06:00:00;1991-06-08;4.3;G
1991-06-09 06:00:01;1991-06-10 06:00:00;1991-06-09;1.6;G
1991-06-10 06:00:01;1991-06-11 06:00:00;1991-06-10;6.8;G
1991-06-11 06:00:01;1991-06-12 06:00:00;1991-06-11;0.0;G
1991-06-12 06:00:01;1991-06-13 06:00:00;1991-06-12;4.4;G
1991-06-13 06:00:01;1991-06-14 06:00:00;1991-06-13;1.4;G
1991-06-14 06:00:01;1991-06-15 06:00:00;1991-06-14;0.1;G
1991-06-15 06:00:01;1991-06-16 06:00:00;1991-06-15;4.9;G
1991-06-16 06:00:01;1991-06-17 06:00:00;1991-06-16;0.1;G
1991-06-17 06:00:01;1991-06-18 06:00:00;1991-06-17;5.0;G
1991-06-18 06:00:01;1991-06-19 06:00:00;1991-06-18;18.0;G
1991-06-19 06:00:01;1991-06-20 06:00:00;1991-06-19;0.0;G
1991-06-20 06:00:01;1991-06-21 06:00:00;1991-06-20;0.0;G
1991-06-21 06:00:01;1991-06-22 06:00:00;1991-06-21;0.0;G
1991-06-22 06:00:01;1991-06-23 06:00:00;1991-06-22;0.5;G
1991-06-23 06:00:01;1991-06-24 06:00:00;1991-06-23;0.2;G
1991-06-24 06:00:01;1991-06-25 06:00:00;1991-06-24;8.7;G
1991-06-25 06:00:01;1991-06-26 06:00:00;1991-06-25;0.0;G
1991-06-26 06:00:01;1991-06-27 06:00:00;1991-06-26;3.9;G
1991-06-27 06:00:01;1991-06-28 06:00:00;1991-06-27;0.4;G
1991-06-28 06:00:01;1991-06-29 06:00:00;1991-06-28;12.0;G
1991-06-29 06:00:01;1991-06-30 06:00:00;1991-06-29;6.8;G
1991-06-30 06:00:01;1991-07-01 06:00:00;1991-06-30;0.3;G
1991-07-01 06:00:01;1991-07-02 06:00:00;1991-07-01;0.6;G
1991-07-02 06:00:01;1991-07-03 06:00:00;1991-07-02;0.0;G
1991-07-03 06:00:01;1991-07-04 06:00:00;1991-07-03;0.0;G
1991-07-04 06:00:01;1991-07-05 06:00:00;1991-07-04;0.0;G
1991-07-05 06:00:01;1991-07-06 06:00:00;1991-07-05;0.0;G
1991-07-06 06:00:01;1991-07-07 06:00:00;1991-07-06;0.0;G
1991-07-07 06:00:01;1991-07-08 06:00:00;1991-07-07;0.0;G
1991-07-08 06:00:01;1991-07-09 06:00:00;1991-07-08;0.0;G
1991-07-09 06:00:01;1991-07-10 06:00:00;1991-07-09;0.0;G
1991-07-10 06:00:01;1991-07-11 06:00:00;1991-07-10;1.9;G
1991-07-11 06:00:01;1991-07-12 06:00:00;1991-07-11;0.0;G
1991-07-12 06:00:01;1991-07-13 06:00:00;1991-07-12;0.0;G
1991-07-13 06:00:01;1991-07-14 06:00:00;1991-07-13;5.2;G
1991-07-14 06:00:01;1991-07-15 06:00:00;1991-07-14;0.5;G
1991-07-15 06:00:01;1991-07-16 06:00:00;1991-07-15;0.0;G
1991-07-16 06:00:01;1991-07-17 06:00:00;1991-07-16;10.5;G
1991-07-17 06:00:01;1991-07-18 06:00:00;1991-07-17;4.8;G
1991-07-18 06:00:01;1991-07-19 06:00:00;1991-07-18;1.4;G
1991-07-19 06:00:01;1991-07-20 06:00:00;1991-07-19;19.4;G
1991-07-20 06:00:01;1991-07-21 06:00:00;1991-07-20;0.0;G
1991-07-21 06:00:01;1991-07-22 06:00:00;1991-07-21;5.4;G
1991-07-22 06:00:01;1991-07-23 06:00:00;1991-07-22;0.0;G
1991-07-23 06:00:01;1991-07-24 06:00:00;1991-07-23;0.0;G
1991-07-24 06:00:01;1991-07-25 06:00:00;1991-07-24;0.0;G
1991-07-25 06:00:01;1991-07-26 06:00:00;1991-07-25;0.0;G
1991-07-26 06:00:01;1991-07-27 06:00:00;1991-07-26;0.1;G
1991-07-27 06:00:01;1991-07-28 06:00:00;1991-07-27;0.0;G
1991-07-28 06:00:01;1991-07-29 06:00:00;1991-07-28;0.0;G
1991-07-29 06:00:01;1991-07-30 06:00:00;1991-07-29;0.0;G
1991-07-30 06:00:01;1991-07-31 06:00:00;1991-07-30;0.0;G
1991-07-31 06:00:01;1991-08-01 06:00:00;1991-07-31;0.0;G
1991-08-01 06:00:01;1991-08-02 06:00:00;1991-08-01;0.0;G
1991-08-02 06:00:01;1991-08-03 06:00:00;1991-08-02;0.0;G
1991-08-03 06:00:01;1991-08-04 06:00:00;1991-08-03;2.6;G
1991-08-04 06:00:01;1991-08-05 06:00:00;1991-08-04;10.5;G
1991-08-05 06:00:01;1991-08-06 06:00:00;1991-08-05;0.0;G
1991-08-06 06:00:01;1991-08-07 06:00:00;1991-08-06;12.7;G
1991-08-07 06:00:01;1991-08-08 06:00:00;1991-08-07;7.0;G
1991-08-08 06:00:01;1991-08-09 06:00:00;1991-08-08;16.8;G
1991-08-09 06:00:01;1991-08-10 06:00:00;1991-08-09;0.0;G
1991-08-10 06:00:01;1991-08-11 06:00:00;1991-08-10;10.5;G
1991-08-11 06:00:01;1991-08-12 06:00:00;1991-08-11;1.0;G
1991-08-12 06:00:01;1991-08-13 06:00:00;1991-08-12;1.0;G
1991-08-13 06:00:01;1991-08-14 06:00:00;1991-08-13;0.0;G
1991-08-14 06:00:01;1991-08-15 06:00:00;1991-08-14;0.0;G
1991-08-15 06:00:01;1991-08-16 06:00:00;1991-08-15;0.0;G
1991-08-16 06:00:01;1991-08-17 06:00:00;1991-08-16;4.6;G
1991-08-17 06:00:01;1991-08-18 06:00:00;1991-08-17;1.7;G
1991-08-18 06:00:01;1991-08-19 06:00:00;1991-08-18;9.7;G
1991-08-19 06:00:01;1991-08-20 06:00:00;1991-08-19;3.4;G
1991-08-20 06:00:01;1991-08-21 06:00:00;1991-08-20;5.9;G
1991-08-21 06:00:01;1991-08-22 06:00:00;1991-08-21;0.0;G
1991-08-22 06:00:01;1991-08-23 06:00:00;1991-08-22;0.0;G
1991-08-23 06:00:01;1991-08-24 06:00:00;1991-08-23;0.0;G
1991-08-24 06:00:01;1991-08-25 06:00:00;1991-08-24;4.8;G
1991-08-25 06:00:01;1991-08-26 06:00:00;1991-08-25;11.9;G
1991-08-26 06:00:01;1991-08-27 06:00:00;1991-08-26;0.0;G
1991-08-27 06:00:01;1991-08-28 06:00:00;1991-08-27;12.5;G
1991-08-28 06:00:01;1991-08-29 06:00:00;1991-08-28;2.0;G
1991-08-29 06:00:01;1991-08-30 06:00:00;1991-08-29;0.0;G
1991-08-30 06:00:01;1991-08-31 06:00:00;1991-08-30;0.0;G
1991-08-31 06:00:01;1991-09-01 06:00:00;1991-08-31;0.0;G
1991-09-01 06:00:01;1991-09-02 06:00:00;1991-09-01;0.0;G
1991-09-02 06:00:01;1991-09-03 06:00:00;1991-09-02;0.0;G
1991-09-03 06:00:01;1991-09-04 06:00:00;1991-09-03;0.0;G
1991-09-04 06:00:01;1991-09-05 06:00:00;1991-09-04;0.0;G
1991-09-05 06:00:01;1991-09-06 06:00:00;1991-09-05;0.0;G
1991-09-06 06:00:01;1991-09-07 06:00:00;1991-09-06;7.8;G
1991-09-07 06:00:01;1991-09-08 06:00:00;1991-09-07;0.0;G
1991-09-08 06:00:01;1991-09-09 06:00:00;1991-09-08;0.0;G
1991-09-09 06:00:01;1991-09-10 06:00:00;1991-09-09;0.0;G
1991-09-10 06:00:01;1991-09-11 06:00:00;1991-09-10;2.3;G
1991-09-11 06:00:01;1991-09-12 06:00:00;1991-09-11;2.1;G
1991-09-12 06:00:01;1991-09-13 06:00:00;1991-09-12;0.0;G
1991-09-13 06:00:01;1991-09-14 06:00:00;1991-09-13;0.0;G
1991-09-14 06:00:01;1991-09-15 06:00:00;1991-09-14;3.4;G
1991-09-15 06:00:01;1991-09-16 06:00:00;1991-09-15;0.2;G
1991-09-16 06:00:01;1991-09-17 06:00:00;1991-09-16;0.0;G
1991-09-17 06:00:01;1991-09-18 06:00:00;1991-09-17;0.3;G
1991-09-18 06:00:01;1991-09-19 06:00:00;1991-09-18;4.5;G
1991-09-19 06:00:01;1991-09-20 06:00:00;1991-09-19;0.0;G
1991-09-20 06:00:01;1991-09-21 06:00:00;1991-09-20;0.2;G
1991-09-21 06:00:01;1991-09-22 06:00:00;1991-09-21;0.0;G
1991-09-22 06:00:01;1991-09-23 06:00:00;1991-09-22;10.3;G
1991-09-23 06:00:01;1991-09-24 06:00:00;1991-09-23;7.8;G
1991-09-24 06:00:01;1991-09-25 06:00:00;1991-09-24;2.7;G
1991-09-25 06:00:01;1991-09-26 06:00:00;1991-09-25;0.0;G
1991-09-26 06:00:01;1991-09-27 06:00:00;1991-09-26;12.5;G
1991-09-27 06:00:01;1991-09-28 06:00:00;1991-09-27;0.1;G
1991-09-28 06:00:01;1991-09-29 06:00:00;1991-09-28;0.0;G
1991-09-29 06:00:01;1991-09-30 06:00:00;1991-09-29;5.3;G
1991-09-30 06:00:01;1991-10-01 06:00:00;1991-09-30;5.5;G
1991-10-01 06:00:01;1991-10-02 06:00:00;1991-10-01;1.8;G
1991-10-02 06:00:01;1991-10-03 06:00:00;1991-10-02;0.2;G
1991-10-03 06:00:01;1991-10-04 06:00:00;1991-10-03;2.1;G
1991-10-04 06:00:01;1991-10-05 06:00:00;1991-10-04;0.0;G
1991-10-05 06:00:01;1991-10-06 06:00:00;1991-10-05;0.7;G
1991-10-06 06:00:01;1991-10-07 06:00:00;1991-10-06;0.1;G
1991-10-07 06:00:01;1991-10-08 06:00:00;1991-10-07;0.0;G
1991-10-08 06:00:01;1991-10-09 06:00:00;1991-10-08;0.0;G
1991-10-09 06:00:01;1991-10-10 06:00:00;1991-10-09;0.1;G
1991-10-10 06:00:01;1991-10-11 06:00:00;1991-10-10;0.4;G
1991-10-11 06:00:01;1991-10-12 06:00:00;1991-10-11;0.2;G
1991-10-12 06:00:01;1991-10-13 06:00:00;1991-10-12;0.0;G
1991-10-13 06:00:01;1991-10-14 06:00:00;1991-10-13;0.0;G
1991-10-14 06:00:01;1991-10-15 06:00:00;1991-10-14;2.2;G
1991-10-15 06:00:01;1991-10-16 06:00:00;1991-10-15;0.6;G
1991-10-16 06:00:01;1991-10-17 06:00:00;1991-10-16;1.8;G
1991-10-17 06:00:01;1991-10-18 06:00:00;1991-10-17;3.1;G
1991-10-18 06:00:01;1991-10-19 06:00:00;1991-10-18;3.7;G
1991-10-19 06:00:01;1991-10-20 06:00:00;1991-10-19;1.7;G
1991-10-20 06:00:01;1991-10-21 06:00:00;1991-10-20;0.0;G
1991-10-21 06:00:01;1991-10-22 06:00:00;1991-10-21;0.0;G
1991-10-22 06:00:01;1991-10-23 06:00:00;1991-10-22;0.0;G
1991-10-23 06:00:01;1991-10-24 06:00:00;1991-10-23;0.4;G
1991-10-24 06:00:01;1991-10-25 06:00:00;1991-10-24;0.5;G
1991-10-25 06:00:01;1991-10-26 06:00:00;1991-10-25;0.0;G
1991-10-26 06:00:01;1991-10-27 06:00:00;1991-10-26;0.4;G
1991-10-27 06:00:01;1991-10-28 06:00:00;1991-10-27;3.6;G
1991-10-28 06:00:01;1991-10-29 06:00:00;1991-10-28;1.0;G
1991-10-29 06:00:01;1991-10-30 06:00:00;1991-10-29;0.0;G
1991-10-30 06:00:01;1991-10-31 06:00:00;1991-10-30;0.0;G
1991-10-31 06:00:01;1991-11-01 06:00:00;1991-10-31;0.0;G
1991-11-01 06:00:01;1991-11-02 06:00:00;1991-11-01;0.0;G
1991-11-02 06:00:01;1991-11-03 06:00:00;1991-11-02;6.9;G
1991-11-03 06:00:01;1991-11-04 06:00:00;1991-11-03;6.0;G
1991-11-04 06:00:01;1991-11-05 06:00:00;1991-11-04;0.0;G
1991-11-05 06:00:01;1991-11-06 06:00:00;1991-11-05;2.0;G
1991-11-06 06:00:01;1991-11-07 06:00:00;1991-11-06;0.0;G
1991-11-07 06:00:01;1991-11-08 06:00:00;1991-11-07;0.6;G
1991-11-08 06:00:01;1991-11-09 06:00:00;1991-11-08;2.3;G
1991-11-09 06:00:01;1991-11-10 06:00:00;1991-11-09;0.0;G
1991-11-10 06:00:01;1991-11-11 06:00:00;1991-11-10;0.2;G
1991-11-11 06:00:01;1991-11-12 06:00:00;1991-11-11;6.8;G
1991-11-12 06:00:01;1991-11-13 06:00:00;1991-11-12;0.0;G
1991-11-13 06:00:01;1991-11-14 06:00:00;1991-11-13;6.6;G
1991-11-14 06:00:01;1991-11-15 06:00:00;1991-11-14;0.0;G
1991-11-15 06:00:01;1991-11-16 06:00:00;1991-11-15;0.0;G
1991-11-16 06:00:01;1991-11-17 06:00:00;1991-11-16;0.0;G
1991-11-17 06:00:01;1991-11-18 06:00:00;1991-11-17;0.0;G
1991-11-18 06:00:01;1991-11-19 06:00:00;1991-11-18;0.0;G
1991-11-19 06:00:01;1991-11-20 06:00:00;1991-11-19;0.1;G
1991-11-20 06:00:01;1991-11-21 06:00:00;1991-11-20;0.0;G
1991-11-21 06:00:01;1991-11-22 06:00:00;1991-11-21;2.5;G
1991-11-22 06:00:01;1991-11-23 06:00:00;1991-11-22;0.2;G
1991-11-23 06:00:01;1991-11-24 06:00:00;1991-11-23;0.1;G
1991-11-24 06:00:01;1991-11-25 06:00:00;1991-11-24;0.0;G
1991-11-25 06:00:01;1991-11-26 06:00:00;1991-11-25;0.0;G
1991-11-26 06:00:01;1991-11-27 06:00:00;1991-11-26;0.0;G
1991-11-27 06:00:01;1991-11-28 06:00:00;1991-11-27;0.0;G
1991-11-28 06:00:01;1991-11-29 06:00:00;1991-11-28;0.0;G
1991-11-29 06:00:01;1991-11-30 06:00:00;1991-11-29;0.0;G
1991-11-30 06:00:01;1991-12-01 06:00:00;1991-11-30;0.0;G
1991-12-01 06:00:01;1991-12-02 06:00:00;1991-12-01;0.0;G
1991-12-02 06:00:01;1991-12-03 06:00:00;1991-12-02;0.0;G
1991-12-03 06:00:01;1991-12-04 06:00:00;1991-12-03;0.0;G
1991-12-04 06:00:01;1991-12-05 06:00:00;1991-12-04;0.0;G
1991-12-05 06:00:01;1991-12-06 06:00:00;1991-12-05;0.2;G
1991-12-06 06:00:01;1991-12-07 06:00:00;1991-12-06;0.0;G
1991-12-07 06:00:01;1991-12-08 06:00:00;1991-12-07;1.1;G
1991-12-08 06:00:01;1991-12-09 06:00:00;1991-12-08;0.0;G
1991-12-09 06:00:01;1991-12-10 06:00:00;1991-12-09;0.0;G
1991-12-10 06:00:01;1991-12-11 06:00:00;1991-12-10;0.0;G
1991-12-11 06:00:01;1991-12-12 06:00:00;1991-12-11;0.0;G
1991-12-12 06:00:01;1991-12-13 06:00:00;1991-12-12;0.0;G
1991-12-13 06:00:01;1991-12-14 06:00:00;1991-12-13;4.4;G
1991-12-14 06:00:01;1991-12-15 06:00:00;1991-12-14;1.6;G
1991-12-15 06:00:01;1991-12-16 06:00:00;1991-12-15;2.5;G
1991-12-16 06:00:01;1991-12-17 06:00:00;1991-12-16;0.0;G
1991-12-17 06:00:01;1991-12-18 06:00:00;1991-12-17;4.2;G
1991-12-18 06:00:01;1991-12-19 06:00:00;1991-12-18;1.4;G
1991-12-19 06:00:01;1991-12-20 06:00:00;1991-12-19;2.6;G
1991-12-20 06:00:01;1991-12-21 06:00:00;1991-12-20;1.7;G
1991-12-21 06:00:01;1991-12-22 06:00:00;1991-12-21;0.0;G
1991-12-22 06:00:01;1991-12-23 06:00:00;1991-12-22;2.4;G
1991-12-23 06:00:01;1991-12-24 06:00:00;1991-12-23;0.1;G
1991-12-24 06:00:01;1991-12-25 06:00:00;1991-12-24;0.0;G
1991-12-25 06:00:01;1991-12-26 06:00:00;1991-12-25;5.0;G
1991-12-26 06:00:01;1991-12-27 06:00:00;1991-12-26;4.1;G
1991-12-27 06:00:01;1991-12-28 06:00:00;1991-12-27;0.0;G
1991-12-28 06:00:01;1991-12-29 06:00:00;1991-12-28;0.0;G
1991-12-29 06:00:01;1991-12-30 06:00:00;1991-12-29;0.0;G
1991-12-30 06:00:01;1991-12-31 06:00:00;1991-12-30;0.0;G
1991-12-31 06:00:01;1992-01-01 06:00:00;1991-12-31;0.2;G
1992-01-01 06:00:01;1992-01-02 06:00:00;1992-01-01;0.1;G
1992-01-02 06:00:01;1992-01-03 06:00:00;1992-01-02;0.9;G
1992-01-03 06:00:01;1992-01-04 06:00:00;1992-01-03;0.0;G
1992-01-04 06:00:01;1992-01-05 06:00:00;1992-01-04;0.0;G
1992-01-05 06:00:01;1992-01-06 06:00:00;1992-01-05;0.0;G
1992-01-06 06:00:01;1992-01-07 06:00:00;1992-01-06;1.5;G
1992-01-07 06:00:01;1992-01-08 06:00:00;1992-01-07;0.4;G
1992-01-08 06:00:01;1992-01-09 06:00:00;1992-01-08;2.5;G
1992-01-09 06:00:01;1992-01-10 06:00:00;1992-01-09;0.3;G
1992-01-10 06:00:01;1992-01-11 06:00:00;1992-01-10;2.0;G
1992-01-11 06:00:01;1992-01-12 06:00:00;1992-01-11;0.0;G
1992-01-12 06:00:01;1992-01-13 06:00:00;1992-01-12;0.0;G
1992-01-13 06:00:01;1992-01-14 06:00:00;1992-01-13;0.1;G
1992-01-14 06:00:01;1992-01-15 06:00:00;1992-01-14;0.0;G
1992-01-15 06:00:01;1992-01-16 06:00:00;1992-01-15;0.0;G
1992-01-16 06:00:01;1992-01-17 06:00:00;1992-01-16;0.5;G
1992-01-17 06:00:01;1992-01-18 06:00:00;1992-01-17;0.0;G
1992-01-18 06:00:01;1992-01-19 06:00:00;1992-01-18;0.0;G
1992-01-19 06:00:01;1992-01-20 06:00:00;1992-01-19;0.0;G
1992-01-20 06:00:01;1992-01-21 06:00:00;1992-01-20;0.0;G
1992-01-21 06:00:01;1992-01-22 06:00:00;1992-01-21;0.0;G
1992-01-22 06:00:01;1992-01-23 06:00:00;1992-01-22;0.0;G
1992-01-23 06:00:01;1992-01-24 06:00:00;1992-01-23;0.0;G
1992-01-24 06:00:01;1992-01-25 06:00:00;1992-01-24;0.0;G
1992-01-25 06:00:01;1992-01-26 06:00:00;1992-01-25;0.4;G
1992-01-26 06:00:01;1992-01-27 06:00:00;1992-01-26;0.0;G
1992-01-27 06:00:01;1992-01-28 06:00:00;1992-01-27;1.1;G
1992-01-28 06:00:01;1992-01-29 06:00:00;1992-01-28;0.0;G
1992-01-29 06:00:01;1992-01-30 06:00:00;1992-01-29;0.0;G
1992-01-30 06:00:01;1992-01-31 06:00:00;1992-01-30;0.0;G
1992-01-31 06:00:01;1992-02-01 06:00:00;1992-01-31;0.0;G
1992-02-01 06:00:01;1992-02-02 06:00:00;1992-02-01;0.0;G
1992-02-02 06:00:01;1992-02-03 06:00:00;1992-02-02;1.6;G
1992-02-03 06:00:01;1992-02-04 06:00:00;1992-02-03;6.8;G
1992-02-04 06:00:01;1992-02-05 06:00:00;1992-02-04;0.0;G
1992-02-05 06:00:01;1992-02-06 06:00:00;1992-02-05;0.0;G
1992-02-06 06:00:01;1992-02-07 06:00:00;1992-02-06;1.5;G
1992-02-07 06:00:01;1992-02-08 06:00:00;1992-02-07;0.0;G
1992-02-08 06:00:01;1992-02-09 06:00:00;1992-02-08;0.0;G
1992-02-09 06:00:01;1992-02-10 06:00:00;1992-02-09;0.0;G
1992-02-10 06:00:01;1992-02-11 06:00:00;1992-02-10;1.2;G
1992-02-11 06:00:01;1992-02-12 06:00:00;1992-02-11;0.0;G
1992-02-12 06:00:01;1992-02-13 06:00:00;1992-02-12;0.0;G
1992-02-13 06:00:01;1992-02-14 06:00:00;1992-02-13;6.9;G
1992-02-14 06:00:01;1992-02-15 06:00:00;1992-02-14;3.5;G
1992-02-15 06:00:01;1992-02-16 06:00:00;1992-02-15;0.3;G
1992-02-16 06:00:01;1992-02-17 06:00:00;1992-02-16;0.6;G
1992-02-17 06:00:01;1992-02-18 06:00:00;1992-02-17;0.2;G
1992-02-18 06:00:01;1992-02-19 06:00:00;1992-02-18;0.0;G
1992-02-19 06:00:01;1992-02-20 06:00:00;1992-02-19;0.0;G
1992-02-20 06:00:01;1992-02-21 06:00:00;1992-02-20;0.0;G
1992-02-21 06:00:01;1992-02-22 06:00:00;1992-02-21;0.0;G
1992-02-22 06:00:01;1992-02-23 06:00:00;1992-02-22;4.6;G
1992-02-23 06:00:01;1992-02-24 06:00:00;1992-02-23;2.7;G
1992-02-24 06:00:01;1992-02-25 06:00:00;1992-02-24;0.0;G
1992-02-25 06:00:01;1992-02-26 06:00:00;1992-02-25;0.0;G
1992-02-26 06:00:01;1992-02-27 06:00:00;1992-02-26;0.0;G
1992-02-27 06:00:01;1992-02-28 06:00:00;1992-02-27;0.0;G
1992-02-28 06:00:01;1992-02-29 06:00:00;1992-02-28;0.2;G
1992-02-29 06:00:01;1992-03-01 06:00:00;1992-02-29;0.0;G
1992-03-01 06:00:01;1992-03-02 06:00:00;1992-03-01;0.0;G
1992-03-02 06:00:01;1992-03-03 06:00:00;1992-03-02;2.7;G
1992-03-03 06:00:01;1992-03-04 06:00:00;1992-03-03;4.1;G
1992-03-04 06:00:01;1992-03-05 06:00:00;1992-03-04;0.0;G
1992-03-05 06:00:01;1992-03-06 06:00:00;1992-03-05;0.0;G
1992-03-06 06:00:01;1992-03-07 06:00:00;1992-03-06;0.0;G
1992-03-07 06:00:01;1992-03-08 06:00:00;1992-03-07;0.0;G
1992-03-08 06:00:01;1992-03-09 06:00:00;1992-03-08;0.0;G
1992-03-09 06:00:01;1992-03-10 06:00:00;1992-03-09;0.0;G
1992-03-10 06:00:01;1992-03-11 06:00:00;1992-03-10;0.9;G
1992-03-11 06:00:01;1992-03-12 06:00:00;1992-03-11;2.7;G
1992-03-12 06:00:01;1992-03-13 06:00:00;1992-03-12;2.9;G
1992-03-13 06:00:01;1992-03-14 06:00:00;1992-03-13;4.9;G
1992-03-14 06:00:01;1992-03-15 06:00:00;1992-03-14;0.0;G
1992-03-15 06:00:01;1992-03-16 06:00:00;1992-03-15;0.0;G
1992-03-16 06:00:01;1992-03-17 06:00:00;1992-03-16;0.0;G
1992-03-17 06:00:01;1992-03-18 06:00:00;1992-03-17;3.5;G
1992-03-18 06:00:01;1992-03-19 06:00:00;1992-03-18;0.0;G
1992-03-19 06:00:01;1992-03-20 06:00:00;1992-03-19;0.0;G
1992-03-20 06:00:01;1992-03-21 06:00:00;1992-03-20;0.3;G
1992-03-21 06:00:01;1992-03-22 06:00:00;1992-03-21;0.1;G
1992-03-22 06:00:01;1992-03-23 06:00:00;1992-03-22;0.5;G
1992-03-23 06:00:01;1992-03-24 06:00:00;1992-03-23;1.5;G
1992-03-24 06:00:01;1992-03-25 06:00:00;1992-03-24;0.4;G
1992-03-25 06:00:01;1992-03-26 06:00:00;1992-03-25;0.0;G
1992-03-26 06:00:01;1992-03-27 06:00:00;1992-03-26;0.0;G
1992-03-27 06:00:01;1992-03-28 06:00:00;1992-03-27;1.1;G
1992-03-28 06:00:01;1992-03-29 06:00:00;1992-03-28;0.3;G
1992-03-29 06:00:01;1992-03-30 06:00:00;1992-03-29;0.5;G
1992-03-30 06:00:01;1992-03-31 06:00:00;1992-03-30;0.1;G
1992-03-31 06:00:01;1992-04-01 06:00:00;1992-03-31;0.0;G
1992-04-01 06:00:01;1992-04-02 06:00:00;1992-04-01;10.7;G
1992-04-02 06:00:01;1992-04-03 06:00:00;1992-04-02;1.4;G
1992-04-03 06:00:01;1992-04-04 06:00:00;1992-04-03;0.0;G
1992-04-04 06:00:01;1992-04-05 06:00:00;1992-04-04;5.3;G
1992-04-05 06:00:01;1992-04-06 06:00:00;1992-04-05;6.9;G
1992-04-06 06:00:01;1992-04-07 06:00:00;1992-04-06;0.0;G
1992-04-07 06:00:01;1992-04-08 06:00:00;1992-04-07;0.0;G
1992-04-08 06:00:01;1992-04-09 06:00:00;1992-04-08;0.0;G
1992-04-09 06:00:01;1992-04-10 06:00:00;1992-04-09;0.0;G
1992-04-10 06:00:01;1992-04-11 06:00:00;1992-04-10;1.1;G
1992-04-11 06:00:01;1992-04-12 06:00:00;1992-04-11;0.0;G
1992-04-12 06:00:01;1992-04-13 06:00:00;1992-04-12;1.5;G
1992-04-13 06:00:01;1992-04-14 06:00:00;1992-04-13;13.3;G
1992-04-14 06:00:01;1992-04-15 06:00:00;1992-04-14;2.0;G
1992-04-15 06:00:01;1992-04-16 06:00:00;1992-04-15;0.3;G
1992-04-16 06:00:01;1992-04-17 06:00:00;1992-04-16;4.5;G
1992-04-17 06:00:01;1992-04-18 06:00:00;1992-04-17;0.0;G
1992-04-18 06:00:01;1992-04-19 06:00:00;1992-04-18;3.9;G
1992-04-19 06:00:01;1992-04-20 06:00:00;1992-04-19;0.2;G
1992-04-20 06:00:01;1992-04-21 06:00:00;1992-04-20;0.0;G
1992-04-21 06:00:01;1992-04-22 06:00:00;1992-04-21;0.1;G
1992-04-22 06:00:01;1992-04-23 06:00:00;1992-04-22;0.0;G
1992-04-23 06:00:01;1992-04-24 06:00:00;1992-04-23;0.0;G
1992-04-24 06:00:01;1992-04-25 06:00:00;1992-04-24;0.0;G
1992-04-25 06:00:01;1992-04-26 06:00:00;1992-04-25;10.5;G
1992-04-26 06:00:01;1992-04-27 06:00:00;1992-04-26;0.1;G
1992-04-27 06:00:01;1992-04-28 06:00:00;1992-04-27;11.5;G
1992-04-28 06:00:01;1992-04-29 06:00:00;1992-04-28;0.1;G
1992-04-29 06:00:01;1992-04-30 06:00:00;1992-04-29;4.1;G
1992-04-30 06:00:01;1992-05-01 06:00:00;1992-04-30;0.0;G
1992-05-01 06:00:01;1992-05-02 06:00:00;1992-05-01;0.2;G
1992-05-02 06:00:01;1992-05-03 06:00:00;1992-05-02;0.1;G
1992-05-03 06:00:01;1992-05-04 06:00:00;1992-05-03;3.4;G
1992-05-04 06:00:01;1992-05-05 06:00:00;1992-05-04;0.0;G
1992-05-05 06:00:01;1992-05-06 06:00:00;1992-05-05;0.0;G
1992-05-06 06:00:01;1992-05-07 06:00:00;1992-05-06;0.0;G
1992-05-07 06:00:01;1992-05-08 06:00:00;1992-05-07;0.0;G
1992-05-08 06:00:01;1992-05-09 06:00:00;1992-05-08;0.2;G
1992-05-09 06:00:01;1992-05-10 06:00:00;1992-05-09;5.9;G
1992-05-10 06:00:01;1992-05-11 06:00:00;1992-05-10;0.0;G
1992-05-11 06:00:01;1992-05-12 06:00:00;1992-05-11;0.2;G
1992-05-12 06:00:01;1992-05-13 06:00:00;1992-05-12;6.9;G
1992-05-13 06:00:01;1992-05-14 06:00:00;1992-05-13;0.0;G
1992-05-14 06:00:01;1992-05-15 06:00:00;1992-05-14;0.0;G
1992-05-15 06:00:01;1992-05-16 06:00:00;1992-05-15;0.0;G
1992-05-16 06:00:01;1992-05-17 06:00:00;1992-05-16;0.0;G
1992-05-17 06:00:01;1992-05-18 06:00:00;1992-05-17;0.0;G
1992-05-18 06:00:01;1992-05-19 06:00:00;1992-05-18;0.0;G
1992-05-19 06:00:01;1992-05-20 06:00:00;1992-05-19;0.0;G
1992-05-20 06:00:01;1992-05-21 06:00:00;1992-05-20;0.0;G
1992-05-21 06:00:01;1992-05-22 06:00:00;1992-05-21;0.0;G
1992-05-22 06:00:01;1992-05-23 06:00:00;1992-05-22;0.0;G
1992-05-23 06:00:01;1992-05-24 06:00:00;1992-05-23;6.6;G
1992-05-24 06:00:01;1992-05-25 06:00:00;1992-05-24;1.8;G
1992-05-25 06:00:01;1992-05-26 06:00:00;1992-05-25;0.0;G
1992-05-26 06:00:01;1992-05-27 06:00:00;1992-05-26;0.0;G
1992-05-27 06:00:01;1992-05-28 06:00:00;1992-05-27;0.0;G
1992-05-28 06:00:01;1992-05-29 06:00:00;1992-05-28;0.0;G
1992-05-29 06:00:01;1992-05-30 06:00:00;1992-05-29;0.2;G
1992-05-30 06:00:01;1992-05-31 06:00:00;1992-05-30;0.0;G
1992-05-31 06:00:01;1992-06-01 06:00:00;1992-05-31;2.2;G
1992-06-01 06:00:01;1992-06-02 06:00:00;1992-06-01;0.0;G
1992-06-02 06:00:01;1992-06-03 06:00:00;1992-06-02;0.0;G
1992-06-03 06:00:01;1992-06-04 06:00:00;1992-06-03;0.0;G
1992-06-04 06:00:01;1992-06-05 06:00:00;1992-06-04;0.0;G
1992-06-05 06:00:01;1992-06-06 06:00:00;1992-06-05;0.0;G
1992-06-06 06:00:01;1992-06-07 06:00:00;1992-06-06;0.0;G
1992-06-07 06:00:01;1992-06-08 06:00:00;1992-06-07;0.0;G
1992-06-08 06:00:01;1992-06-09 06:00:00;1992-06-08;0.0;G
1992-06-09 06:00:01;1992-06-10 06:00:00;1992-06-09;0.0;G
1992-06-10 06:00:01;1992-06-11 06:00:00;1992-06-10;0.0;G
1992-06-11 06:00:01;1992-06-12 06:00:00;1992-06-11;0.6;G
1992-06-12 06:00:01;1992-06-13 06:00:00;1992-06-12;5.2;G
1992-06-13 06:00:01;1992-06-14 06:00:00;1992-06-13;4.5;G
1992-06-14 06:00:01;1992-06-15 06:00:00;1992-06-14;12.8;G
1992-06-15 06:00:01;1992-06-16 06:00:00;1992-06-15;0.0;G
1992-06-16 06:00:01;1992-06-17 06:00:00;1992-06-16;0.0;G
1992-06-17 06:00:01;1992-06-18 06:00:00;1992-06-17;0.0;G
1992-06-18 06:00:01;1992-06-19 06:00:00;1992-06-18;0.7;G
1992-06-19 06:00:01;1992-06-20 06:00:00;1992-06-19;0.0;G
1992-06-20 06:00:01;1992-06-21 06:00:00;1992-06-20;0.0;G
1992-06-21 06:00:01;1992-06-22 06:00:00;1992-06-21;3.6;G
1992-06-22 06:00:01;1992-06-23 06:00:00;1992-06-22;0.0;G
1992-06-23 06:00:01;1992-06-24 06:00:00;1992-06-23;0.0;G
1992-06-24 06:00:01;1992-06-25 06:00:00;1992-06-24;0.0;G
1992-06-25 06:00:01;1992-06-26 06:00:00;1992-06-25;0.0;G
1992-06-26 06:00:01;1992-06-27 06:00:00;1992-06-26;0.0;G
1992-06-27 06:00:01;1992-06-28 06:00:00;1992-06-27;0.0;G
1992-06-28 06:00:01;1992-06-29 06:00:00;1992-06-28;0.0;G
1992-06-29 06:00:01;1992-06-30 06:00:00;1992-06-29;0.0;G
1992-06-30 06:00:01;1992-07-01 06:00:00;1992-06-30;0.0;G
1992-07-01 06:00:01;1992-07-02 06:00:00;1992-07-01;35.7;G
1992-07-02 06:00:01;1992-07-03 06:00:00;1992-07-02;0.6;G
1992-07-03 06:00:01;1992-07-04 06:00:00;1992-07-03;0.0;G
1992-07-04 06:00:01;1992-07-05 06:00:00;1992-07-04;0.0;G
1992-07-05 06:00:01;1992-07-06 06:00:00;1992-07-05;0.0;G
1992-07-06 06:00:01;1992-07-07 06:00:00;1992-07-06;2.2;G
1992-07-07 06:00:01;1992-07-08 06:00:00;1992-07-07;0.0;G
1992-07-08 06:00:01;1992-07-09 06:00:00;1992-07-08;0.0;G
1992-07-09 06:00:01;1992-07-10 06:00:00;1992-07-09;0.0;G
1992-07-10 06:00:01;1992-07-11 06:00:00;1992-07-10;7.7;G
1992-07-11 06:00:01;1992-07-12 06:00:00;1992-07-11;0.3;G
1992-07-12 06:00:01;1992-07-13 06:00:00;1992-07-12;1.5;G
1992-07-13 06:00:01;1992-07-14 06:00:00;1992-07-13;0.0;G
1992-07-14 06:00:01;1992-07-15 06:00:00;1992-07-14;15.1;G
1992-07-15 06:00:01;1992-07-16 06:00:00;1992-07-15;0.6;G
1992-07-16 06:00:01;1992-07-17 06:00:00;1992-07-16;0.0;G
1992-07-17 06:00:01;1992-07-18 06:00:00;1992-07-17;0.0;G
1992-07-18 06:00:01;1992-07-19 06:00:00;1992-07-18;7.6;G
1992-07-19 06:00:01;1992-07-20 06:00:00;1992-07-19;0.4;G
1992-07-20 06:00:01;1992-07-21 06:00:00;1992-07-20;0.0;G
1992-07-21 06:00:01;1992-07-22 06:00:00;1992-07-21;0.0;G
1992-07-22 06:00:01;1992-07-23 06:00:00;1992-07-22;0.0;G
1992-07-23 06:00:01;1992-07-24 06:00:00;1992-07-23;0.0;G
1992-07-24 06:00:01;1992-07-25 06:00:00;1992-07-24;0.0;G
1992-07-25 06:00:01;1992-07-26 06:00:00;1992-07-25;0.0;G
1992-07-26 06:00:01;1992-07-27 06:00:00;1992-07-26;0.5;G
1992-07-27 06:00:01;1992-07-28 06:00:00;1992-07-27;20.0;G
1992-07-28 06:00:01;1992-07-29 06:00:00;1992-07-28;36.7;G
1992-07-29 06:00:01;1992-07-30 06:00:00;1992-07-29;0.0;G
1992-07-30 06:00:01;1992-07-31 06:00:00;1992-07-30;0.0;G
1992-07-31 06:00:01;1992-08-01 06:00:00;1992-07-31;0.0;G
1992-08-01 06:00:01;1992-08-02 06:00:00;1992-08-01;0.0;G
1992-08-02 06:00:01;1992-08-03 06:00:00;1992-08-02;7.0;G
1992-08-03 06:00:01;1992-08-04 06:00:00;1992-08-03;3.7;G
1992-08-04 06:00:01;1992-08-05 06:00:00;1992-08-04;0.3;G
1992-08-05 06:00:01;1992-08-06 06:00:00;1992-08-05;0.1;G
1992-08-06 06:00:01;1992-08-07 06:00:00;1992-08-06;15.4;G
1992-08-07 06:00:01;1992-08-08 06:00:00;1992-08-07;0.0;G
1992-08-08 06:00:01;1992-08-09 06:00:00;1992-08-08;0.0;G
1992-08-09 06:00:01;1992-08-10 06:00:00;1992-08-09;1.6;G
1992-08-10 06:00:01;1992-08-11 06:00:00;1992-08-10;0.0;G
1992-08-11 06:00:01;1992-08-12 06:00:00;1992-08-11;3.2;G
1992-08-12 06:00:01;1992-08-13 06:00:00;1992-08-12;0.7;G
1992-08-13 06:00:01;1992-08-14 06:00:00;1992-08-13;6.1;G
1992-08-14 06:00:01;1992-08-15 06:00:00;1992-08-14;0.0;G
1992-08-15 06:00:01;1992-08-16 06:00:00;1992-08-15;0.4;G
1992-08-16 06:00:01;1992-08-17 06:00:00;1992-08-16;0.0;G
1992-08-17 06:00:01;1992-08-18 06:00:00;1992-08-17;0.2;G
1992-08-18 06:00:01;1992-08-19 06:00:00;1992-08-18;3.7;G
1992-08-19 06:00:01;1992-08-20 06:00:00;1992-08-19;0.0;G
1992-08-20 06:00:01;1992-08-21 06:00:00;1992-08-20;0.0;G
1992-08-21 06:00:01;1992-08-22 06:00:00;1992-08-21;0.0;G
1992-08-22 06:00:01;1992-08-23 06:00:00;1992-08-22;1.5;G
1992-08-23 06:00:01;1992-08-24 06:00:00;1992-08-23;7.7;G
1992-08-24 06:00:01;1992-08-25 06:00:00;1992-08-24;2.8;G
1992-08-25 06:00:01;1992-08-26 06:00:00;1992-08-25;0.1;G
1992-08-26 06:00:01;1992-08-27 06:00:00;1992-08-26;0.8;G
1992-08-27 06:00:01;1992-08-28 06:00:00;1992-08-27;3.7;G
1992-08-28 06:00:01;1992-08-29 06:00:00;1992-08-28;2.6;G
1992-08-29 06:00:01;1992-08-30 06:00:00;1992-08-29;7.2;G
1992-08-30 06:00:01;1992-08-31 06:00:00;1992-08-30;0.6;G
1992-08-31 06:00:01;1992-09-01 06:00:00;1992-08-31;10.1;G
1992-09-01 06:00:01;1992-09-02 06:00:00;1992-09-01;17.4;G
1992-09-02 06:00:01;1992-09-03 06:00:00;1992-09-02;0.0;G
1992-09-03 06:00:01;1992-09-04 06:00:00;1992-09-03;13.4;G
1992-09-04 06:00:01;1992-09-05 06:00:00;1992-09-04;0.0;G
1992-09-05 06:00:01;1992-09-06 06:00:00;1992-09-05;0.5;G
1992-09-06 06:00:01;1992-09-07 06:00:00;1992-09-06;0.0;G
1992-09-07 06:00:01;1992-09-08 06:00:00;1992-09-07;0.0;G
1992-09-08 06:00:01;1992-09-09 06:00:00;1992-09-08;0.1;G
1992-09-09 06:00:01;1992-09-10 06:00:00;1992-09-09;0.0;G
1992-09-10 06:00:01;1992-09-11 06:00:00;1992-09-10;0.0;G
1992-09-11 06:00:01;1992-09-12 06:00:00;1992-09-11;0.0;G
1992-09-12 06:00:01;1992-09-13 06:00:00;1992-09-12;0.0;G
1992-09-13 06:00:01;1992-09-14 06:00:00;1992-09-13;0.0;G
1992-09-14 06:00:01;1992-09-15 06:00:00;1992-09-14;4.3;G
1992-09-15 06:00:01;1992-09-16 06:00:00;1992-09-15;0.7;G
1992-09-16 06:00:01;1992-09-17 06:00:00;1992-09-16;5.8;G
1992-09-17 06:00:01;1992-09-18 06:00:00;1992-09-17;0.0;G
1992-09-18 06:00:01;1992-09-19 06:00:00;1992-09-18;0.0;G
1992-09-19 06:00:01;1992-09-20 06:00:00;1992-09-19;0.1;G
1992-09-20 06:00:01;1992-09-21 06:00:00;1992-09-20;0.1;G
1992-09-21 06:00:01;1992-09-22 06:00:00;1992-09-21;0.3;G
1992-09-22 06:00:01;1992-09-23 06:00:00;1992-09-22;0.1;G
1992-09-23 06:00:01;1992-09-24 06:00:00;1992-09-23;0.0;G
1992-09-24 06:00:01;1992-09-25 06:00:00;1992-09-24;0.2;G
1992-09-25 06:00:01;1992-09-26 06:00:00;1992-09-25;0.0;G
1992-09-26 06:00:01;1992-09-27 06:00:00;1992-09-26;1.3;G
1992-09-27 06:00:01;1992-09-28 06:00:00;1992-09-27;0.0;G
1992-09-28 06:00:01;1992-09-29 06:00:00;1992-09-28;0.2;G
1992-09-29 06:00:01;1992-09-30 06:00:00;1992-09-29;0.7;G
1992-09-30 06:00:01;1992-10-01 06:00:00;1992-09-30;0.4;G
1992-10-01 06:00:01;1992-10-02 06:00:00;1992-10-01;0.5;G
1992-10-02 06:00:01;1992-10-03 06:00:00;1992-10-02;0.0;G
1992-10-03 06:00:01;1992-10-04 06:00:00;1992-10-03;0.0;G
1992-10-04 06:00:01;1992-10-05 06:00:00;1992-10-04;0.0;G
1992-10-05 06:00:01;1992-10-06 06:00:00;1992-10-05;0.0;G
1992-10-06 06:00:01;1992-10-07 06:00:00;1992-10-06;0.0;G
1992-10-07 06:00:01;1992-10-08 06:00:00;1992-10-07;0.0;G
1992-10-08 06:00:01;1992-10-09 06:00:00;1992-10-08;4.1;G
1992-10-09 06:00:01;1992-10-10 06:00:00;1992-10-09;0.1;G
1992-10-10 06:00:01;1992-10-11 06:00:00;1992-10-10;0.4;G
1992-10-11 06:00:01;1992-10-12 06:00:00;1992-10-11;4.8;G
1992-10-12 06:00:01;1992-10-13 06:00:00;1992-10-12;0.8;G
1992-10-13 06:00:01;1992-10-14 06:00:00;1992-10-13;6.2;G
1992-10-14 06:00:01;1992-10-15 06:00:00;1992-10-14;6.1;G
1992-10-15 06:00:01;1992-10-16 06:00:00;1992-10-15;2.7;G
1992-10-16 06:00:01;1992-10-17 06:00:00;1992-10-16;6.4;G
1992-10-17 06:00:01;1992-10-18 06:00:00;1992-10-17;2.0;G
1992-10-18 06:00:01;1992-10-19 06:00:00;1992-10-18;4.2;G
1992-10-19 06:00:01;1992-10-20 06:00:00;1992-10-19;0.5;G
1992-10-20 06:00:01;1992-10-21 06:00:00;1992-10-20;2.2;G
1992-10-21 06:00:01;1992-10-22 06:00:00;1992-10-21;3.6;G
1992-10-22 06:00:01;1992-10-23 06:00:00;1992-10-22;7.8;G
1992-10-23 06:00:01;1992-10-24 06:00:00;1992-10-23;0.0;G
1992-10-24 06:00:01;1992-10-25 06:00:00;1992-10-24;0.0;G
1992-10-25 06:00:01;1992-10-26 06:00:00;1992-10-25;0.0;G
1992-10-26 06:00:01;1992-10-27 06:00:00;1992-10-26;0.0;G
1992-10-27 06:00:01;1992-10-28 06:00:00;1992-10-27;0.0;G
1992-10-28 06:00:01;1992-10-29 06:00:00;1992-10-28;4.2;G
1992-10-29 06:00:01;1992-10-30 06:00:00;1992-10-29;0.7;G
1992-10-30 06:00:01;1992-10-31 06:00:00;1992-10-30;0.0;G
1992-10-31 06:00:01;1992-11-01 06:00:00;1992-10-31;4.2;G
1992-11-01 06:00:01;1992-11-02 06:00:00;1992-11-01;8.6;G
1992-11-02 06:00:01;1992-11-03 06:00:00;1992-11-02;14.1;G
1992-11-03 06:00:01;1992-11-04 06:00:00;1992-11-03;2.3;G
1992-11-04 06:00:01;1992-11-05 06:00:00;1992-11-04;4.0;G
1992-11-05 06:00:01;1992-11-06 06:00:00;1992-11-05;0.0;G
1992-11-06 06:00:01;1992-11-07 06:00:00;1992-11-06;2.6;G
1992-11-07 06:00:01;1992-11-08 06:00:00;1992-11-07;0.6;G
1992-11-08 06:00:01;1992-11-09 06:00:00;1992-11-08;0.0;G
1992-11-09 06:00:01;1992-11-10 06:00:00;1992-11-09;0.0;G
1992-11-10 06:00:01;1992-11-11 06:00:00;1992-11-10;3.0;G
1992-11-11 06:00:01;1992-11-12 06:00:00;1992-11-11;2.1;G
1992-11-12 06:00:01;1992-11-13 06:00:00;1992-11-12;6.5;G
1992-11-13 06:00:01;1992-11-14 06:00:00;1992-11-13;3.7;G
1992-11-14 06:00:01;1992-11-15 06:00:00;1992-11-14;1.1;G
1992-11-15 06:00:01;1992-11-16 06:00:00;1992-11-15;2.6;G
1992-11-16 06:00:01;1992-11-17 06:00:00;1992-11-16;0.0;G
1992-11-17 06:00:01;1992-11-18 06:00:00;1992-11-17;1.0;G
1992-11-18 06:00:01;1992-11-19 06:00:00;1992-11-18;0.8;G
1992-11-19 06:00:01;1992-11-20 06:00:00;1992-11-19;2.8;G
1992-11-20 06:00:01;1992-11-21 06:00:00;1992-11-20;1.3;G
1992-11-21 06:00:01;1992-11-22 06:00:00;1992-11-21;0.4;G
1992-11-22 06:00:01;1992-11-23 06:00:00;1992-11-22;0.0;G
1992-11-23 06:00:01;1992-11-24 06:00:00;1992-11-23;1.4;G
1992-11-24 06:00:01;1992-11-25 06:00:00;1992-11-24;3.5;G
1992-11-25 06:00:01;1992-11-26 06:00:00;1992-11-25;6.2;G
1992-11-26 06:00:01;1992-11-27 06:00:00;1992-11-26;1.1;G
1992-11-27 06:00:01;1992-11-28 06:00:00;1992-11-27;1.3;G
1992-11-28 06:00:01;1992-11-29 06:00:00;1992-11-28;1.8;G
1992-11-29 06:00:01;1992-11-30 06:00:00;1992-11-29;0.0;G
1992-11-30 06:00:01;1992-12-01 06:00:00;1992-11-30;0.6;G
1992-12-01 06:00:01;1992-12-02 06:00:00;1992-12-01;1.2;G
1992-12-02 06:00:01;1992-12-03 06:00:00;1992-12-02;1.2;G
1992-12-03 06:00:01;1992-12-04 06:00:00;1992-12-03;3.3;G
1992-12-04 06:00:01;1992-12-05 06:00:00;1992-12-04;6.5;G
1992-12-05 06:00:01;1992-12-06 06:00:00;1992-12-05;0.0;G
1992-12-06 06:00:01;1992-12-07 06:00:00;1992-12-06;0.0;G
1992-12-07 06:00:01;1992-12-08 06:00:00;1992-12-07;0.0;G
1992-12-08 06:00:01;1992-12-09 06:00:00;1992-12-08;0.0;G
1992-12-09 06:00:01;1992-12-10 06:00:00;1992-12-09;0.0;G
1992-12-10 06:00:01;1992-12-11 06:00:00;1992-12-10;0.1;G
1992-12-11 06:00:01;1992-12-12 06:00:00;1992-12-11;0.0;G
1992-12-12 06:00:01;1992-12-13 06:00:00;1992-12-12;0.0;G
1992-12-13 06:00:01;1992-12-14 06:00:00;1992-12-13;0.0;G
1992-12-14 06:00:01;1992-12-15 06:00:00;1992-12-14;1.1;G
1992-12-15 06:00:01;1992-12-16 06:00:00;1992-12-15;0.0;G
1992-12-16 06:00:01;1992-12-17 06:00:00;1992-12-16;0.0;G
1992-12-17 06:00:01;1992-12-18 06:00:00;1992-12-17;0.0;G
1992-12-18 06:00:01;1992-12-19 06:00:00;1992-12-18;0.0;G
1992-12-19 06:00:01;1992-12-20 06:00:00;1992-12-19;2.4;G
1992-12-20 06:00:01;1992-12-21 06:00:00;1992-12-20;0.0;G
1992-12-21 06:00:01;1992-12-22 06:00:00;1992-12-21;0.0;G
1992-12-22 06:00:01;1992-12-23 06:00:00;1992-12-22;0.0;G
1992-12-23 06:00:01;1992-12-24 06:00:00;1992-12-23;0.0;G
1992-12-24 06:00:01;1992-12-25 06:00:00;1992-12-24;0.0;G
1992-12-25 06:00:01;1992-12-26 06:00:00;1992-12-25;0.0;G
1992-12-26 06:00:01;1992-12-27 06:00:00;1992-12-26;0.0;G
1992-12-27 06:00:01;1992-12-28 06:00:00;1992-12-27;0.0;G
1992-12-28 06:00:01;1992-12-29 06:00:00;1992-12-28;0.0;G
1992-12-29 06:00:01;1992-12-30 06:00:00;1992-12-29;0.0;G
1992-12-30 06:00:01;1992-12-31 06:00:00;1992-12-30;0.0;G
1992-12-31 06:00:01;1993-01-01 06:00:00;1992-12-31;0.0;G
1993-01-01 06:00:01;1993-01-02 06:00:00;1993-01-01;0.0;G
1993-01-02 06:00:01;1993-01-03 06:00:00;1993-01-02;0.0;G
1993-01-03 06:00:01;1993-01-04 06:00:00;1993-01-03;0.0;G
1993-01-04 06:00:01;1993-01-05 06:00:00;1993-01-04;0.0;G
1993-01-05 06:00:01;1993-01-06 06:00:00;1993-01-05;0.6;G
1993-01-06 06:00:01;1993-01-07 06:00:00;1993-01-06;0.0;G
1993-01-07 06:00:01;1993-01-08 06:00:00;1993-01-07;0.0;G
1993-01-08 06:00:01;1993-01-09 06:00:00;1993-01-08;1.1;G
1993-01-09 06:00:01;1993-01-10 06:00:00;1993-01-09;1.2;G
1993-01-10 06:00:01;1993-01-11 06:00:00;1993-01-10;4.7;G
1993-01-11 06:00:01;1993-01-12 06:00:00;1993-01-11;2.2;G
1993-01-12 06:00:01;1993-01-13 06:00:00;1993-01-12;0.0;G
1993-01-13 06:00:01;1993-01-14 06:00:00;1993-01-13;1.6;G
1993-01-14 06:00:01;1993-01-15 06:00:00;1993-01-14;2.0;G
1993-01-15 06:00:01;1993-01-16 06:00:00;1993-01-15;4.5;G
1993-01-16 06:00:01;1993-01-17 06:00:00;1993-01-16;0.0;G
1993-01-17 06:00:01;1993-01-18 06:00:00;1993-01-17;1.1;G
1993-01-18 06:00:01;1993-01-19 06:00:00;1993-01-18;0.0;G
1993-01-19 06:00:01;1993-01-20 06:00:00;1993-01-19;0.0;G
1993-01-20 06:00:01;1993-01-21 06:00:00;1993-01-20;0.7;G
1993-01-21 06:00:01;1993-01-22 06:00:00;1993-01-21;1.8;G
1993-01-22 06:00:01;1993-01-23 06:00:00;1993-01-22;0.0;G
1993-01-23 06:00:01;1993-01-24 06:00:00;1993-01-23;0.0;G
1993-01-24 06:00:01;1993-01-25 06:00:00;1993-01-24;0.9;G
1993-01-25 06:00:01;1993-01-26 06:00:00;1993-01-25;0.0;G
1993-01-26 06:00:01;1993-01-27 06:00:00;1993-01-26;0.0;G
1993-01-27 06:00:01;1993-01-28 06:00:00;1993-01-27;0.0;G
1993-01-28 06:00:01;1993-01-29 06:00:00;1993-01-28;0.0;G
1993-01-29 06:00:01;1993-01-30 06:00:00;1993-01-29;0.0;G
1993-01-30 06:00:01;1993-01-31 06:00:00;1993-01-30;0.0;G
1993-01-31 06:00:01;1993-02-01 06:00:00;1993-01-31;0.0;G
1993-02-01 06:00:01;1993-02-02 06:00:00;1993-02-01;0.0;G
1993-02-02 06:00:01;1993-02-03 06:00:00;1993-02-02;0.0;G
1993-02-03 06:00:01;1993-02-04 06:00:00;1993-02-03;0.0;G
1993-02-04 06:00:01;1993-02-05 06:00:00;1993-02-04;0.0;G
1993-02-05 06:00:01;1993-02-06 06:00:00;1993-02-05;0.0;G
1993-02-06 06:00:01;1993-02-07 06:00:00;1993-02-06;0.0;G
1993-02-07 06:00:01;1993-02-08 06:00:00;1993-02-07;0.0;G
1993-02-08 06:00:01;1993-02-09 06:00:00;1993-02-08;0.0;G
1993-02-09 06:00:01;1993-02-10 06:00:00;1993-02-09;0.0;G
1993-02-10 06:00:01;1993-02-11 06:00:00;1993-02-10;0.0;G
1993-02-11 06:00:01;1993-02-12 06:00:00;1993-02-11;0.0;G
1993-02-12 06:00:01;1993-02-13 06:00:00;1993-02-12;0.0;G
1993-02-13 06:00:01;1993-02-14 06:00:00;1993-02-13;0.0;G
1993-02-14 06:00:01;1993-02-15 06:00:00;1993-02-14;0.0;G
1993-02-15 06:00:01;1993-02-16 06:00:00;1993-02-15;0.0;G
1993-02-16 06:00:01;1993-02-17 06:00:00;1993-02-16;0.0;G
1993-02-17 06:00:01;1993-02-18 06:00:00;1993-02-17;0.0;G
1993-02-18 06:00:01;1993-02-19 06:00:00;1993-02-18;5.6;G
1993-02-19 06:00:01;1993-02-20 06:00:00;1993-02-19;5.5;G
1993-02-20 06:00:01;1993-02-21 06:00:00;1993-02-20;0.0;G
1993-02-21 06:00:01;1993-02-22 06:00:00;1993-02-21;0.2;G
1993-02-22 06:00:01;1993-02-23 06:00:00;1993-02-22;2.0;G
1993-02-23 06:00:01;1993-02-24 06:00:00;1993-02-23;0.0;G
1993-02-24 06:00:01;1993-02-25 06:00:00;1993-02-24;0.0;G
1993-02-25 06:00:01;1993-02-26 06:00:00;1993-02-25;0.0;G
1993-02-26 06:00:01;1993-02-27 06:00:00;1993-02-26;0.0;G
1993-02-27 06:00:01;1993-02-28 06:00:00;1993-02-27;0.0;G
1993-02-28 06:00:01;1993-03-01 06:00:00;1993-02-28;0.4;G
1993-03-01 06:00:01;1993-03-02 06:00:00;1993-03-01;0.0;G
1993-03-02 06:00:01;1993-03-03 06:00:00;1993-03-02;0.0;G
1993-03-03 06:00:01;1993-03-04 06:00:00;1993-03-03;0.0;G
1993-03-04 06:00:01;1993-03-05 06:00:00;1993-03-04;0.0;G
1993-03-05 06:00:01;1993-03-06 06:00:00;1993-03-05;7.6;G
1993-03-06 06:00:01;1993-03-07 06:00:00;1993-03-06;0.0;G
1993-03-07 06:00:01;1993-03-08 06:00:00;1993-03-07;0.0;G
1993-03-08 06:00:01;1993-03-09 06:00:00;1993-03-08;0.0;G
1993-03-09 06:00:01;1993-03-10 06:00:00;1993-03-09;0.0;G
1993-03-10 06:00:01;1993-03-11 06:00:00;1993-03-10;0.0;G
1993-03-11 06:00:01;1993-03-12 06:00:00;1993-03-11;0.0;G
1993-03-12 06:00:01;1993-03-13 06:00:00;1993-03-12;0.0;G
1993-03-13 06:00:01;1993-03-14 06:00:00;1993-03-13;0.0;G
1993-03-14 06:00:01;1993-03-15 06:00:00;1993-03-14;0.0;G
1993-03-15 06:00:01;1993-03-16 06:00:00;1993-03-15;0.0;G
1993-03-16 06:00:01;1993-03-17 06:00:00;1993-03-16;0.8;G
1993-03-17 06:00:01;1993-03-18 06:00:00;1993-03-17;0.0;G
1993-03-18 06:00:01;1993-03-19 06:00:00;1993-03-18;3.9;G
1993-03-19 06:00:01;1993-03-20 06:00:00;1993-03-19;0.0;G
1993-03-20 06:00:01;1993-03-21 06:00:00;1993-03-20;0.0;G
1993-03-21 06:00:01;1993-03-22 06:00:00;1993-03-21;0.0;G
1993-03-22 06:00:01;1993-03-23 06:00:00;1993-03-22;4.1;G
1993-03-23 06:00:01;1993-03-24 06:00:00;1993-03-23;0.3;G
1993-03-24 06:00:01;1993-03-25 06:00:00;1993-03-24;0.0;G
1993-03-25 06:00:01;1993-03-26 06:00:00;1993-03-25;0.1;G
1993-03-26 06:00:01;1993-03-27 06:00:00;1993-03-26;0.0;G
1993-03-27 06:00:01;1993-03-28 06:00:00;1993-03-27;0.0;G
1993-03-28 06:00:01;1993-03-29 06:00:00;1993-03-28;0.0;G
1993-03-29 06:00:01;1993-03-30 06:00:00;1993-03-29;0.1;G
1993-03-30 06:00:01;1993-03-31 06:00:00;1993-03-30;2.5;G
1993-03-31 06:00:01;1993-04-01 06:00:00;1993-03-31;0.2;G
1993-04-01 06:00:01;1993-04-02 06:00:00;1993-04-01;0.0;G
1993-04-02 06:00:01;1993-04-03 06:00:00;1993-04-02;0.0;G
1993-04-03 06:00:01;1993-04-04 06:00:00;1993-04-03;0.0;G
1993-04-04 06:00:01;1993-04-05 06:00:00;1993-04-04;3.5;G
1993-04-05 06:00:01;1993-04-06 06:00:00;1993-04-05;1.0;G
1993-04-06 06:00:01;1993-04-07 06:00:00;1993-04-06;7.8;G
1993-04-07 06:00:01;1993-04-08 06:00:00;1993-04-07;11.9;G
1993-04-08 06:00:01;1993-04-09 06:00:00;1993-04-08;0.0;G
1993-04-09 06:00:01;1993-04-10 06:00:00;1993-04-09;0.0;G
1993-04-10 06:00:01;1993-04-11 06:00:00;1993-04-10;0.0;G
1993-04-11 06:00:01;1993-04-12 06:00:00;1993-04-11;0.0;G
1993-04-12 06:00:01;1993-04-13 06:00:00;1993-04-12;0.0;G
1993-04-13 06:00:01;1993-04-14 06:00:00;1993-04-13;0.0;G
1993-04-14 06:00:01;1993-04-15 06:00:00;1993-04-14;0.0;G
1993-04-15 06:00:01;1993-04-16 06:00:00;1993-04-15;0.0;G
1993-04-16 06:00:01;1993-04-17 06:00:00;1993-04-16;0.8;G
1993-04-17 06:00:01;1993-04-18 06:00:00;1993-04-17;3.7;G
1993-04-18 06:00:01;1993-04-19 06:00:00;1993-04-18;0.9;G
1993-04-19 06:00:01;1993-04-20 06:00:00;1993-04-19;0.2;G
1993-04-20 06:00:01;1993-04-21 06:00:00;1993-04-20;0.0;G
1993-04-21 06:00:01;1993-04-22 06:00:00;1993-04-21;0.0;G
1993-04-22 06:00:01;1993-04-23 06:00:00;1993-04-22;0.0;G
1993-04-23 06:00:01;1993-04-24 06:00:00;1993-04-23;0.8;G
1993-04-24 06:00:01;1993-04-25 06:00:00;1993-04-24;0.0;G
1993-04-25 06:00:01;1993-04-26 06:00:00;1993-04-25;0.0;G
1993-04-26 06:00:01;1993-04-27 06:00:00;1993-04-26;0.0;G
1993-04-27 06:00:01;1993-04-28 06:00:00;1993-04-27;0.0;G
1993-04-28 06:00:01;1993-04-29 06:00:00;1993-04-28;0.0;G
1993-04-29 06:00:01;1993-04-30 06:00:00;1993-04-29;0.0;G
1993-04-30 06:00:01;1993-05-01 06:00:00;1993-04-30;0.2;G
1993-05-01 06:00:01;1993-05-02 06:00:00;1993-05-01;0.0;G
1993-05-02 06:00:01;1993-05-03 06:00:00;1993-05-02;0.0;G
1993-05-03 06:00:01;1993-05-04 06:00:00;1993-05-03;0.0;G
1993-05-04 06:00:01;1993-05-05 06:00:00;1993-05-04;0.0;G
1993-05-05 06:00:01;1993-05-06 06:00:00;1993-05-05;2.0;G
1993-05-06 06:00:01;1993-05-07 06:00:00;1993-05-06;0.0;G
1993-05-07 06:00:01;1993-05-08 06:00:00;1993-05-07;0.0;G
1993-05-08 06:00:01;1993-05-09 06:00:00;1993-05-08;0.0;G
1993-05-09 06:00:01;1993-05-10 06:00:00;1993-05-09;0.0;G
1993-05-10 06:00:01;1993-05-11 06:00:00;1993-05-10;0.0;G
1993-05-11 06:00:01;1993-05-12 06:00:00;1993-05-11;0.0;G
1993-05-12 06:00:01;1993-05-13 06:00:00;1993-05-12;0.0;G
1993-05-13 06:00:01;1993-05-14 06:00:00;1993-05-13;0.4;G
1993-05-14 06:00:01;1993-05-15 06:00:00;1993-05-14;0.0;G
1993-05-15 06:00:01;1993-05-16 06:00:00;1993-05-15;0.0;G
1993-05-16 06:00:01;1993-05-17 06:00:00;1993-05-16;0.0;G
1993-05-17 06:00:01;1993-05-18 06:00:00;1993-05-17;0.0;G
1993-05-18 06:00:01;1993-05-19 06:00:00;1993-05-18;0.0;G
1993-05-19 06:00:01;1993-05-20 06:00:00;1993-05-19;0.0;G
1993-05-20 06:00:01;1993-05-21 06:00:00;1993-05-20;0.0;G
1993-05-21 06:00:01;1993-05-22 06:00:00;1993-05-21;0.0;G
1993-05-22 06:00:01;1993-05-23 06:00:00;1993-05-22;0.0;G
1993-05-23 06:00:01;1993-05-24 06:00:00;1993-05-23;0.0;G
1993-05-24 06:00:01;1993-05-25 06:00:00;1993-05-24;13.2;G
1993-05-25 06:00:01;1993-05-26 06:00:00;1993-05-25;0.0;G
1993-05-26 06:00:01;1993-05-27 06:00:00;1993-05-26;0.0;G
1993-05-27 06:00:01;1993-05-28 06:00:00;1993-05-27;6.3;G
1993-05-28 06:00:01;1993-05-29 06:00:00;1993-05-28;0.3;G
1993-05-29 06:00:01;1993-05-30 06:00:00;1993-05-29;1.4;G
1993-05-30 06:00:01;1993-05-31 06:00:00;1993-05-30;0.4;G
1993-05-31 06:00:01;1993-06-01 06:00:00;1993-05-31;4.1;G
1993-06-01 06:00:01;1993-06-02 06:00:00;1993-06-01;0.1;G
1993-06-02 06:00:01;1993-06-03 06:00:00;1993-06-02;7.3;G
1993-06-03 06:00:01;1993-06-04 06:00:00;1993-06-03;0.0;G
1993-06-04 06:00:01;1993-06-05 06:00:00;1993-06-04;0.0;G
1993-06-05 06:00:01;1993-06-06 06:00:00;1993-06-05;0.0;G
1993-06-06 06:00:01;1993-06-07 06:00:00;1993-06-06;5.0;G
1993-06-07 06:00:01;1993-06-08 06:00:00;1993-06-07;0.0;G
1993-06-08 06:00:01;1993-06-09 06:00:00;1993-06-08;0.0;G
1993-06-09 06:00:01;1993-06-10 06:00:00;1993-06-09;0.0;G
1993-06-10 06:00:01;1993-06-11 06:00:00;1993-06-10;1.0;G
1993-06-11 06:00:01;1993-06-12 06:00:00;1993-06-11;0.1;G
1993-06-12 06:00:01;1993-06-13 06:00:00;1993-06-12;8.0;G
1993-06-13 06:00:01;1993-06-14 06:00:00;1993-06-13;0.2;G
1993-06-14 06:00:01;1993-06-15 06:00:00;1993-06-14;3.6;G
1993-06-15 06:00:01;1993-06-16 06:00:00;1993-06-15;3.6;G
1993-06-16 06:00:01;1993-06-17 06:00:00;1993-06-16;0.8;G
1993-06-17 06:00:01;1993-06-18 06:00:00;1993-06-17;14.9;G
1993-06-18 06:00:01;1993-06-19 06:00:00;1993-06-18;0.0;G
1993-06-19 06:00:01;1993-06-20 06:00:00;1993-06-19;12.6;G
1993-06-20 06:00:01;1993-06-21 06:00:00;1993-06-20;0.1;G
1993-06-21 06:00:01;1993-06-22 06:00:00;1993-06-21;15.4;G
1993-06-22 06:00:01;1993-06-23 06:00:00;1993-06-22;0.0;G
1993-06-23 06:00:01;1993-06-24 06:00:00;1993-06-23;0.0;G
1993-06-24 06:00:01;1993-06-25 06:00:00;1993-06-24;3.4;G
1993-06-25 06:00:01;1993-06-26 06:00:00;1993-06-25;2.3;G
1993-06-26 06:00:01;1993-06-27 06:00:00;1993-06-26;0.0;G
1993-06-27 06:00:01;1993-06-28 06:00:00;1993-06-27;0.0;G
1993-06-28 06:00:01;1993-06-29 06:00:00;1993-06-28;1.6;G
1993-06-29 06:00:01;1993-06-30 06:00:00;1993-06-29;3.3;G
1993-06-30 06:00:01;1993-07-01 06:00:00;1993-06-30;0.0;G
1993-07-01 06:00:01;1993-07-02 06:00:00;1993-07-01;0.1;G
1993-07-02 06:00:01;1993-07-03 06:00:00;1993-07-02;0.0;G
1993-07-03 06:00:01;1993-07-04 06:00:00;1993-07-03;1.2;G
1993-07-04 06:00:01;1993-07-05 06:00:00;1993-07-04;0.0;G
1993-07-05 06:00:01;1993-07-06 06:00:00;1993-07-05;0.5;G
1993-07-06 06:00:01;1993-07-07 06:00:00;1993-07-06;0.5;G
1993-07-07 06:00:01;1993-07-08 06:00:00;1993-07-07;0.0;G
1993-07-08 06:00:01;1993-07-09 06:00:00;1993-07-08;1.0;G
1993-07-09 06:00:01;1993-07-10 06:00:00;1993-07-09;3.9;G
1993-07-10 06:00:01;1993-07-11 06:00:00;1993-07-10;1.3;G
1993-07-11 06:00:01;1993-07-12 06:00:00;1993-07-11;1.1;G
1993-07-12 06:00:01;1993-07-13 06:00:00;1993-07-12;0.0;G
1993-07-13 06:00:01;1993-07-14 06:00:00;1993-07-13;1.6;G
1993-07-14 06:00:01;1993-07-15 06:00:00;1993-07-14;0.0;G
1993-07-15 06:00:01;1993-07-16 06:00:00;1993-07-15;0.0;G
1993-07-16 06:00:01;1993-07-17 06:00:00;1993-07-16;0.0;G
1993-07-17 06:00:01;1993-07-18 06:00:00;1993-07-17;0.0;G
1993-07-18 06:00:01;1993-07-19 06:00:00;1993-07-18;0.0;G
1993-07-19 06:00:01;1993-07-20 06:00:00;1993-07-19;0.0;G
1993-07-20 06:00:01;1993-07-21 06:00:00;1993-07-20;0.2;G
1993-07-21 06:00:01;1993-07-22 06:00:00;1993-07-21;6.9;G
1993-07-22 06:00:01;1993-07-23 06:00:00;1993-07-22;2.2;G
1993-07-23 06:00:01;1993-07-24 06:00:00;1993-07-23;0.9;G
1993-07-24 06:00:01;1993-07-25 06:00:00;1993-07-24;0.0;G
1993-07-25 06:00:01;1993-07-26 06:00:00;1993-07-25;1.8;G
1993-07-26 06:00:01;1993-07-27 06:00:00;1993-07-26;4.4;G
1993-07-27 06:00:01;1993-07-28 06:00:00;1993-07-27;2.0;G
1993-07-28 06:00:01;1993-07-29 06:00:00;1993-07-28;0.3;G
1993-07-29 06:00:01;1993-07-30 06:00:00;1993-07-29;0.9;G
1993-07-30 06:00:01;1993-07-31 06:00:00;1993-07-30;1.4;G
1993-07-31 06:00:01;1993-08-01 06:00:00;1993-07-31;11.5;G
1993-08-01 06:00:01;1993-08-02 06:00:00;1993-08-01;0.0;G
1993-08-02 06:00:01;1993-08-03 06:00:00;1993-08-02;0.0;G
1993-08-03 06:00:01;1993-08-04 06:00:00;1993-08-03;6.8;G
1993-08-04 06:00:01;1993-08-05 06:00:00;1993-08-04;0.0;G
1993-08-05 06:00:01;1993-08-06 06:00:00;1993-08-05;0.0;G
1993-08-06 06:00:01;1993-08-07 06:00:00;1993-08-06;5.3;G
1993-08-07 06:00:01;1993-08-08 06:00:00;1993-08-07;6.2;G
1993-08-08 06:00:01;1993-08-09 06:00:00;1993-08-08;0.0;G
1993-08-09 06:00:01;1993-08-10 06:00:00;1993-08-09;3.8;G
1993-08-10 06:00:01;1993-08-11 06:00:00;1993-08-10;5.2;G
1993-08-11 06:00:01;1993-08-12 06:00:00;1993-08-11;0.0;G
1993-08-12 06:00:01;1993-08-13 06:00:00;1993-08-12;11.1;G
1993-08-13 06:00:01;1993-08-14 06:00:00;1993-08-13;3.4;G
1993-08-14 06:00:01;1993-08-15 06:00:00;1993-08-14;0.0;G
1993-08-15 06:00:01;1993-08-16 06:00:00;1993-08-15;0.0;G
1993-08-16 06:00:01;1993-08-17 06:00:00;1993-08-16;2.6;G
1993-08-17 06:00:01;1993-08-18 06:00:00;1993-08-17;4.5;G
1993-08-18 06:00:01;1993-08-19 06:00:00;1993-08-18;0.0;G
1993-08-19 06:00:01;1993-08-20 06:00:00;1993-08-19;0.0;G
1993-08-20 06:00:01;1993-08-21 06:00:00;1993-08-20;3.6;G
1993-08-21 06:00:01;1993-08-22 06:00:00;1993-08-21;15.6;G
1993-08-22 06:00:01;1993-08-23 06:00:00;1993-08-22;8.3;G
1993-08-23 06:00:01;1993-08-24 06:00:00;1993-08-23;8.2;G
1993-08-24 06:00:01;1993-08-25 06:00:00;1993-08-24;5.9;G
1993-08-25 06:00:01;1993-08-26 06:00:00;1993-08-25;0.0;G
1993-08-26 06:00:01;1993-08-27 06:00:00;1993-08-26;1.5;G
1993-08-27 06:00:01;1993-08-28 06:00:00;1993-08-27;0.0;G
1993-08-28 06:00:01;1993-08-29 06:00:00;1993-08-28;0.0;G
1993-08-29 06:00:01;1993-08-30 06:00:00;1993-08-29;1.7;G
1993-08-30 06:00:01;1993-08-31 06:00:00;1993-08-30;1.5;G
1993-08-31 06:00:01;1993-09-01 06:00:00;1993-08-31;0.2;G
1993-09-01 06:00:01;1993-09-02 06:00:00;1993-09-01;0.0;G
1993-09-02 06:00:01;1993-09-03 06:00:00;1993-09-02;7.8;G
1993-09-03 06:00:01;1993-09-04 06:00:00;1993-09-03;0.0;G
1993-09-04 06:00:01;1993-09-05 06:00:00;1993-09-04;2.4;G
1993-09-05 06:00:01;1993-09-06 06:00:00;1993-09-05;0.3;G
1993-09-06 06:00:01;1993-09-07 06:00:00;1993-09-06;0.0;G
1993-09-07 06:00:01;1993-09-08 06:00:00;1993-09-07;0.4;G
1993-09-08 06:00:01;1993-09-09 06:00:00;1993-09-08;0.0;G
1993-09-09 06:00:01;1993-09-10 06:00:00;1993-09-09;0.0;G
1993-09-10 06:00:01;1993-09-11 06:00:00;1993-09-10;0.0;G
1993-09-11 06:00:01;1993-09-12 06:00:00;1993-09-11;0.0;G
1993-09-12 06:00:01;1993-09-13 06:00:00;1993-09-12;0.2;G
1993-09-13 06:00:01;1993-09-14 06:00:00;1993-09-13;1.4;G
1993-09-14 06:00:01;1993-09-15 06:00:00;1993-09-14;0.0;G
1993-09-15 06:00:01;1993-09-16 06:00:00;1993-09-15;0.8;G
1993-09-16 06:00:01;1993-09-17 06:00:00;1993-09-16;0.0;G
1993-09-17 06:00:01;1993-09-18 06:00:00;1993-09-17;0.0;G
1993-09-18 06:00:01;1993-09-19 06:00:00;1993-09-18;0.0;G
1993-09-19 06:00:01;1993-09-20 06:00:00;1993-09-19;0.0;G
1993-09-20 06:00:01;1993-09-21 06:00:00;1993-09-20;0.0;G
1993-09-21 06:00:01;1993-09-22 06:00:00;1993-09-21;1.9;G
1993-09-22 06:00:01;1993-09-23 06:00:00;1993-09-22;0.0;G
1993-09-23 06:00:01;1993-09-24 06:00:00;1993-09-23;1.0;G
1993-09-24 06:00:01;1993-09-25 06:00:00;1993-09-24;0.0;G
1993-09-25 06:00:01;1993-09-26 06:00:00;1993-09-25;0.0;G
1993-09-26 06:00:01;1993-09-27 06:00:00;1993-09-26;0.0;G
1993-09-27 06:00:01;1993-09-28 06:00:00;1993-09-27;0.7;G
1993-09-28 06:00:01;1993-09-29 06:00:00;1993-09-28;0.0;G
1993-09-29 06:00:01;1993-09-30 06:00:00;1993-09-29;0.0;G
1993-09-30 06:00:01;1993-10-01 06:00:00;1993-09-30;0.0;G
1993-10-01 06:00:01;1993-10-02 06:00:00;1993-10-01;0.0;G
1993-10-02 06:00:01;1993-10-03 06:00:00;1993-10-02;0.0;G
1993-10-03 06:00:01;1993-10-04 06:00:00;1993-10-03;8.8;G
1993-10-04 06:00:01;1993-10-05 06:00:00;1993-10-04;0.2;G
1993-10-05 06:00:01;1993-10-06 06:00:00;1993-10-05;0.0;G
1993-10-06 06:00:01;1993-10-07 06:00:00;1993-10-06;0.0;G
1993-10-07 06:00:01;1993-10-08 06:00:00;1993-10-07;1.6;G
1993-10-08 06:00:01;1993-10-09 06:00:00;1993-10-08;0.0;G
1993-10-09 06:00:01;1993-10-10 06:00:00;1993-10-09;12.1;G
1993-10-10 06:00:01;1993-10-11 06:00:00;1993-10-10;2.0;G
1993-10-11 06:00:01;1993-10-12 06:00:00;1993-10-11;1.1;G
1993-10-12 06:00:01;1993-10-13 06:00:00;1993-10-12;15.0;G
1993-10-13 06:00:01;1993-10-14 06:00:00;1993-10-13;0.6;G
1993-10-14 06:00:01;1993-10-15 06:00:00;1993-10-14;0.0;G
1993-10-15 06:00:01;1993-10-16 06:00:00;1993-10-15;0.8;G
1993-10-16 06:00:01;1993-10-17 06:00:00;1993-10-16;9.5;G
1993-10-17 06:00:01;1993-10-18 06:00:00;1993-10-17;0.0;G
1993-10-18 06:00:01;1993-10-19 06:00:00;1993-10-18;0.0;G
1993-10-19 06:00:01;1993-10-20 06:00:00;1993-10-19;0.0;G
1993-10-20 06:00:01;1993-10-21 06:00:00;1993-10-20;4.2;G
1993-10-21 06:00:01;1993-10-22 06:00:00;1993-10-21;3.5;G
1993-10-22 06:00:01;1993-10-23 06:00:00;1993-10-22;0.1;G
1993-10-23 06:00:01;1993-10-24 06:00:00;1993-10-23;0.0;G
1993-10-24 06:00:01;1993-10-25 06:00:00;1993-10-24;0.0;G
1993-10-25 06:00:01;1993-10-26 06:00:00;1993-10-25;0.0;G
1993-10-26 06:00:01;1993-10-27 06:00:00;1993-10-26;0.0;G
1993-10-27 06:00:01;1993-10-28 06:00:00;1993-10-27;0.0;G
1993-10-28 06:00:01;1993-10-29 06:00:00;1993-10-28;0.0;G
1993-10-29 06:00:01;1993-10-30 06:00:00;1993-10-29;0.0;G
1993-10-30 06:00:01;1993-10-31 06:00:00;1993-10-30;0.0;G
1993-10-31 06:00:01;1993-11-01 06:00:00;1993-10-31;0.0;G
1993-11-01 06:00:01;1993-11-02 06:00:00;1993-11-01;0.0;G
1993-11-02 06:00:01;1993-11-03 06:00:00;1993-11-02;0.0;G
1993-11-03 06:00:01;1993-11-04 06:00:00;1993-11-03;0.0;G
1993-11-04 06:00:01;1993-11-05 06:00:00;1993-11-04;0.0;G
1993-11-05 06:00:01;1993-11-06 06:00:00;1993-11-05;0.2;G
1993-11-06 06:00:01;1993-11-07 06:00:00;1993-11-06;0.0;G
1993-11-07 06:00:01;1993-11-08 06:00:00;1993-11-07;0.1;G
1993-11-08 06:00:01;1993-11-09 06:00:00;1993-11-08;0.3;G
1993-11-09 06:00:01;1993-11-10 06:00:00;1993-11-09;1.1;G
1993-11-10 06:00:01;1993-11-11 06:00:00;1993-11-10;2.3;G
1993-11-11 06:00:01;1993-11-12 06:00:00;1993-11-11;1.8;G
1993-11-12 06:00:01;1993-11-13 06:00:00;1993-11-12;4.2;G
1993-11-13 06:00:01;1993-11-14 06:00:00;1993-11-13;0.0;G
1993-11-14 06:00:01;1993-11-15 06:00:00;1993-11-14;0.0;G
1993-11-15 06:00:01;1993-11-16 06:00:00;1993-11-15;0.0;G
1993-11-16 06:00:01;1993-11-17 06:00:00;1993-11-16;0.0;G
1993-11-17 06:00:01;1993-11-18 06:00:00;1993-11-17;0.0;G
1993-11-18 06:00:01;1993-11-19 06:00:00;1993-11-18;0.1;G
1993-11-19 06:00:01;1993-11-20 06:00:00;1993-11-19;0.1;G
1993-11-20 06:00:01;1993-11-21 06:00:00;1993-11-20;0.0;G
1993-11-21 06:00:01;1993-11-22 06:00:00;1993-11-21;0.2;G
1993-11-22 06:00:01;1993-11-23 06:00:00;1993-11-22;0.3;G
1993-11-23 06:00:01;1993-11-24 06:00:00;1993-11-23;3.6;G
1993-11-24 06:00:01;1993-11-25 06:00:00;1993-11-24;1.0;G
1993-11-25 06:00:01;1993-11-26 06:00:00;1993-11-25;0.0;G
1993-11-26 06:00:01;1993-11-27 06:00:00;1993-11-26;2.8;G
1993-11-27 06:00:01;1993-11-28 06:00:00;1993-11-27;3.2;G
1993-11-28 06:00:01;1993-11-29 06:00:00;1993-11-28;0.0;G
1993-11-29 06:00:01;1993-11-30 06:00:00;1993-11-29;0.0;G
1993-11-30 06:00:01;1993-12-01 06:00:00;1993-11-30;0.1;G
1993-12-01 06:00:01;1993-12-02 06:00:00;1993-12-01;1.4;G
1993-12-02 06:00:01;1993-12-03 06:00:00;1993-12-02;3.6;G
1993-12-03 06:00:01;1993-12-04 06:00:00;1993-12-03;0.7;G
1993-12-04 06:00:01;1993-12-05 06:00:00;1993-12-04;9.0;G
1993-12-05 06:00:01;1993-12-06 06:00:00;1993-12-05;0.1;G
1993-12-06 06:00:01;1993-12-07 06:00:00;1993-12-06;0.0;G
1993-12-07 06:00:01;1993-12-08 06:00:00;1993-12-07;7.4;G
1993-12-08 06:00:01;1993-12-09 06:00:00;1993-12-08;0.1;G
1993-12-09 06:00:01;1993-12-10 06:00:00;1993-12-09;0.0;G
1993-12-10 06:00:01;1993-12-11 06:00:00;1993-12-10;0.0;G
1993-12-11 06:00:01;1993-12-12 06:00:00;1993-12-11;2.6;G
1993-12-12 06:00:01;1993-12-13 06:00:00;1993-12-12;0.6;G
1993-12-13 06:00:01;1993-12-14 06:00:00;1993-12-13;0.0;G
1993-12-14 06:00:01;1993-12-15 06:00:00;1993-12-14;0.0;G
1993-12-15 06:00:01;1993-12-16 06:00:00;1993-12-15;0.4;G
1993-12-16 06:00:01;1993-12-17 06:00:00;1993-12-16;3.8;G
1993-12-17 06:00:01;1993-12-18 06:00:00;1993-12-17;0.5;G
1993-12-18 06:00:01;1993-12-19 06:00:00;1993-12-18;2.2;G
1993-12-19 06:00:01;1993-12-20 06:00:00;1993-12-19;8.1;G
1993-12-20 06:00:01;1993-12-21 06:00:00;1993-12-20;1.3;G
1993-12-21 06:00:01;1993-12-22 06:00:00;1993-12-21;0.1;G
1993-12-22 06:00:01;1993-12-23 06:00:00;1993-12-22;0.8;G
1993-12-23 06:00:01;1993-12-24 06:00:00;1993-12-23;4.0;G
1993-12-24 06:00:01;1993-12-25 06:00:00;1993-12-24;3.8;G
1993-12-25 06:00:01;1993-12-26 06:00:00;1993-12-25;0.1;G
1993-12-26 06:00:01;1993-12-27 06:00:00;1993-12-26;0.0;G
1993-12-27 06:00:01;1993-12-28 06:00:00;1993-12-27;0.0;G
1993-12-28 06:00:01;1993-12-29 06:00:00;1993-12-28;2.8;G
1993-12-29 06:00:01;1993-12-30 06:00:00;1993-12-29;0.0;G
1993-12-30 06:00:01;1993-12-31 06:00:00;1993-12-30;1.5;G
1993-12-31 06:00:01;1994-01-01 06:00:00;1993-12-31;0.0;G
1994-01-01 06:00:01;1994-01-02 06:00:00;1994-01-01;0.0;G
1994-01-02 06:00:01;1994-01-03 06:00:00;1994-01-02;0.0;G
1994-01-03 06:00:01;1994-01-04 06:00:00;1994-01-03;0.0;G
1994-01-04 06:00:01;1994-01-05 06:00:00;1994-01-04;0.1;G
1994-01-05 06:00:01;1994-01-06 06:00:00;1994-01-05;0.9;G
1994-01-06 06:00:01;1994-01-07 06:00:00;1994-01-06;1.1;G
1994-01-07 06:00:01;1994-01-08 06:00:00;1994-01-07;4.0;G
1994-01-08 06:00:01;1994-01-09 06:00:00;1994-01-08;0.0;G
1994-01-09 06:00:01;1994-01-10 06:00:00;1994-01-09;0.0;G
1994-01-10 06:00:01;1994-01-11 06:00:00;1994-01-10;0.0;G
1994-01-11 06:00:01;1994-01-12 06:00:00;1994-01-11;1.5;G
1994-01-12 06:00:01;1994-01-13 06:00:00;1994-01-12;9.0;G
1994-01-13 06:00:01;1994-01-14 06:00:00;1994-01-13;6.5;G
1994-01-14 06:00:01;1994-01-15 06:00:00;1994-01-14;2.8;G
1994-01-15 06:00:01;1994-01-16 06:00:00;1994-01-15;0.6;G
1994-01-16 06:00:01;1994-01-17 06:00:00;1994-01-16;0.0;G
1994-01-17 06:00:01;1994-01-18 06:00:00;1994-01-17;0.0;G
1994-01-18 06:00:01;1994-01-19 06:00:00;1994-01-18;0.0;G
1994-01-19 06:00:01;1994-01-20 06:00:00;1994-01-19;1.2;G
1994-01-20 06:00:01;1994-01-21 06:00:00;1994-01-20;0.4;G
1994-01-21 06:00:01;1994-01-22 06:00:00;1994-01-21;0.0;G
1994-01-22 06:00:01;1994-01-23 06:00:00;1994-01-22;0.0;G
1994-01-23 06:00:01;1994-01-24 06:00:00;1994-01-23;5.0;G
1994-01-24 06:00:01;1994-01-25 06:00:00;1994-01-24;0.0;G
1994-01-25 06:00:01;1994-01-26 06:00:00;1994-01-25;1.1;G
1994-01-26 06:00:01;1994-01-27 06:00:00;1994-01-26;0.5;G
1994-01-27 06:00:01;1994-01-28 06:00:00;1994-01-27;6.0;G
1994-01-28 06:00:01;1994-01-29 06:00:00;1994-01-28;0.0;G
1994-01-29 06:00:01;1994-01-30 06:00:00;1994-01-29;0.0;G
1994-01-30 06:00:01;1994-01-31 06:00:00;1994-01-30;6.3;G
1994-01-31 06:00:01;1994-02-01 06:00:00;1994-01-31;0.0;G
1994-02-01 06:00:01;1994-02-02 06:00:00;1994-02-01;0.1;G
1994-02-02 06:00:01;1994-02-03 06:00:00;1994-02-02;0.3;G
1994-02-03 06:00:01;1994-02-04 06:00:00;1994-02-03;0.0;G
1994-02-04 06:00:01;1994-02-05 06:00:00;1994-02-04;0.0;G
1994-02-05 06:00:01;1994-02-06 06:00:00;1994-02-05;0.0;G
1994-02-06 06:00:01;1994-02-07 06:00:00;1994-02-06;0.0;G
1994-02-07 06:00:01;1994-02-08 06:00:00;1994-02-07;0.0;G
1994-02-08 06:00:01;1994-02-09 06:00:00;1994-02-08;0.0;G
1994-02-09 06:00:01;1994-02-10 06:00:00;1994-02-09;0.0;G
1994-02-10 06:00:01;1994-02-11 06:00:00;1994-02-10;0.0;G
1994-02-11 06:00:01;1994-02-12 06:00:00;1994-02-11;0.1;G
1994-02-12 06:00:01;1994-02-13 06:00:00;1994-02-12;0.0;G
1994-02-13 06:00:01;1994-02-14 06:00:00;1994-02-13;0.0;G
1994-02-14 06:00:01;1994-02-15 06:00:00;1994-02-14;0.0;G
1994-02-15 06:00:01;1994-02-16 06:00:00;1994-02-15;0.0;G
1994-02-16 06:00:01;1994-02-17 06:00:00;1994-02-16;0.0;G
1994-02-17 06:00:01;1994-02-18 06:00:00;1994-02-17;0.0;G
1994-02-18 06:00:01;1994-02-19 06:00:00;1994-02-18;0.0;G
1994-02-19 06:00:01;1994-02-20 06:00:00;1994-02-19;0.0;G
1994-02-20 06:00:01;1994-02-21 06:00:00;1994-02-20;0.0;G
1994-02-21 06:00:01;1994-02-22 06:00:00;1994-02-21;0.0;G
1994-02-22 06:00:01;1994-02-23 06:00:00;1994-02-22;0.0;G
1994-02-23 06:00:01;1994-02-24 06:00:00;1994-02-23;0.1;G
1994-02-24 06:00:01;1994-02-25 06:00:00;1994-02-24;0.0;G
1994-02-25 06:00:01;1994-02-26 06:00:00;1994-02-25;0.0;G
1994-02-26 06:00:01;1994-02-27 06:00:00;1994-02-26;0.0;G
1994-02-27 06:00:01;1994-02-28 06:00:00;1994-02-27;0.0;G
1994-02-28 06:00:01;1994-03-01 06:00:00;1994-02-28;0.0;G
1994-03-01 06:00:01;1994-03-02 06:00:00;1994-03-01;0.0;G
1994-03-02 06:00:01;1994-03-03 06:00:00;1994-03-02;0.0;G
1994-03-03 06:00:01;1994-03-04 06:00:00;1994-03-03;0.6;G
1994-03-04 06:00:01;1994-03-05 06:00:00;1994-03-04;0.1;G
1994-03-05 06:00:01;1994-03-06 06:00:00;1994-03-05;4.8;G
1994-03-06 06:00:01;1994-03-07 06:00:00;1994-03-06;2.1;G
1994-03-07 06:00:01;1994-03-08 06:00:00;1994-03-07;0.1;G
1994-03-08 06:00:01;1994-03-09 06:00:00;1994-03-08;7.1;G
1994-03-09 06:00:01;1994-03-10 06:00:00;1994-03-09;0.0;G
1994-03-10 06:00:01;1994-03-11 06:00:00;1994-03-10;0.0;G
1994-03-11 06:00:01;1994-03-12 06:00:00;1994-03-11;0.0;G
1994-03-12 06:00:01;1994-03-13 06:00:00;1994-03-12;0.1;G
1994-03-13 06:00:01;1994-03-14 06:00:00;1994-03-13;8.5;G
1994-03-14 06:00:01;1994-03-15 06:00:00;1994-03-14;0.3;G
1994-03-15 06:00:01;1994-03-16 06:00:00;1994-03-15;0.0;G
1994-03-16 06:00:01;1994-03-17 06:00:00;1994-03-16;0.0;G
1994-03-17 06:00:01;1994-03-18 06:00:00;1994-03-17;0.0;G
1994-03-18 06:00:01;1994-03-19 06:00:00;1994-03-18;0.0;G
1994-03-19 06:00:01;1994-03-20 06:00:00;1994-03-19;0.0;G
1994-03-20 06:00:01;1994-03-21 06:00:00;1994-03-20;0.0;G
1994-03-21 06:00:01;1994-03-22 06:00:00;1994-03-21;0.0;G
1994-03-22 06:00:01;1994-03-23 06:00:00;1994-03-22;0.0;G
1994-03-23 06:00:01;1994-03-24 06:00:00;1994-03-23;17.4;G
1994-03-24 06:00:01;1994-03-25 06:00:00;1994-03-24;1.6;G
1994-03-25 06:00:01;1994-03-26 06:00:00;1994-03-25;0.0;G
1994-03-26 06:00:01;1994-03-27 06:00:00;1994-03-26;0.0;G
1994-03-27 06:00:01;1994-03-28 06:00:00;1994-03-27;0.0;G
1994-03-28 06:00:01;1994-03-29 06:00:00;1994-03-28;0.0;G
1994-03-29 06:00:01;1994-03-30 06:00:00;1994-03-29;6.1;G
1994-03-30 06:00:01;1994-03-31 06:00:00;1994-03-30;0.0;G
1994-03-31 06:00:01;1994-04-01 06:00:00;1994-03-31;2.8;G
1994-04-01 06:00:01;1994-04-02 06:00:00;1994-04-01;0.9;G
1994-04-02 06:00:01;1994-04-03 06:00:00;1994-04-02;0.0;G
1994-04-03 06:00:01;1994-04-04 06:00:00;1994-04-03;0.0;G
1994-04-04 06:00:01;1994-04-05 06:00:00;1994-04-04;0.0;G
1994-04-05 06:00:01;1994-04-06 06:00:00;1994-04-05;7.8;G
1994-04-06 06:00:01;1994-04-07 06:00:00;1994-04-06;0.0;G
1994-04-07 06:00:01;1994-04-08 06:00:00;1994-04-07;1.5;G
1994-04-08 06:00:01;1994-04-09 06:00:00;1994-04-08;0.0;G
1994-04-09 06:00:01;1994-04-10 06:00:00;1994-04-09;0.0;G
1994-04-10 06:00:01;1994-04-11 06:00:00;1994-04-10;0.8;G
1994-04-11 06:00:01;1994-04-12 06:00:00;1994-04-11;0.0;G
1994-04-12 06:00:01;1994-04-13 06:00:00;1994-04-12;0.0;G
1994-04-13 06:00:01;1994-04-14 06:00:00;1994-04-13;7.7;G
1994-04-14 06:00:01;1994-04-15 06:00:00;1994-04-14;0.3;G
1994-04-15 06:00:01;1994-04-16 06:00:00;1994-04-15;0.0;G
1994-04-16 06:00:01;1994-04-17 06:00:00;1994-04-16;0.4;G
1994-04-17 06:00:01;1994-04-18 06:00:00;1994-04-17;0.5;G
1994-04-18 06:00:01;1994-04-19 06:00:00;1994-04-18;0.0;G
1994-04-19 06:00:01;1994-04-20 06:00:00;1994-04-19;0.0;G
1994-04-20 06:00:01;1994-04-21 06:00:00;1994-04-20;0.0;G
1994-04-21 06:00:01;1994-04-22 06:00:00;1994-04-21;0.0;G
1994-04-22 06:00:01;1994-04-23 06:00:00;1994-04-22;0.4;G
1994-04-23 06:00:01;1994-04-24 06:00:00;1994-04-23;0.0;G
1994-04-24 06:00:01;1994-04-25 06:00:00;1994-04-24;0.0;G
1994-04-25 06:00:01;1994-04-26 06:00:00;1994-04-25;3.1;G
1994-04-26 06:00:01;1994-04-27 06:00:00;1994-04-26;0.5;G
1994-04-27 06:00:01;1994-04-28 06:00:00;1994-04-27;0.0;G
1994-04-28 06:00:01;1994-04-29 06:00:00;1994-04-28;0.0;G
1994-04-29 06:00:01;1994-04-30 06:00:00;1994-04-29;0.0;G
1994-04-30 06:00:01;1994-05-01 06:00:00;1994-04-30;7.0;G
1994-05-01 06:00:01;1994-05-02 06:00:00;1994-05-01;0.0;G
1994-05-02 06:00:01;1994-05-03 06:00:00;1994-05-02;0.0;G
1994-05-03 06:00:01;1994-05-04 06:00:00;1994-05-03;0.0;G
1994-05-04 06:00:01;1994-05-05 06:00:00;1994-05-04;0.0;G
1994-05-05 06:00:01;1994-05-06 06:00:00;1994-05-05;0.0;G
1994-05-06 06:00:01;1994-05-07 06:00:00;1994-05-06;0.0;G
1994-05-07 06:00:01;1994-05-08 06:00:00;1994-05-07;0.0;G
1994-05-08 06:00:01;1994-05-09 06:00:00;1994-05-08;0.0;G
1994-05-09 06:00:01;1994-05-10 06:00:00;1994-05-09;0.0;G
1994-05-10 06:00:01;1994-05-11 06:00:00;1994-05-10;0.0;G
1994-05-11 06:00:01;1994-05-12 06:00:00;1994-05-11;0.0;G
1994-05-12 06:00:01;1994-05-13 06:00:00;1994-05-12;0.0;G
1994-05-13 06:00:01;1994-05-14 06:00:00;1994-05-13;0.0;G
1994-05-14 06:00:01;1994-05-15 06:00:00;1994-05-14;0.0;G
1994-05-15 06:00:01;1994-05-16 06:00:00;1994-05-15;0.0;G
1994-05-16 06:00:01;1994-05-17 06:00:00;1994-05-16;0.0;G
1994-05-17 06:00:01;1994-05-18 06:00:00;1994-05-17;1.5;G
1994-05-18 06:00:01;1994-05-19 06:00:00;1994-05-18;0.0;G
1994-05-19 06:00:01;1994-05-20 06:00:00;1994-05-19;0.0;G
1994-05-20 06:00:01;1994-05-21 06:00:00;1994-05-20;0.0;G
1994-05-21 06:00:01;1994-05-22 06:00:00;1994-05-21;0.0;G
1994-05-22 06:00:01;1994-05-23 06:00:00;1994-05-22;0.0;G
1994-05-23 06:00:01;1994-05-24 06:00:00;1994-05-23;0.0;G
1994-05-24 06:00:01;1994-05-25 06:00:00;1994-05-24;0.0;G
1994-05-25 06:00:01;1994-05-26 06:00:00;1994-05-25;0.3;G
1994-05-26 06:00:01;1994-05-27 06:00:00;1994-05-26;5.6;G
1994-05-27 06:00:01;1994-05-28 06:00:00;1994-05-27;0.0;G
1994-05-28 06:00:01;1994-05-29 06:00:00;1994-05-28;0.0;G
1994-05-29 06:00:01;1994-05-30 06:00:00;1994-05-29;19.1;G
1994-05-30 06:00:01;1994-05-31 06:00:00;1994-05-30;0.1;G
1994-05-31 06:00:01;1994-06-01 06:00:00;1994-05-31;9.9;G
1994-06-01 06:00:01;1994-06-02 06:00:00;1994-06-01;0.0;G
1994-06-02 06:00:01;1994-06-03 06:00:00;1994-06-02;0.1;G
1994-06-03 06:00:01;1994-06-04 06:00:00;1994-06-03;5.6;G
1994-06-04 06:00:01;1994-06-05 06:00:00;1994-06-04;4.0;G
1994-06-05 06:00:01;1994-06-06 06:00:00;1994-06-05;1.0;G
1994-06-06 06:00:01;1994-06-07 06:00:00;1994-06-06;0.0;G
1994-06-07 06:00:01;1994-06-08 06:00:00;1994-06-07;0.4;G
1994-06-08 06:00:01;1994-06-09 06:00:00;1994-06-08;0.0;G
1994-06-09 06:00:01;1994-06-10 06:00:00;1994-06-09;1.9;G
1994-06-10 06:00:01;1994-06-11 06:00:00;1994-06-10;0.1;G
1994-06-11 06:00:01;1994-06-12 06:00:00;1994-06-11;0.0;G
1994-06-12 06:00:01;1994-06-13 06:00:00;1994-06-12;0.0;G
1994-06-13 06:00:01;1994-06-14 06:00:00;1994-06-13;0.0;G
1994-06-14 06:00:01;1994-06-15 06:00:00;1994-06-14;0.7;G
1994-06-15 06:00:01;1994-06-16 06:00:00;1994-06-15;6.7;G
1994-06-16 06:00:01;1994-06-17 06:00:00;1994-06-16;2.4;G
1994-06-17 06:00:01;1994-06-18 06:00:00;1994-06-17;1.0;G
1994-06-18 06:00:01;1994-06-19 06:00:00;1994-06-18;4.3;G
1994-06-19 06:00:01;1994-06-20 06:00:00;1994-06-19;6.1;G
1994-06-20 06:00:01;1994-06-21 06:00:00;1994-06-20;0.3;G
1994-06-21 06:00:01;1994-06-22 06:00:00;1994-06-21;5.5;G
1994-06-22 06:00:01;1994-06-23 06:00:00;1994-06-22;4.7;G
1994-06-23 06:00:01;1994-06-24 06:00:00;1994-06-23;0.3;G
1994-06-24 06:00:01;1994-06-25 06:00:00;1994-06-24;0.0;G
1994-06-25 06:00:01;1994-06-26 06:00:00;1994-06-25;0.8;G
1994-06-26 06:00:01;1994-06-27 06:00:00;1994-06-26;7.6;G
1994-06-27 06:00:01;1994-06-28 06:00:00;1994-06-27;0.1;G
1994-06-28 06:00:01;1994-06-29 06:00:00;1994-06-28;0.0;G
1994-06-29 06:00:01;1994-06-30 06:00:00;1994-06-29;0.8;G
1994-06-30 06:00:01;1994-07-01 06:00:00;1994-06-30;0.0;G
1994-07-01 06:00:01;1994-07-02 06:00:00;1994-07-01;0.0;G
1994-07-02 06:00:01;1994-07-03 06:00:00;1994-07-02;0.0;G
1994-07-03 06:00:01;1994-07-04 06:00:00;1994-07-03;0.0;G
1994-07-04 06:00:01;1994-07-05 06:00:00;1994-07-04;0.0;G
1994-07-05 06:00:01;1994-07-06 06:00:00;1994-07-05;0.0;G
1994-07-06 06:00:01;1994-07-07 06:00:00;1994-07-06;0.0;G
1994-07-07 06:00:01;1994-07-08 06:00:00;1994-07-07;0.0;G
1994-07-08 06:00:01;1994-07-09 06:00:00;1994-07-08;0.0;G
1994-07-09 06:00:01;1994-07-10 06:00:00;1994-07-09;0.0;G
1994-07-10 06:00:01;1994-07-11 06:00:00;1994-07-10;0.0;G
1994-07-11 06:00:01;1994-07-12 06:00:00;1994-07-11;0.1;G
1994-07-12 06:00:01;1994-07-13 06:00:00;1994-07-12;0.0;G
1994-07-13 06:00:01;1994-07-14 06:00:00;1994-07-13;0.0;G
1994-07-14 06:00:01;1994-07-15 06:00:00;1994-07-14;0.0;G
1994-07-15 06:00:01;1994-07-16 06:00:00;1994-07-15;1.2;G
1994-07-16 06:00:01;1994-07-17 06:00:00;1994-07-16;1.4;G
1994-07-17 06:00:01;1994-07-18 06:00:00;1994-07-17;0.0;G
1994-07-18 06:00:01;1994-07-19 06:00:00;1994-07-18;0.0;G
1994-07-19 06:00:01;1994-07-20 06:00:00;1994-07-19;0.0;G
1994-07-20 06:00:01;1994-07-21 06:00:00;1994-07-20;0.0;G
1994-07-21 06:00:01;1994-07-22 06:00:00;1994-07-21;0.0;G
1994-07-22 06:00:01;1994-07-23 06:00:00;1994-07-22;0.0;G
1994-07-23 06:00:01;1994-07-24 06:00:00;1994-07-23;0.0;G
1994-07-24 06:00:01;1994-07-25 06:00:00;1994-07-24;0.0;G
1994-07-25 06:00:01;1994-07-26 06:00:00;1994-07-25;0.0;G
1994-07-26 06:00:01;1994-07-27 06:00:00;1994-07-26;0.0;G
1994-07-27 06:00:01;1994-07-28 06:00:00;1994-07-27;0.0;G
1994-07-28 06:00:01;1994-07-29 06:00:00;1994-07-28;0.0;G
1994-07-29 06:00:01;1994-07-30 06:00:00;1994-07-29;4.8;G
1994-07-30 06:00:01;1994-07-31 06:00:00;1994-07-30;0.0;G
1994-07-31 06:00:01;1994-08-01 06:00:00;1994-07-31;0.0;G
1994-08-01 06:00:01;1994-08-02 06:00:00;1994-08-01;0.0;G
1994-08-02 06:00:01;1994-08-03 06:00:00;1994-08-02;0.0;G
1994-08-03 06:00:01;1994-08-04 06:00:00;1994-08-03;16.2;G
1994-08-04 06:00:01;1994-08-05 06:00:00;1994-08-04;0.0;G
1994-08-05 06:00:01;1994-08-06 06:00:00;1994-08-05;0.0;G
1994-08-06 06:00:01;1994-08-07 06:00:00;1994-08-06;27.7;G
1994-08-07 06:00:01;1994-08-08 06:00:00;1994-08-07;0.0;G
1994-08-08 06:00:01;1994-08-09 06:00:00;1994-08-08;0.0;G
1994-08-09 06:00:01;1994-08-10 06:00:00;1994-08-09;0.0;G
1994-08-10 06:00:01;1994-08-11 06:00:00;1994-08-10;0.0;G
1994-08-11 06:00:01;1994-08-12 06:00:00;1994-08-11;0.0;G
1994-08-12 06:00:01;1994-08-13 06:00:00;1994-08-12;0.0;G
1994-08-13 06:00:01;1994-08-14 06:00:00;1994-08-13;0.0;G
1994-08-14 06:00:01;1994-08-15 06:00:00;1994-08-14;12.1;G
1994-08-15 06:00:01;1994-08-16 06:00:00;1994-08-15;0.0;G
1994-08-16 06:00:01;1994-08-17 06:00:00;1994-08-16;0.0;G
1994-08-17 06:00:01;1994-08-18 06:00:00;1994-08-17;0.1;G
1994-08-18 06:00:01;1994-08-19 06:00:00;1994-08-18;0.0;G
1994-08-19 06:00:01;1994-08-20 06:00:00;1994-08-19;0.0;G
1994-08-20 06:00:01;1994-08-21 06:00:00;1994-08-20;0.7;G
1994-08-21 06:00:01;1994-08-22 06:00:00;1994-08-21;1.3;G
1994-08-22 06:00:01;1994-08-23 06:00:00;1994-08-22;5.4;G
1994-08-23 06:00:01;1994-08-24 06:00:00;1994-08-23;0.0;G
1994-08-24 06:00:01;1994-08-25 06:00:00;1994-08-24;0.0;G
1994-08-25 06:00:01;1994-08-26 06:00:00;1994-08-25;0.0;G
1994-08-26 06:00:01;1994-08-27 06:00:00;1994-08-26;2.9;G
1994-08-27 06:00:01;1994-08-28 06:00:00;1994-08-27;6.9;G
1994-08-28 06:00:01;1994-08-29 06:00:00;1994-08-28;0.4;G
1994-08-29 06:00:01;1994-08-30 06:00:00;1994-08-29;6.5;G
1994-08-30 06:00:01;1994-08-31 06:00:00;1994-08-30;0.0;G
1994-08-31 06:00:01;1994-09-01 06:00:00;1994-08-31;0.0;G
1994-09-01 06:00:01;1994-09-02 06:00:00;1994-09-01;0.0;G
1994-09-02 06:00:01;1994-09-03 06:00:00;1994-09-02;0.0;G
1994-09-03 06:00:01;1994-09-04 06:00:00;1994-09-03;0.8;G
1994-09-04 06:00:01;1994-09-05 06:00:00;1994-09-04;15.8;G
1994-09-05 06:00:01;1994-09-06 06:00:00;1994-09-05;6.6;G
1994-09-06 06:00:01;1994-09-07 06:00:00;1994-09-06;0.0;G
1994-09-07 06:00:01;1994-09-08 06:00:00;1994-09-07;0.0;G
1994-09-08 06:00:01;1994-09-09 06:00:00;1994-09-08;0.0;G
1994-09-09 06:00:01;1994-09-10 06:00:00;1994-09-09;13.6;G
1994-09-10 06:00:01;1994-09-11 06:00:00;1994-09-10;8.7;G
1994-09-11 06:00:01;1994-09-12 06:00:00;1994-09-11;7.6;G
1994-09-12 06:00:01;1994-09-13 06:00:00;1994-09-12;0.0;G
1994-09-13 06:00:01;1994-09-14 06:00:00;1994-09-13;5.7;G
1994-09-14 06:00:01;1994-09-15 06:00:00;1994-09-14;0.0;G
1994-09-15 06:00:01;1994-09-16 06:00:00;1994-09-15;22.1;G
1994-09-16 06:00:01;1994-09-17 06:00:00;1994-09-16;2.5;G
1994-09-17 06:00:01;1994-09-18 06:00:00;1994-09-17;3.2;G
1994-09-18 06:00:01;1994-09-19 06:00:00;1994-09-18;0.0;G
1994-09-19 06:00:01;1994-09-20 06:00:00;1994-09-19;2.1;G
1994-09-20 06:00:01;1994-09-21 06:00:00;1994-09-20;3.3;G
1994-09-21 06:00:01;1994-09-22 06:00:00;1994-09-21;0.0;G
1994-09-22 06:00:01;1994-09-23 06:00:00;1994-09-22;0.0;G
1994-09-23 06:00:01;1994-09-24 06:00:00;1994-09-23;0.0;G
1994-09-24 06:00:01;1994-09-25 06:00:00;1994-09-24;0.0;G
1994-09-25 06:00:01;1994-09-26 06:00:00;1994-09-25;0.0;G
1994-09-26 06:00:01;1994-09-27 06:00:00;1994-09-26;1.9;G
1994-09-27 06:00:01;1994-09-28 06:00:00;1994-09-27;10.8;G
1994-09-28 06:00:01;1994-09-29 06:00:00;1994-09-28;0.0;G
1994-09-29 06:00:01;1994-09-30 06:00:00;1994-09-29;0.0;G
1994-09-30 06:00:01;1994-10-01 06:00:00;1994-09-30;11.0;G
1994-10-01 06:00:01;1994-10-02 06:00:00;1994-10-01;0.2;G
1994-10-02 06:00:01;1994-10-03 06:00:00;1994-10-02;8.5;G
1994-10-03 06:00:01;1994-10-04 06:00:00;1994-10-03;8.2;G
1994-10-04 06:00:01;1994-10-05 06:00:00;1994-10-04;0.0;G
1994-10-05 06:00:01;1994-10-06 06:00:00;1994-10-05;0.0;G
1994-10-06 06:00:01;1994-10-07 06:00:00;1994-10-06;2.5;G
1994-10-07 06:00:01;1994-10-08 06:00:00;1994-10-07;0.0;G
1994-10-08 06:00:01;1994-10-09 06:00:00;1994-10-08;0.2;G
1994-10-09 06:00:01;1994-10-10 06:00:00;1994-10-09;0.0;G
1994-10-10 06:00:01;1994-10-11 06:00:00;1994-10-10;3.9;G
1994-10-11 06:00:01;1994-10-12 06:00:00;1994-10-11;1.0;G
1994-10-12 06:00:01;1994-10-13 06:00:00;1994-10-12;0.0;G
1994-10-13 06:00:01;1994-10-14 06:00:00;1994-10-13;0.0;G
1994-10-14 06:00:01;1994-10-15 06:00:00;1994-10-14;0.0;G
1994-10-15 06:00:01;1994-10-16 06:00:00;1994-10-15;0.2;G
1994-10-16 06:00:01;1994-10-17 06:00:00;1994-10-16;0.0;G
1994-10-17 06:00:01;1994-10-18 06:00:00;1994-10-17;0.0;G
1994-10-18 06:00:01;1994-10-19 06:00:00;1994-10-18;0.0;G
1994-10-19 06:00:01;1994-10-20 06:00:00;1994-10-19;0.0;G
1994-10-20 06:00:01;1994-10-21 06:00:00;1994-10-20;0.0;G
1994-10-21 06:00:01;1994-10-22 06:00:00;1994-10-21;0.0;G
1994-10-22 06:00:01;1994-10-23 06:00:00;1994-10-22;0.0;G
1994-10-23 06:00:01;1994-10-24 06:00:00;1994-10-23;0.6;G
1994-10-24 06:00:01;1994-10-25 06:00:00;1994-10-24;3.2;G
1994-10-25 06:00:01;1994-10-26 06:00:00;1994-10-25;0.0;G
1994-10-26 06:00:01;1994-10-27 06:00:00;1994-10-26;3.1;G
1994-10-27 06:00:01;1994-10-28 06:00:00;1994-10-27;0.2;G
1994-10-28 06:00:01;1994-10-29 06:00:00;1994-10-28;0.0;G
1994-10-29 06:00:01;1994-10-30 06:00:00;1994-10-29;1.3;G
1994-10-30 06:00:01;1994-10-31 06:00:00;1994-10-30;0.1;G
1994-10-31 06:00:01;1994-11-01 06:00:00;1994-10-31;7.3;G
1994-11-01 06:00:01;1994-11-02 06:00:00;1994-11-01;6.3;G
1994-11-02 06:00:01;1994-11-03 06:00:00;1994-11-02;2.5;G
1994-11-03 06:00:01;1994-11-04 06:00:00;1994-11-03;0.0;G
1994-11-04 06:00:01;1994-11-05 06:00:00;1994-11-04;0.0;G
1994-11-05 06:00:01;1994-11-06 06:00:00;1994-11-05;0.0;G
1994-11-06 06:00:01;1994-11-07 06:00:00;1994-11-06;0.0;G
1994-11-07 06:00:01;1994-11-08 06:00:00;1994-11-07;0.0;G
1994-11-08 06:00:01;1994-11-09 06:00:00;1994-11-08;0.0;G
1994-11-09 06:00:01;1994-11-10 06:00:00;1994-11-09;0.0;G
1994-11-10 06:00:01;1994-11-11 06:00:00;1994-11-10;0.0;G
1994-11-11 06:00:01;1994-11-12 06:00:00;1994-11-11;0.3;G
1994-11-12 06:00:01;1994-11-13 06:00:00;1994-11-12;0.0;G
1994-11-13 06:00:01;1994-11-14 06:00:00;1994-11-13;0.4;G
1994-11-14 06:00:01;1994-11-15 06:00:00;1994-11-14;13.4;G
1994-11-15 06:00:01;1994-11-16 06:00:00;1994-11-15;0.0;G
1994-11-16 06:00:01;1994-11-17 06:00:00;1994-11-16;0.0;G
1994-11-17 06:00:01;1994-11-18 06:00:00;1994-11-17;0.0;G
1994-11-18 06:00:01;1994-11-19 06:00:00;1994-11-18;0.0;G
1994-11-19 06:00:01;1994-11-20 06:00:00;1994-11-19;1.3;G
1994-11-20 06:00:01;1994-11-21 06:00:00;1994-11-20;0.2;G
1994-11-21 06:00:01;1994-11-22 06:00:00;1994-11-21;0.0;G
1994-11-22 06:00:01;1994-11-23 06:00:00;1994-11-22;0.0;G
1994-11-23 06:00:01;1994-11-24 06:00:00;1994-11-23;0.0;G
1994-11-24 06:00:01;1994-11-25 06:00:00;1994-11-24;0.0;G
1994-11-25 06:00:01;1994-11-26 06:00:00;1994-11-25;0.0;G
1994-11-26 06:00:01;1994-11-27 06:00:00;1994-11-26;0.0;G
1994-11-27 06:00:01;1994-11-28 06:00:00;1994-11-27;0.0;G
1994-11-28 06:00:01;1994-11-29 06:00:00;1994-11-28;0.0;G
1994-11-29 06:00:01;1994-11-30 06:00:00;1994-11-29;0.0;G
1994-11-30 06:00:01;1994-12-01 06:00:00;1994-11-30;0.0;G
1994-12-01 06:00:01;1994-12-02 06:00:00;1994-12-01;0.0;G
1994-12-02 06:00:01;1994-12-03 06:00:00;1994-12-02;0.0;G
1994-12-03 06:00:01;1994-12-04 06:00:00;1994-12-03;0.0;G
1994-12-04 06:00:01;1994-12-05 06:00:00;1994-12-04;1.1;G
1994-12-05 06:00:01;1994-12-06 06:00:00;1994-12-05;2.3;G
1994-12-06 06:00:01;1994-12-07 06:00:00;1994-12-06;0.8;G
1994-12-07 06:00:01;1994-12-08 06:00:00;1994-12-07;1.0;G
1994-12-08 06:00:01;1994-12-09 06:00:00;1994-12-08;8.8;G
1994-12-09 06:00:01;1994-12-10 06:00:00;1994-12-09;1.5;G
1994-12-10 06:00:01;1994-12-11 06:00:00;1994-12-10;11.1;G
1994-12-11 06:00:01;1994-12-12 06:00:00;1994-12-11;0.0;G
1994-12-12 06:00:01;1994-12-13 06:00:00;1994-12-12;0.0;G
1994-12-13 06:00:01;1994-12-14 06:00:00;1994-12-13;0.0;G
1994-12-14 06:00:01;1994-12-15 06:00:00;1994-12-14;0.0;G
1994-12-15 06:00:01;1994-12-16 06:00:00;1994-12-15;0.0;G
1994-12-16 06:00:01;1994-12-17 06:00:00;1994-12-16;2.6;G
1994-12-17 06:00:01;1994-12-18 06:00:00;1994-12-17;1.4;G
1994-12-18 06:00:01;1994-12-19 06:00:00;1994-12-18;0.2;G
1994-12-19 06:00:01;1994-12-20 06:00:00;1994-12-19;4.2;G
1994-12-20 06:00:01;1994-12-21 06:00:00;1994-12-20;0.0;G
1994-12-21 06:00:01;1994-12-22 06:00:00;1994-12-21;0.0;G
1994-12-22 06:00:01;1994-12-23 06:00:00;1994-12-22;0.0;G
1994-12-23 06:00:01;1994-12-24 06:00:00;1994-12-23;0.0;G
1994-12-24 06:00:01;1994-12-25 06:00:00;1994-12-24;0.0;G
1994-12-25 06:00:01;1994-12-26 06:00:00;1994-12-25;0.0;G
1994-12-26 06:00:01;1994-12-27 06:00:00;1994-12-26;0.1;G
1994-12-27 06:00:01;1994-12-28 06:00:00;1994-12-27;5.0;G
1994-12-28 06:00:01;1994-12-29 06:00:00;1994-12-28;3.1;G
1994-12-29 06:00:01;1994-12-30 06:00:00;1994-12-29;4.4;G
1994-12-30 06:00:01;1994-12-31 06:00:00;1994-12-30;1.3;G
1994-12-31 06:00:01;1995-01-01 06:00:00;1994-12-31;0.3;G
1995-01-01 06:00:01;1995-01-02 06:00:00;1995-01-01;0.5;G
1995-01-02 06:00:01;1995-01-03 06:00:00;1995-01-02;2.9;G
1995-01-03 06:00:01;1995-01-04 06:00:00;1995-01-03;0.0;G
1995-01-04 06:00:01;1995-01-05 06:00:00;1995-01-04;0.0;G
1995-01-05 06:00:01;1995-01-06 06:00:00;1995-01-05;0.0;G
1995-01-06 06:00:01;1995-01-07 06:00:00;1995-01-06;0.0;G
1995-01-07 06:00:01;1995-01-08 06:00:00;1995-01-07;0.1;G
1995-01-08 06:00:01;1995-01-09 06:00:00;1995-01-08;7.3;G
1995-01-09 06:00:01;1995-01-10 06:00:00;1995-01-09;1.2;G
1995-01-10 06:00:01;1995-01-11 06:00:00;1995-01-10;4.6;G
1995-01-11 06:00:01;1995-01-12 06:00:00;1995-01-11;2.6;G
1995-01-12 06:00:01;1995-01-13 06:00:00;1995-01-12;0.2;G
1995-01-13 06:00:01;1995-01-14 06:00:00;1995-01-13;0.1;G
1995-01-14 06:00:01;1995-01-15 06:00:00;1995-01-14;0.0;G
1995-01-15 06:00:01;1995-01-16 06:00:00;1995-01-15;0.0;G
1995-01-16 06:00:01;1995-01-17 06:00:00;1995-01-16;0.0;G
1995-01-17 06:00:01;1995-01-18 06:00:00;1995-01-17;0.0;G
1995-01-18 06:00:01;1995-01-19 06:00:00;1995-01-18;0.0;G
1995-01-19 06:00:01;1995-01-20 06:00:00;1995-01-19;0.0;G
1995-01-20 06:00:01;1995-01-21 06:00:00;1995-01-20;1.5;G
1995-01-21 06:00:01;1995-01-22 06:00:00;1995-01-21;4.7;G
1995-01-22 06:00:01;1995-01-23 06:00:00;1995-01-22;1.9;G
1995-01-23 06:00:01;1995-01-24 06:00:00;1995-01-23;8.8;G
1995-01-24 06:00:01;1995-01-25 06:00:00;1995-01-24;0.2;G
1995-01-25 06:00:01;1995-01-26 06:00:00;1995-01-25;0.0;G
1995-01-26 06:00:01;1995-01-27 06:00:00;1995-01-26;0.0;G
1995-01-27 06:00:01;1995-01-28 06:00:00;1995-01-27;0.0;G
1995-01-28 06:00:01;1995-01-29 06:00:00;1995-01-28;0.0;G
1995-01-29 06:00:01;1995-01-30 06:00:00;1995-01-29;0.0;G
1995-01-30 06:00:01;1995-01-31 06:00:00;1995-01-30;0.2;G
1995-01-31 06:00:01;1995-02-01 06:00:00;1995-01-31;10.3;G
1995-02-01 06:00:01;1995-02-02 06:00:00;1995-02-01;5.2;G
1995-02-02 06:00:01;1995-02-03 06:00:00;1995-02-02;0.4;G
1995-02-03 06:00:01;1995-02-04 06:00:00;1995-02-03;0.0;G
1995-02-04 06:00:01;1995-02-05 06:00:00;1995-02-04;0.0;G
1995-02-05 06:00:01;1995-02-06 06:00:00;1995-02-05;0.0;G
1995-02-06 06:00:01;1995-02-07 06:00:00;1995-02-06;5.7;G
1995-02-07 06:00:01;1995-02-08 06:00:00;1995-02-07;0.0;G
1995-02-08 06:00:01;1995-02-09 06:00:00;1995-02-08;0.0;G
1995-02-09 06:00:01;1995-02-10 06:00:00;1995-02-09;0.0;G
1995-02-10 06:00:01;1995-02-11 06:00:00;1995-02-10;0.0;G
1995-02-11 06:00:01;1995-02-12 06:00:00;1995-02-11;0.0;G
1995-02-12 06:00:01;1995-02-13 06:00:00;1995-02-12;6.6;G
1995-02-13 06:00:01;1995-02-14 06:00:00;1995-02-13;0.1;G
1995-02-14 06:00:01;1995-02-15 06:00:00;1995-02-14;3.6;G
1995-02-15 06:00:01;1995-02-16 06:00:00;1995-02-15;16.5;G
1995-02-16 06:00:01;1995-02-17 06:00:00;1995-02-16;0.0;G
1995-02-17 06:00:01;1995-02-18 06:00:00;1995-02-17;3.0;G
1995-02-18 06:00:01;1995-02-19 06:00:00;1995-02-18;0.0;G
1995-02-19 06:00:01;1995-02-20 06:00:00;1995-02-19;3.1;G
1995-02-20 06:00:01;1995-02-21 06:00:00;1995-02-20;0.0;G
1995-02-21 06:00:01;1995-02-22 06:00:00;1995-02-21;2.7;G
1995-02-22 06:00:01;1995-02-23 06:00:00;1995-02-22;0.5;G
1995-02-23 06:00:01;1995-02-24 06:00:00;1995-02-23;0.9;G
1995-02-24 06:00:01;1995-02-25 06:00:00;1995-02-24;0.1;G
1995-02-25 06:00:01;1995-02-26 06:00:00;1995-02-25;0.0;G
1995-02-26 06:00:01;1995-02-27 06:00:00;1995-02-26;0.0;G
1995-02-27 06:00:01;1995-02-28 06:00:00;1995-02-27;0.0;G
1995-02-28 06:00:01;1995-03-01 06:00:00;1995-02-28;0.2;G
1995-03-01 06:00:01;1995-03-02 06:00:00;1995-03-01;0.0;G
1995-03-02 06:00:01;1995-03-03 06:00:00;1995-03-02;0.6;G
1995-03-03 06:00:01;1995-03-04 06:00:00;1995-03-03;1.8;G
1995-03-04 06:00:01;1995-03-05 06:00:00;1995-03-04;0.5;G
1995-03-05 06:00:01;1995-03-06 06:00:00;1995-03-05;0.0;G
1995-03-06 06:00:01;1995-03-07 06:00:00;1995-03-06;2.5;G
1995-03-07 06:00:01;1995-03-08 06:00:00;1995-03-07;2.0;G
1995-03-08 06:00:01;1995-03-09 06:00:00;1995-03-08;0.0;G
1995-03-09 06:00:01;1995-03-10 06:00:00;1995-03-09;0.2;G
1995-03-10 06:00:01;1995-03-11 06:00:00;1995-03-10;0.0;G
1995-03-11 06:00:01;1995-03-12 06:00:00;1995-03-11;0.0;G
1995-03-12 06:00:01;1995-03-13 06:00:00;1995-03-12;0.0;G
1995-03-13 06:00:01;1995-03-14 06:00:00;1995-03-13;0.0;G
1995-03-14 06:00:01;1995-03-15 06:00:00;1995-03-14;0.0;G
1995-03-15 06:00:01;1995-03-16 06:00:00;1995-03-15;2.0;G
1995-03-16 06:00:01;1995-03-17 06:00:00;1995-03-16;1.6;G
1995-03-17 06:00:01;1995-03-18 06:00:00;1995-03-17;10.1;G
1995-03-18 06:00:01;1995-03-19 06:00:00;1995-03-18;3.8;G
1995-03-19 06:00:01;1995-03-20 06:00:00;1995-03-19;0.2;G
1995-03-20 06:00:01;1995-03-21 06:00:00;1995-03-20;0.0;G
1995-03-21 06:00:01;1995-03-22 06:00:00;1995-03-21;0.1;G
1995-03-22 06:00:01;1995-03-23 06:00:00;1995-03-22;0.1;G
1995-03-23 06:00:01;1995-03-24 06:00:00;1995-03-23;0.1;G
1995-03-24 06:00:01;1995-03-25 06:00:00;1995-03-24;0.0;G
1995-03-25 06:00:01;1995-03-26 06:00:00;1995-03-25;0.0;G
1995-03-26 06:00:01;1995-03-27 06:00:00;1995-03-26;1.3;G
1995-03-27 06:00:01;1995-03-28 06:00:00;1995-03-27;3.9;G
1995-03-28 06:00:01;1995-03-29 06:00:00;1995-03-28;0.0;G
1995-03-29 06:00:01;1995-03-30 06:00:00;1995-03-29;0.0;G
1995-03-30 06:00:01;1995-03-31 06:00:00;1995-03-30;0.0;G
1995-03-31 06:00:01;1995-04-01 06:00:00;1995-03-31;3.0;G
1995-04-01 06:00:01;1995-04-02 06:00:00;1995-04-01;0.5;G
1995-04-02 06:00:01;1995-04-03 06:00:00;1995-04-02;0.4;G
1995-04-03 06:00:01;1995-04-04 06:00:00;1995-04-03;0.0;G
1995-04-04 06:00:01;1995-04-05 06:00:00;1995-04-04;0.0;G
1995-04-05 06:00:01;1995-04-06 06:00:00;1995-04-05;0.0;G
1995-04-06 06:00:01;1995-04-07 06:00:00;1995-04-06;3.0;G
1995-04-07 06:00:01;1995-04-08 06:00:00;1995-04-07;7.4;G
1995-04-08 06:00:01;1995-04-09 06:00:00;1995-04-08;0.3;G
1995-04-09 06:00:01;1995-04-10 06:00:00;1995-04-09;0.0;G
1995-04-10 06:00:01;1995-04-11 06:00:00;1995-04-10;0.0;G
1995-04-11 06:00:01;1995-04-12 06:00:00;1995-04-11;0.0;G
1995-04-12 06:00:01;1995-04-13 06:00:00;1995-04-12;0.0;G
1995-04-13 06:00:01;1995-04-14 06:00:00;1995-04-13;0.0;G
1995-04-14 06:00:01;1995-04-15 06:00:00;1995-04-14;0.0;G
1995-04-15 06:00:01;1995-04-16 06:00:00;1995-04-15;0.3;G
1995-04-16 06:00:01;1995-04-17 06:00:00;1995-04-16;0.9;G
1995-04-17 06:00:01;1995-04-18 06:00:00;1995-04-17;5.3;G
1995-04-18 06:00:01;1995-04-19 06:00:00;1995-04-18;9.6;G
1995-04-19 06:00:01;1995-04-20 06:00:00;1995-04-19;9.3;G
1995-04-20 06:00:01;1995-04-21 06:00:00;1995-04-20;24.3;G
1995-04-21 06:00:01;1995-04-22 06:00:00;1995-04-21;0.0;G
1995-04-22 06:00:01;1995-04-23 06:00:00;1995-04-22;0.2;G
1995-04-23 06:00:01;1995-04-24 06:00:00;1995-04-23;0.0;G
1995-04-24 06:00:01;1995-04-25 06:00:00;1995-04-24;0.0;G
1995-04-25 06:00:01;1995-04-26 06:00:00;1995-04-25;0.0;G
1995-04-26 06:00:01;1995-04-27 06:00:00;1995-04-26;0.0;G
1995-04-27 06:00:01;1995-04-28 06:00:00;1995-04-27;21.8;G
1995-04-28 06:00:01;1995-04-29 06:00:00;1995-04-28;19.6;G
1995-04-29 06:00:01;1995-04-30 06:00:00;1995-04-29;0.4;G
1995-04-30 06:00:01;1995-05-01 06:00:00;1995-04-30;0.0;G
1995-05-01 06:00:01;1995-05-02 06:00:00;1995-05-01;0.0;G
1995-05-02 06:00:01;1995-05-03 06:00:00;1995-05-02;0.0;G
1995-05-03 06:00:01;1995-05-04 06:00:00;1995-05-03;0.2;G
1995-05-04 06:00:01;1995-05-05 06:00:00;1995-05-04;0.0;G
1995-05-05 06:00:01;1995-05-06 06:00:00;1995-05-05;1.3;G
1995-05-06 06:00:01;1995-05-07 06:00:00;1995-05-06;6.2;G
1995-05-07 06:00:01;1995-05-08 06:00:00;1995-05-07;0.0;G
1995-05-08 06:00:01;1995-05-09 06:00:00;1995-05-08;0.0;G
1995-05-09 06:00:01;1995-05-10 06:00:00;1995-05-09;0.0;G
1995-05-10 06:00:01;1995-05-11 06:00:00;1995-05-10;0.0;G
1995-05-11 06:00:01;1995-05-12 06:00:00;1995-05-11;0.0;G
1995-05-12 06:00:01;1995-05-13 06:00:00;1995-05-12;0.0;G
1995-05-13 06:00:01;1995-05-14 06:00:00;1995-05-13;3.3;G
1995-05-14 06:00:01;1995-05-15 06:00:00;1995-05-14;10.2;G
1995-05-15 06:00:01;1995-05-16 06:00:00;1995-05-15;2.5;G
1995-05-16 06:00:01;1995-05-17 06:00:00;1995-05-16;1.8;G
1995-05-17 06:00:01;1995-05-18 06:00:00;1995-05-17;3.3;G
1995-05-18 06:00:01;1995-05-19 06:00:00;1995-05-18;1.0;G
1995-05-19 06:00:01;1995-05-20 06:00:00;1995-05-19;0.0;G
1995-05-20 06:00:01;1995-05-21 06:00:00;1995-05-20;0.0;G
1995-05-21 06:00:01;1995-05-22 06:00:00;1995-05-21;6.0;G
1995-05-22 06:00:01;1995-05-23 06:00:00;1995-05-22;1.0;G
1995-05-23 06:00:01;1995-05-24 06:00:00;1995-05-23;0.0;G
1995-05-24 06:00:01;1995-05-25 06:00:00;1995-05-24;0.0;G
1995-05-25 06:00:01;1995-05-26 06:00:00;1995-05-25;0.0;G
1995-05-26 06:00:01;1995-05-27 06:00:00;1995-05-26;0.0;G
1995-05-27 06:00:01;1995-05-28 06:00:00;1995-05-27;0.0;G
1995-05-28 06:00:01;1995-05-29 06:00:00;1995-05-28;0.0;G
1995-05-29 06:00:01;1995-05-30 06:00:00;1995-05-29;0.0;G
1995-05-30 06:00:01;1995-05-31 06:00:00;1995-05-30;0.0;G
1995-05-31 06:00:01;1995-06-01 06:00:00;1995-05-31;0.0;G
1995-06-01 06:00:01;1995-06-02 06:00:00;1995-06-01;0.0;G
1995-06-02 06:00:01;1995-06-03 06:00:00;1995-06-02;0.8;G
1995-06-03 06:00:01;1995-06-04 06:00:00;1995-06-03;0.0;G
1995-06-04 06:00:01;1995-06-05 06:00:00;1995-06-04;0.7;G
1995-06-05 06:00:01;1995-06-06 06:00:00;1995-06-05;1.1;G
1995-06-06 06:00:01;1995-06-07 06:00:00;1995-06-06;0.0;G
1995-06-07 06:00:01;1995-06-08 06:00:00;1995-06-07;0.4;G
1995-06-08 06:00:01;1995-06-09 06:00:00;1995-06-08;4.7;G
1995-06-09 06:00:01;1995-06-10 06:00:00;1995-06-09;0.0;G
1995-06-10 06:00:01;1995-06-11 06:00:00;1995-06-10;1.5;G
1995-06-11 06:00:01;1995-06-12 06:00:00;1995-06-11;14.2;G
1995-06-12 06:00:01;1995-06-13 06:00:00;1995-06-12;0.3;G
1995-06-13 06:00:01;1995-06-14 06:00:00;1995-06-13;4.7;G
1995-06-14 06:00:01;1995-06-15 06:00:00;1995-06-14;4.0;G
1995-06-15 06:00:01;1995-06-16 06:00:00;1995-06-15;4.4;G
1995-06-16 06:00:01;1995-06-17 06:00:00;1995-06-16;0.0;G
1995-06-17 06:00:01;1995-06-18 06:00:00;1995-06-17;0.0;G
1995-06-18 06:00:01;1995-06-19 06:00:00;1995-06-18;7.0;G
1995-06-19 06:00:01;1995-06-20 06:00:00;1995-06-19;0.6;G
1995-06-20 06:00:01;1995-06-21 06:00:00;1995-06-20;0.0;G
1995-06-21 06:00:01;1995-06-22 06:00:00;1995-06-21;7.1;G
1995-06-22 06:00:01;1995-06-23 06:00:00;1995-06-22;0.3;G
1995-06-23 06:00:01;1995-06-24 06:00:00;1995-06-23;1.6;G
1995-06-24 06:00:01;1995-06-25 06:00:00;1995-06-24;0.0;G
1995-06-25 06:00:01;1995-06-26 06:00:00;1995-06-25;0.0;G
1995-06-26 06:00:01;1995-06-27 06:00:00;1995-06-26;0.0;G
1995-06-27 06:00:01;1995-06-28 06:00:00;1995-06-27;0.0;G
1995-06-28 06:00:01;1995-06-29 06:00:00;1995-06-28;0.7;G
1995-06-29 06:00:01;1995-06-30 06:00:00;1995-06-29;0.0;G
1995-06-30 06:00:01;1995-07-01 06:00:00;1995-06-30;0.0;G
1995-07-01 06:00:01;1995-07-02 06:00:00;1995-07-01;0.0;G
1995-07-02 06:00:01;1995-07-03 06:00:00;1995-07-02;0.0;G
1995-07-03 06:00:01;1995-07-04 06:00:00;1995-07-03;3.1;G
1995-07-04 06:00:01;1995-07-05 06:00:00;1995-07-04;2.3;G
1995-07-05 06:00:01;1995-07-06 06:00:00;1995-07-05;0.0;G
1995-07-06 06:00:01;1995-07-07 06:00:00;1995-07-06;0.0;G
1995-07-07 06:00:01;1995-07-08 06:00:00;1995-07-07;0.0;G
1995-07-08 06:00:01;1995-07-09 06:00:00;1995-07-08;0.0;G
1995-07-09 06:00:01;1995-07-10 06:00:00;1995-07-09;0.0;G
1995-07-10 06:00:01;1995-07-11 06:00:00;1995-07-10;0.0;G
1995-07-11 06:00:01;1995-07-12 06:00:00;1995-07-11;0.0;G
1995-07-12 06:00:01;1995-07-13 06:00:00;1995-07-12;0.0;G
1995-07-13 06:00:01;1995-07-14 06:00:00;1995-07-13;0.0;G
1995-07-14 06:00:01;1995-07-15 06:00:00;1995-07-14;0.0;G
1995-07-15 06:00:01;1995-07-16 06:00:00;1995-07-15;0.0;G
1995-07-16 06:00:01;1995-07-17 06:00:00;1995-07-16;10.6;G
1995-07-17 06:00:01;1995-07-18 06:00:00;1995-07-17;22.2;G
1995-07-18 06:00:01;1995-07-19 06:00:00;1995-07-18;0.0;G
1995-07-19 06:00:01;1995-07-20 06:00:00;1995-07-19;0.8;G
1995-07-20 06:00:01;1995-07-21 06:00:00;1995-07-20;0.0;G
1995-07-21 06:00:01;1995-07-22 06:00:00;1995-07-21;3.3;G
1995-07-22 06:00:01;1995-07-23 06:00:00;1995-07-22;0.1;G
1995-07-23 06:00:01;1995-07-24 06:00:00;1995-07-23;0.0;G
1995-07-24 06:00:01;1995-07-25 06:00:00;1995-07-24;0.0;G
1995-07-25 06:00:01;1995-07-26 06:00:00;1995-07-25;0.0;G
1995-07-26 06:00:01;1995-07-27 06:00:00;1995-07-26;0.1;G
1995-07-27 06:00:01;1995-07-28 06:00:00;1995-07-27;0.0;G
1995-07-28 06:00:01;1995-07-29 06:00:00;1995-07-28;0.0;G
1995-07-29 06:00:01;1995-07-30 06:00:00;1995-07-29;0.0;G
1995-07-30 06:00:01;1995-07-31 06:00:00;1995-07-30;0.0;G
1995-07-31 06:00:01;1995-08-01 06:00:00;1995-07-31;0.0;G
1995-08-01 06:00:01;1995-08-02 06:00:00;1995-08-01;0.0;G
1995-08-02 06:00:01;1995-08-03 06:00:00;1995-08-02;0.0;G
1995-08-03 06:00:01;1995-08-04 06:00:00;1995-08-03;0.0;G
1995-08-04 06:00:01;1995-08-05 06:00:00;1995-08-04;0.0;G
1995-08-05 06:00:01;1995-08-06 06:00:00;1995-08-05;0.0;G
1995-08-06 06:00:01;1995-08-07 06:00:00;1995-08-06;0.5;G
1995-08-07 06:00:01;1995-08-08 06:00:00;1995-08-07;0.1;G
1995-08-08 06:00:01;1995-08-09 06:00:00;1995-08-08;0.0;G
1995-08-09 06:00:01;1995-08-10 06:00:00;1995-08-09;0.0;G
1995-08-10 06:00:01;1995-08-11 06:00:00;1995-08-10;0.0;G
1995-08-11 06:00:01;1995-08-12 06:00:00;1995-08-11;0.0;G
1995-08-12 06:00:01;1995-08-13 06:00:00;1995-08-12;0.0;G
1995-08-13 06:00:01;1995-08-14 06:00:00;1995-08-13;2.8;G
1995-08-14 06:00:01;1995-08-15 06:00:00;1995-08-14;0.2;G
1995-08-15 06:00:01;1995-08-16 06:00:00;1995-08-15;0.0;G
1995-08-16 06:00:01;1995-08-17 06:00:00;1995-08-16;0.0;G
1995-08-17 06:00:01;1995-08-18 06:00:00;1995-08-17;0.0;G
1995-08-18 06:00:01;1995-08-19 06:00:00;1995-08-18;0.0;G
1995-08-19 06:00:01;1995-08-20 06:00:00;1995-08-19;0.0;G
1995-08-20 06:00:01;1995-08-21 06:00:00;1995-08-20;0.0;G
1995-08-21 06:00:01;1995-08-22 06:00:00;1995-08-21;0.0;G
1995-08-22 06:00:01;1995-08-23 06:00:00;1995-08-22;0.0;G
1995-08-23 06:00:01;1995-08-24 06:00:00;1995-08-23;0.5;G
1995-08-24 06:00:01;1995-08-25 06:00:00;1995-08-24;5.4;G
1995-08-25 06:00:01;1995-08-26 06:00:00;1995-08-25;3.6;G
1995-08-26 06:00:01;1995-08-27 06:00:00;1995-08-26;0.0;G
1995-08-27 06:00:01;1995-08-28 06:00:00;1995-08-27;0.0;G
1995-08-28 06:00:01;1995-08-29 06:00:00;1995-08-28;0.0;G
1995-08-29 06:00:01;1995-08-30 06:00:00;1995-08-29;0.0;G
1995-08-30 06:00:01;1995-08-31 06:00:00;1995-08-30;0.1;G
1995-08-31 06:00:01;1995-09-01 06:00:00;1995-08-31;0.0;G
1995-09-01 06:00:01;1995-09-02 06:00:00;1995-09-01;0.8;G
1995-09-02 06:00:01;1995-09-03 06:00:00;1995-09-02;0.0;G
1995-09-03 06:00:01;1995-09-04 06:00:00;1995-09-03;0.5;G
1995-09-04 06:00:01;1995-09-05 06:00:00;1995-09-04;2.7;G
1995-09-05 06:00:01;1995-09-06 06:00:00;1995-09-05;12.2;G
1995-09-06 06:00:01;1995-09-07 06:00:00;1995-09-06;0.0;G
1995-09-07 06:00:01;1995-09-08 06:00:00;1995-09-07;0.1;G
1995-09-08 06:00:01;1995-09-09 06:00:00;1995-09-08;1.9;G
1995-09-09 06:00:01;1995-09-10 06:00:00;1995-09-09;1.0;G
1995-09-10 06:00:01;1995-09-11 06:00:00;1995-09-10;0.0;G
1995-09-11 06:00:01;1995-09-12 06:00:00;1995-09-11;0.3;G
1995-09-12 06:00:01;1995-09-13 06:00:00;1995-09-12;0.0;G
1995-09-13 06:00:01;1995-09-14 06:00:00;1995-09-13;0.0;G
1995-09-14 06:00:01;1995-09-15 06:00:00;1995-09-14;0.0;G
1995-09-15 06:00:01;1995-09-16 06:00:00;1995-09-15;0.0;G
1995-09-16 06:00:01;1995-09-17 06:00:00;1995-09-16;0.0;G
1995-09-17 06:00:01;1995-09-18 06:00:00;1995-09-17;0.0;G
1995-09-18 06:00:01;1995-09-19 06:00:00;1995-09-18;0.0;G
1995-09-19 06:00:01;1995-09-20 06:00:00;1995-09-19;1.4;G
1995-09-20 06:00:01;1995-09-21 06:00:00;1995-09-20;0.0;G
1995-09-21 06:00:01;1995-09-22 06:00:00;1995-09-21;0.0;G
1995-09-22 06:00:01;1995-09-23 06:00:00;1995-09-22;0.0;G
1995-09-23 06:00:01;1995-09-24 06:00:00;1995-09-23;0.1;G
1995-09-24 06:00:01;1995-09-25 06:00:00;1995-09-24;0.0;G
1995-09-25 06:00:01;1995-09-26 06:00:00;1995-09-25;0.2;G
1995-09-26 06:00:01;1995-09-27 06:00:00;1995-09-26;0.0;G
1995-09-27 06:00:01;1995-09-28 06:00:00;1995-09-27;0.0;G
1995-09-28 06:00:01;1995-09-29 06:00:00;1995-09-28;17.3;G
1995-09-29 06:00:01;1995-09-30 06:00:00;1995-09-29;26.8;G
1995-09-30 06:00:01;1995-10-01 06:00:00;1995-09-30;37.6;G
1995-10-01 06:00:01;1995-10-02 06:00:00;1995-10-01;0.0;G
1995-10-02 06:00:01;1995-10-03 06:00:00;1995-10-02;0.5;G
1995-10-03 06:00:01;1995-10-04 06:00:00;1995-10-03;0.0;G
1995-10-04 06:00:01;1995-10-05 06:00:00;1995-10-04;0.4;G
1995-10-05 06:00:01;1995-10-06 06:00:00;1995-10-05;1.9;G
1995-10-06 06:00:01;1995-10-07 06:00:00;1995-10-06;0.0;G
1995-10-07 06:00:01;1995-10-08 06:00:00;1995-10-07;2.4;G
1995-10-08 06:00:01;1995-10-09 06:00:00;1995-10-08;0.0;G
1995-10-09 06:00:01;1995-10-10 06:00:00;1995-10-09;0.0;G
1995-10-10 06:00:01;1995-10-11 06:00:00;1995-10-10;0.0;G
1995-10-11 06:00:01;1995-10-12 06:00:00;1995-10-11;0.0;G
1995-10-12 06:00:01;1995-10-13 06:00:00;1995-10-12;0.0;G
1995-10-13 06:00:01;1995-10-14 06:00:00;1995-10-13;0.0;G
1995-10-14 06:00:01;1995-10-15 06:00:00;1995-10-14;0.3;G
1995-10-15 06:00:01;1995-10-16 06:00:00;1995-10-15;2.4;G
1995-10-16 06:00:01;1995-10-17 06:00:00;1995-10-16;0.0;G
1995-10-17 06:00:01;1995-10-18 06:00:00;1995-10-17;5.8;G
1995-10-18 06:00:01;1995-10-19 06:00:00;1995-10-18;6.5;G
1995-10-19 06:00:01;1995-10-20 06:00:00;1995-10-19;0.7;G
1995-10-20 06:00:01;1995-10-21 06:00:00;1995-10-20;0.3;G
1995-10-21 06:00:01;1995-10-22 06:00:00;1995-10-21;0.0;G
1995-10-22 06:00:01;1995-10-23 06:00:00;1995-10-22;0.5;G
1995-10-23 06:00:01;1995-10-24 06:00:00;1995-10-23;0.0;G
1995-10-24 06:00:01;1995-10-25 06:00:00;1995-10-24;0.0;G
1995-10-25 06:00:01;1995-10-26 06:00:00;1995-10-25;0.8;G
1995-10-26 06:00:01;1995-10-27 06:00:00;1995-10-26;0.1;G
1995-10-27 06:00:01;1995-10-28 06:00:00;1995-10-27;4.3;G
1995-10-28 06:00:01;1995-10-29 06:00:00;1995-10-28;1.5;G
1995-10-29 06:00:01;1995-10-30 06:00:00;1995-10-29;0.0;G
1995-10-30 06:00:01;1995-10-31 06:00:00;1995-10-30;0.0;G
1995-10-31 06:00:01;1995-11-01 06:00:00;1995-10-31;0.0;G
1995-11-01 06:00:01;1995-11-02 06:00:00;1995-11-01;0.0;G
1995-11-02 06:00:01;1995-11-03 06:00:00;1995-11-02;3.0;G
1995-11-03 06:00:01;1995-11-04 06:00:00;1995-11-03;13.0;G
1995-11-04 06:00:01;1995-11-05 06:00:00;1995-11-04;0.2;G
1995-11-05 06:00:01;1995-11-06 06:00:00;1995-11-05;0.0;G
1995-11-06 06:00:01;1995-11-07 06:00:00;1995-11-06;0.0;G
1995-11-07 06:00:01;1995-11-08 06:00:00;1995-11-07;0.0;G
1995-11-08 06:00:01;1995-11-09 06:00:00;1995-11-08;0.0;G
1995-11-09 06:00:01;1995-11-10 06:00:00;1995-11-09;1.1;G
1995-11-10 06:00:01;1995-11-11 06:00:00;1995-11-10;0.0;G
1995-11-11 06:00:01;1995-11-12 06:00:00;1995-11-11;0.0;G
1995-11-12 06:00:01;1995-11-13 06:00:00;1995-11-12;0.0;G
1995-11-13 06:00:01;1995-11-14 06:00:00;1995-11-13;0.0;G
1995-11-14 06:00:01;1995-11-15 06:00:00;1995-11-14;0.1;G
1995-11-15 06:00:01;1995-11-16 06:00:00;1995-11-15;3.3;G
1995-11-16 06:00:01;1995-11-17 06:00:00;1995-11-16;1.0;G
1995-11-17 06:00:01;1995-11-18 06:00:00;1995-11-17;1.2;G
1995-11-18 06:00:01;1995-11-19 06:00:00;1995-11-18;0.0;G
1995-11-19 06:00:01;1995-11-20 06:00:00;1995-11-19;1.0;G
1995-11-20 06:00:01;1995-11-21 06:00:00;1995-11-20;0.0;G
1995-11-21 06:00:01;1995-11-22 06:00:00;1995-11-21;0.0;G
1995-11-22 06:00:01;1995-11-23 06:00:00;1995-11-22;2.0;G
1995-11-23 06:00:01;1995-11-24 06:00:00;1995-11-23;1.2;G
1995-11-24 06:00:01;1995-11-25 06:00:00;1995-11-24;4.0;G
1995-11-25 06:00:01;1995-11-26 06:00:00;1995-11-25;1.0;G
1995-11-26 06:00:01;1995-11-27 06:00:00;1995-11-26;1.0;G
1995-11-27 06:00:01;1995-11-28 06:00:00;1995-11-27;3.1;G
1995-11-28 06:00:01;1995-11-29 06:00:00;1995-11-28;0.0;G
1995-11-29 06:00:01;1995-11-30 06:00:00;1995-11-29;0.0;G
1995-11-30 06:00:01;1995-12-01 06:00:00;1995-11-30;0.0;G
1995-12-01 06:00:01;1995-12-02 06:00:00;1995-12-01;0.0;G
1995-12-02 06:00:01;1995-12-03 06:00:00;1995-12-02;1.0;G
1995-12-03 06:00:01;1995-12-04 06:00:00;1995-12-03;0.0;G
1995-12-04 06:00:01;1995-12-05 06:00:00;1995-12-04;0.0;G
1995-12-05 06:00:01;1995-12-06 06:00:00;1995-12-05;0.2;G
1995-12-06 06:00:01;1995-12-07 06:00:00;1995-12-06;0.3;G
1995-12-07 06:00:01;1995-12-08 06:00:00;1995-12-07;0.0;G
1995-12-08 06:00:01;1995-12-09 06:00:00;1995-12-08;1.0;G
1995-12-09 06:00:01;1995-12-10 06:00:00;1995-12-09;0.0;G
1995-12-10 06:00:01;1995-12-11 06:00:00;1995-12-10;2.0;G
1995-12-11 06:00:01;1995-12-12 06:00:00;1995-12-11;0.0;G
1995-12-12 06:00:01;1995-12-13 06:00:00;1995-12-12;1.0;G
1995-12-13 06:00:01;1995-12-14 06:00:00;1995-12-13;0.0;G
1995-12-14 06:00:01;1995-12-15 06:00:00;1995-12-14;0.0;G
1995-12-15 06:00:01;1995-12-16 06:00:00;1995-12-15;0.0;G
1995-12-16 06:00:01;1995-12-17 06:00:00;1995-12-16;0.0;G
1995-12-17 06:00:01;1995-12-18 06:00:00;1995-12-17;1.0;G
1995-12-18 06:00:01;1995-12-19 06:00:00;1995-12-18;0.0;G
1995-12-19 06:00:01;1995-12-20 06:00:00;1995-12-19;0.0;G
1995-12-20 06:00:01;1995-12-21 06:00:00;1995-12-20;0.0;G
1995-12-21 06:00:01;1995-12-22 06:00:00;1995-12-21;0.0;G
1995-12-22 06:00:01;1995-12-23 06:00:00;1995-12-22;4.0;G
1995-12-23 06:00:01;1995-12-24 06:00:00;1995-12-23;1.0;G
1995-12-24 06:00:01;1995-12-25 06:00:00;1995-12-24;0.0;G
1995-12-25 06:00:01;1995-12-26 06:00:00;1995-12-25;0.0;G
1995-12-26 06:00:01;1995-12-27 06:00:00;1995-12-26;0.0;G
1995-12-27 06:00:01;1995-12-28 06:00:00;1995-12-27;0.0;G
1995-12-28 06:00:01;1995-12-29 06:00:00;1995-12-28;0.0;G
1995-12-29 06:00:01;1995-12-30 06:00:00;1995-12-29;0.4;G
1995-12-30 06:00:01;1995-12-31 06:00:00;1995-12-30;0.0;G
1995-12-31 06:00:01;1996-01-01 06:00:00;1995-12-31;0.0;G
1996-01-01 06:00:01;1996-01-02 06:00:00;1996-01-01;0.0;G
1996-01-02 06:00:01;1996-01-03 06:00:00;1996-01-02;0.0;G
1996-01-03 06:00:01;1996-01-04 06:00:00;1996-01-03;0.0;G
1996-01-04 06:00:01;1996-01-05 06:00:00;1996-01-04;0.0;G
1996-01-05 06:00:01;1996-01-06 06:00:00;1996-01-05;0.0;G
1996-01-06 06:00:01;1996-01-07 06:00:00;1996-01-06;0.0;G
1996-01-07 06:00:01;1996-01-08 06:00:00;1996-01-07;0.0;G
1996-01-08 06:00:01;1996-01-09 06:00:00;1996-01-08;3.0;G
1996-01-09 06:00:01;1996-01-10 06:00:00;1996-01-09;0.0;G
1996-01-10 06:00:01;1996-01-11 06:00:00;1996-01-10;0.0;G
1996-01-11 06:00:01;1996-01-12 06:00:00;1996-01-11;0.0;G
1996-01-12 06:00:01;1996-01-13 06:00:00;1996-01-12;0.3;G
1996-01-13 06:00:01;1996-01-14 06:00:00;1996-01-13;0.1;G
1996-01-14 06:00:01;1996-01-15 06:00:00;1996-01-14;0.0;G
1996-01-15 06:00:01;1996-01-16 06:00:00;1996-01-15;0.0;G
1996-01-16 06:00:01;1996-01-17 06:00:00;1996-01-16;0.0;G
1996-01-17 06:00:01;1996-01-18 06:00:00;1996-01-17;0.0;G
1996-01-18 06:00:01;1996-01-19 06:00:00;1996-01-18;0.4;G
1996-01-19 06:00:01;1996-01-20 06:00:00;1996-01-19;0.6;G
1996-01-20 06:00:01;1996-01-21 06:00:00;1996-01-20;0.0;G
1996-01-21 06:00:01;1996-01-22 06:00:00;1996-01-21;0.0;G
1996-01-22 06:00:01;1996-01-23 06:00:00;1996-01-22;0.0;G
1996-01-23 06:00:01;1996-01-24 06:00:00;1996-01-23;0.0;G
1996-01-24 06:00:01;1996-01-25 06:00:00;1996-01-24;0.0;G
1996-01-25 06:00:01;1996-01-26 06:00:00;1996-01-25;0.0;G
1996-01-26 06:00:01;1996-01-27 06:00:00;1996-01-26;0.0;G
1996-01-27 06:00:01;1996-01-28 06:00:00;1996-01-27;0.0;G
1996-01-28 06:00:01;1996-01-29 06:00:00;1996-01-28;0.0;G
1996-01-29 06:00:01;1996-01-30 06:00:00;1996-01-29;0.0;G
1996-01-30 06:00:01;1996-01-31 06:00:00;1996-01-30;0.0;G
1996-01-31 06:00:01;1996-02-01 06:00:00;1996-01-31;0.0;G
1996-02-01 06:00:01;1996-02-02 06:00:00;1996-02-01;0.0;G
1996-02-02 06:00:01;1996-02-03 06:00:00;1996-02-02;0.4;G
1996-02-03 06:00:01;1996-02-04 06:00:00;1996-02-03;0.0;G
1996-02-04 06:00:01;1996-02-05 06:00:00;1996-02-04;2.0;G
1996-02-05 06:00:01;1996-02-06 06:00:00;1996-02-05;0.0;G
1996-02-06 06:00:01;1996-02-07 06:00:00;1996-02-06;0.0;G
1996-02-07 06:00:01;1996-02-08 06:00:00;1996-02-07;0.0;G
1996-02-08 06:00:01;1996-02-09 06:00:00;1996-02-08;0.0;G
1996-02-09 06:00:01;1996-02-10 06:00:00;1996-02-09;0.0;G
1996-02-10 06:00:01;1996-02-11 06:00:00;1996-02-10;0.0;G
1996-02-11 06:00:01;1996-02-12 06:00:00;1996-02-11;0.0;G
1996-02-12 06:00:01;1996-02-13 06:00:00;1996-02-12;0.1;G
1996-02-13 06:00:01;1996-02-14 06:00:00;1996-02-13;0.0;G
1996-02-14 06:00:01;1996-02-15 06:00:00;1996-02-14;0.1;G
1996-02-15 06:00:01;1996-02-16 06:00:00;1996-02-15;1.1;G
1996-02-16 06:00:01;1996-02-17 06:00:00;1996-02-16;0.3;G
1996-02-17 06:00:01;1996-02-18 06:00:00;1996-02-17;0.0;G
1996-02-18 06:00:01;1996-02-19 06:00:00;1996-02-18;0.0;G
1996-02-19 06:00:01;1996-02-20 06:00:00;1996-02-19;0.0;G
1996-02-20 06:00:01;1996-02-21 06:00:00;1996-02-20;0.0;G
1996-02-21 06:00:01;1996-02-22 06:00:00;1996-02-21;0.0;G
1996-02-22 06:00:01;1996-02-23 06:00:00;1996-02-22;0.0;G
1996-02-23 06:00:01;1996-02-24 06:00:00;1996-02-23;0.0;G
1996-02-24 06:00:01;1996-02-25 06:00:00;1996-02-24;0.0;G
1996-02-25 06:00:01;1996-02-26 06:00:00;1996-02-25;0.0;G
1996-02-26 06:00:01;1996-02-27 06:00:00;1996-02-26;5.0;G
1996-02-27 06:00:01;1996-02-28 06:00:00;1996-02-27;1.0;G
1996-02-28 06:00:01;1996-02-29 06:00:00;1996-02-28;0.4;G
1996-02-29 06:00:01;1996-03-01 06:00:00;1996-02-29;0.0;G
1996-03-01 06:00:01;1996-03-02 06:00:00;1996-03-01;0.0;G
1996-03-02 06:00:01;1996-03-03 06:00:00;1996-03-02;0.0;G
1996-03-03 06:00:01;1996-03-04 06:00:00;1996-03-03;0.0;G
1996-03-04 06:00:01;1996-03-05 06:00:00;1996-03-04;0.0;G
1996-03-05 06:00:01;1996-03-06 06:00:00;1996-03-05;0.0;G
1996-03-06 06:00:01;1996-03-07 06:00:00;1996-03-06;0.2;G
1996-03-07 06:00:01;1996-03-08 06:00:00;1996-03-07;0.1;G
1996-03-08 06:00:01;1996-03-09 06:00:00;1996-03-08;0.0;G
1996-03-09 06:00:01;1996-03-10 06:00:00;1996-03-09;0.1;G
1996-03-10 06:00:01;1996-03-11 06:00:00;1996-03-10;0.0;G
1996-03-11 06:00:01;1996-03-12 06:00:00;1996-03-11;0.0;G
1996-03-12 06:00:01;1996-03-13 06:00:00;1996-03-12;0.0;G
1996-03-13 06:00:01;1996-03-14 06:00:00;1996-03-13;0.0;G
1996-03-14 06:00:01;1996-03-15 06:00:00;1996-03-14;0.2;G
1996-03-15 06:00:01;1996-03-16 06:00:00;1996-03-15;2.0;G
1996-03-16 06:00:01;1996-03-17 06:00:00;1996-03-16;0.2;G
1996-03-17 06:00:01;1996-03-18 06:00:00;1996-03-17;0.0;G
1996-03-18 06:00:01;1996-03-19 06:00:00;1996-03-18;0.0;G
1996-03-19 06:00:01;1996-03-20 06:00:00;1996-03-19;0.0;G
1996-03-20 06:00:01;1996-03-21 06:00:00;1996-03-20;0.0;G
1996-03-21 06:00:01;1996-03-22 06:00:00;1996-03-21;3.0;G
1996-03-22 06:00:01;1996-03-23 06:00:00;1996-03-22;0.0;G
1996-03-23 06:00:01;1996-03-24 06:00:00;1996-03-23;0.0;G
1996-03-24 06:00:01;1996-03-25 06:00:00;1996-03-24;0.0;G
1996-03-25 06:00:01;1996-03-26 06:00:00;1996-03-25;0.0;G
1996-03-26 06:00:01;1996-03-27 06:00:00;1996-03-26;1.0;G
1996-03-27 06:00:01;1996-03-28 06:00:00;1996-03-27;2.0;G
1996-03-28 06:00:01;1996-03-29 06:00:00;1996-03-28;7.0;G
1996-03-29 06:00:01;1996-03-30 06:00:00;1996-03-29;4.0;G
1996-03-30 06:00:01;1996-03-31 06:00:00;1996-03-30;4.0;G
1996-03-31 06:00:01;1996-04-01 06:00:00;1996-03-31;2.0;G
1996-04-01 06:00:01;1996-04-02 06:00:00;1996-04-01;0.0;G
1996-04-02 06:00:01;1996-04-03 06:00:00;1996-04-02;0.0;G
1996-04-03 06:00:01;1996-04-04 06:00:00;1996-04-03;0.1;G
1996-04-04 06:00:01;1996-04-05 06:00:00;1996-04-04;0.0;G
1996-04-05 06:00:01;1996-04-06 06:00:00;1996-04-05;0.0;G
1996-04-06 06:00:01;1996-04-07 06:00:00;1996-04-06;0.0;G
1996-04-07 06:00:01;1996-04-08 06:00:00;1996-04-07;0.0;G
1996-04-08 06:00:01;1996-04-09 06:00:00;1996-04-08;0.0;G
1996-04-09 06:00:01;1996-04-10 06:00:00;1996-04-09;0.0;G
1996-04-10 06:00:01;1996-04-11 06:00:00;1996-04-10;0.0;G
1996-04-11 06:00:01;1996-04-12 06:00:00;1996-04-11;0.0;G
1996-04-12 06:00:01;1996-04-13 06:00:00;1996-04-12;0.0;G
1996-04-13 06:00:01;1996-04-14 06:00:00;1996-04-13;0.0;G
1996-04-14 06:00:01;1996-04-15 06:00:00;1996-04-14;0.0;G
1996-04-15 06:00:01;1996-04-16 06:00:00;1996-04-15;0.0;G
1996-04-16 06:00:01;1996-04-17 06:00:00;1996-04-16;0.0;G
1996-04-17 06:00:01;1996-04-18 06:00:00;1996-04-17;0.0;G
1996-04-18 06:00:01;1996-04-19 06:00:00;1996-04-18;0.0;G
1996-04-19 06:00:01;1996-04-20 06:00:00;1996-04-19;0.0;G
1996-04-20 06:00:01;1996-04-21 06:00:00;1996-04-20;0.0;G
1996-04-21 06:00:01;1996-04-22 06:00:00;1996-04-21;0.0;G
1996-04-22 06:00:01;1996-04-23 06:00:00;1996-04-22;0.0;G
1996-04-23 06:00:01;1996-04-24 06:00:00;1996-04-23;0.0;G
1996-04-24 06:00:01;1996-04-25 06:00:00;1996-04-24;0.0;G
1996-04-25 06:00:01;1996-04-26 06:00:00;1996-04-25;5.4;G
1996-04-26 06:00:01;1996-04-27 06:00:00;1996-04-26;0.8;G
1996-04-27 06:00:01;1996-04-28 06:00:00;1996-04-27;0.6;G
1996-04-28 06:00:01;1996-04-29 06:00:00;1996-04-28;0.0;G
1996-04-29 06:00:01;1996-04-30 06:00:00;1996-04-29;0.0;G
1996-04-30 06:00:01;1996-05-01 06:00:00;1996-04-30;0.1;G
1996-05-01 06:00:01;1996-05-02 06:00:00;1996-05-01;0.0;G
1996-05-02 06:00:01;1996-05-03 06:00:00;1996-05-02;0.0;G
1996-05-03 06:00:01;1996-05-04 06:00:00;1996-05-03;0.0;G
1996-05-04 06:00:01;1996-05-05 06:00:00;1996-05-04;13.8;G
1996-05-05 06:00:01;1996-05-06 06:00:00;1996-05-05;14.0;G
1996-05-06 06:00:01;1996-05-07 06:00:00;1996-05-06;2.5;G
1996-05-07 06:00:01;1996-05-08 06:00:00;1996-05-07;0.0;G
1996-05-08 06:00:01;1996-05-09 06:00:00;1996-05-08;0.2;G
1996-05-09 06:00:01;1996-05-10 06:00:00;1996-05-09;0.0;G
1996-05-10 06:00:01;1996-05-11 06:00:00;1996-05-10;0.0;G
1996-05-11 06:00:01;1996-05-12 06:00:00;1996-05-11;0.0;G
1996-05-12 06:00:01;1996-05-13 06:00:00;1996-05-12;1.0;G
1996-05-13 06:00:01;1996-05-14 06:00:00;1996-05-13;0.0;G
1996-05-14 06:00:01;1996-05-15 06:00:00;1996-05-14;13.8;G
1996-05-15 06:00:01;1996-05-16 06:00:00;1996-05-15;7.6;G
1996-05-16 06:00:01;1996-05-17 06:00:00;1996-05-16;0.0;G
1996-05-17 06:00:01;1996-05-18 06:00:00;1996-05-17;0.0;G
1996-05-18 06:00:01;1996-05-19 06:00:00;1996-05-18;0.0;G
1996-05-19 06:00:01;1996-05-20 06:00:00;1996-05-19;0.0;G
1996-05-20 06:00:01;1996-05-21 06:00:00;1996-05-20;0.0;G
1996-05-21 06:00:01;1996-05-22 06:00:00;1996-05-21;0.0;G
1996-05-22 06:00:01;1996-05-23 06:00:00;1996-05-22;0.0;G
1996-05-23 06:00:01;1996-05-24 06:00:00;1996-05-23;0.0;G
1996-05-24 06:00:01;1996-05-25 06:00:00;1996-05-24;1.8;G
1996-05-25 06:00:01;1996-05-26 06:00:00;1996-05-25;4.2;G
1996-05-26 06:00:01;1996-05-27 06:00:00;1996-05-26;0.0;G
1996-05-27 06:00:01;1996-05-28 06:00:00;1996-05-27;1.1;G
1996-05-28 06:00:01;1996-05-29 06:00:00;1996-05-28;3.4;G
1996-05-29 06:00:01;1996-05-30 06:00:00;1996-05-29;1.4;G
1996-05-30 06:00:01;1996-05-31 06:00:00;1996-05-30;0.0;G
1996-05-31 06:00:01;1996-06-01 06:00:00;1996-05-31;0.0;G
1996-06-01 06:00:01;1996-06-02 06:00:00;1996-06-01;0.6;G
1996-06-02 06:00:01;1996-06-03 06:00:00;1996-06-02;0.0;G
1996-06-03 06:00:01;1996-06-04 06:00:00;1996-06-03;0.0;G
1996-06-04 06:00:01;1996-06-05 06:00:00;1996-06-04;0.0;G
1996-06-05 06:00:01;1996-06-06 06:00:00;1996-06-05;0.2;G
1996-06-06 06:00:01;1996-06-07 06:00:00;1996-06-06;2.4;G
1996-06-07 06:00:01;1996-06-08 06:00:00;1996-06-07;0.0;G
1996-06-08 06:00:01;1996-06-09 06:00:00;1996-06-08;0.0;G
1996-06-09 06:00:01;1996-06-10 06:00:00;1996-06-09;0.0;G
1996-06-10 06:00:01;1996-06-11 06:00:00;1996-06-10;0.0;G
1996-06-11 06:00:01;1996-06-12 06:00:00;1996-06-11;0.0;G
1996-06-12 06:00:01;1996-06-13 06:00:00;1996-06-12;6.1;G
1996-06-13 06:00:01;1996-06-14 06:00:00;1996-06-13;0.0;G
1996-06-14 06:00:01;1996-06-15 06:00:00;1996-06-14;0.0;G
1996-06-15 06:00:01;1996-06-16 06:00:00;1996-06-15;0.0;G
1996-06-16 06:00:01;1996-06-17 06:00:00;1996-06-16;0.0;G
1996-06-17 06:00:01;1996-06-18 06:00:00;1996-06-17;3.7;G
1996-06-18 06:00:01;1996-06-19 06:00:00;1996-06-18;9.4;G
1996-06-19 06:00:01;1996-06-20 06:00:00;1996-06-19;14.7;G
1996-06-20 06:00:01;1996-06-21 06:00:00;1996-06-20;0.1;G
1996-06-21 06:00:01;1996-06-22 06:00:00;1996-06-21;13.4;G
1996-06-22 06:00:01;1996-06-23 06:00:00;1996-06-22;17.9;G
1996-06-23 06:00:01;1996-06-24 06:00:00;1996-06-23;2.3;G
1996-06-24 06:00:01;1996-06-25 06:00:00;1996-06-24;0.2;G
1996-06-25 06:00:01;1996-06-26 06:00:00;1996-06-25;0.0;G
1996-06-26 06:00:01;1996-06-27 06:00:00;1996-06-26;0.0;G
1996-06-27 06:00:01;1996-06-28 06:00:00;1996-06-27;0.0;G
1996-06-28 06:00:01;1996-06-29 06:00:00;1996-06-28;0.0;G
1996-06-29 06:00:01;1996-06-30 06:00:00;1996-06-29;0.0;G
1996-06-30 06:00:01;1996-07-01 06:00:00;1996-06-30;6.6;G
1996-07-01 06:00:01;1996-07-02 06:00:00;1996-07-01;18.7;G
1996-07-02 06:00:01;1996-07-03 06:00:00;1996-07-02;0.2;G
1996-07-03 06:00:01;1996-07-04 06:00:00;1996-07-03;0.4;G
1996-07-04 06:00:01;1996-07-05 06:00:00;1996-07-04;13.7;G
1996-07-05 06:00:01;1996-07-06 06:00:00;1996-07-05;0.4;G
1996-07-06 06:00:01;1996-07-07 06:00:00;1996-07-06;0.0;G
1996-07-07 06:00:01;1996-07-08 06:00:00;1996-07-07;0.0;G
1996-07-08 06:00:01;1996-07-09 06:00:00;1996-07-08;0.0;G
1996-07-09 06:00:01;1996-07-10 06:00:00;1996-07-09;33.8;G
1996-07-10 06:00:01;1996-07-11 06:00:00;1996-07-10;4.1;G
1996-07-11 06:00:01;1996-07-12 06:00:00;1996-07-11;0.0;G
1996-07-12 06:00:01;1996-07-13 06:00:00;1996-07-12;1.2;G
1996-07-13 06:00:01;1996-07-14 06:00:00;1996-07-13;0.1;G
1996-07-14 06:00:01;1996-07-15 06:00:00;1996-07-14;0.3;G
1996-07-15 06:00:01;1996-07-16 06:00:00;1996-07-15;0.0;G
1996-07-16 06:00:01;1996-07-17 06:00:00;1996-07-16;0.0;G
1996-07-17 06:00:01;1996-07-18 06:00:00;1996-07-17;0.4;G
1996-07-18 06:00:01;1996-07-19 06:00:00;1996-07-18;0.7;G
1996-07-19 06:00:01;1996-07-20 06:00:00;1996-07-19;0.0;G
1996-07-20 06:00:01;1996-07-21 06:00:00;1996-07-20;0.0;G
1996-07-21 06:00:01;1996-07-22 06:00:00;1996-07-21;0.0;G
1996-07-22 06:00:01;1996-07-23 06:00:00;1996-07-22;0.5;G
1996-07-23 06:00:01;1996-07-24 06:00:00;1996-07-23;0.0;G
1996-07-24 06:00:01;1996-07-25 06:00:00;1996-07-24;6.3;G
1996-07-25 06:00:01;1996-07-26 06:00:00;1996-07-25;0.3;G
1996-07-26 06:00:01;1996-07-27 06:00:00;1996-07-26;0.0;G
1996-07-27 06:00:01;1996-07-28 06:00:00;1996-07-27;0.0;G
1996-07-28 06:00:01;1996-07-29 06:00:00;1996-07-28;0.6;G
1996-07-29 06:00:01;1996-07-30 06:00:00;1996-07-29;0.6;G
1996-07-30 06:00:01;1996-07-31 06:00:00;1996-07-30;0.0;G
1996-07-31 06:00:01;1996-08-01 06:00:00;1996-07-31;0.0;G
1996-08-01 06:00:01;1996-08-02 06:00:00;1996-08-01;6.4;G
1996-08-02 06:00:01;1996-08-03 06:00:00;1996-08-02;0.3;G
1996-08-03 06:00:01;1996-08-04 06:00:00;1996-08-03;0.0;G
1996-08-04 06:00:01;1996-08-05 06:00:00;1996-08-04;0.0;G
1996-08-05 06:00:01;1996-08-06 06:00:00;1996-08-05;0.0;G
1996-08-06 06:00:01;1996-08-07 06:00:00;1996-08-06;0.0;G
1996-08-07 06:00:01;1996-08-08 06:00:00;1996-08-07;0.0;G
1996-08-08 06:00:01;1996-08-09 06:00:00;1996-08-08;0.0;G
1996-08-09 06:00:01;1996-08-10 06:00:00;1996-08-09;0.1;G
1996-08-10 06:00:01;1996-08-11 06:00:00;1996-08-10;0.0;G
1996-08-11 06:00:01;1996-08-12 06:00:00;1996-08-11;0.0;G
1996-08-12 06:00:01;1996-08-13 06:00:00;1996-08-12;0.0;G
1996-08-13 06:00:01;1996-08-14 06:00:00;1996-08-13;0.0;G
1996-08-14 06:00:01;1996-08-15 06:00:00;1996-08-14;0.0;G
1996-08-15 06:00:01;1996-08-16 06:00:00;1996-08-15;0.0;G
1996-08-16 06:00:01;1996-08-17 06:00:00;1996-08-16;0.0;G
1996-08-17 06:00:01;1996-08-18 06:00:00;1996-08-17;0.0;G
1996-08-18 06:00:01;1996-08-19 06:00:00;1996-08-18;0.0;G
1996-08-19 06:00:01;1996-08-20 06:00:00;1996-08-19;0.0;G
1996-08-20 06:00:01;1996-08-21 06:00:00;1996-08-20;0.0;G
1996-08-21 06:00:01;1996-08-22 06:00:00;1996-08-21;0.0;G
1996-08-22 06:00:01;1996-08-23 06:00:00;1996-08-22;0.0;G
1996-08-23 06:00:01;1996-08-24 06:00:00;1996-08-23;0.0;G
1996-08-24 06:00:01;1996-08-25 06:00:00;1996-08-24;0.0;G
1996-08-25 06:00:01;1996-08-26 06:00:00;1996-08-25;0.9;G
1996-08-26 06:00:01;1996-08-27 06:00:00;1996-08-26;2.8;G
1996-08-27 06:00:01;1996-08-28 06:00:00;1996-08-27;0.0;G
1996-08-28 06:00:01;1996-08-29 06:00:00;1996-08-28;0.0;G
1996-08-29 06:00:01;1996-08-30 06:00:00;1996-08-29;0.2;G
1996-08-30 06:00:01;1996-08-31 06:00:00;1996-08-30;4.7;G
1996-08-31 06:00:01;1996-09-01 06:00:00;1996-08-31;12.2;G
1996-09-01 06:00:01;1996-09-02 06:00:00;1996-09-01;0.0;G
1996-09-02 06:00:01;1996-09-03 06:00:00;1996-09-02;0.0;G
1996-09-03 06:00:01;1996-09-04 06:00:00;1996-09-03;0.0;G
1996-09-04 06:00:01;1996-09-05 06:00:00;1996-09-04;0.0;G
1996-09-05 06:00:01;1996-09-06 06:00:00;1996-09-05;1.2;G
1996-09-06 06:00:01;1996-09-07 06:00:00;1996-09-06;1.6;G
1996-09-07 06:00:01;1996-09-08 06:00:00;1996-09-07;0.3;G
1996-09-08 06:00:01;1996-09-09 06:00:00;1996-09-08;0.8;G
1996-09-09 06:00:01;1996-09-10 06:00:00;1996-09-09;0.0;G
1996-09-10 06:00:01;1996-09-11 06:00:00;1996-09-10;1.2;G
1996-09-11 06:00:01;1996-09-12 06:00:00;1996-09-11;0.0;G
1996-09-12 06:00:01;1996-09-13 06:00:00;1996-09-12;9.9;G
1996-09-13 06:00:01;1996-09-14 06:00:00;1996-09-13;0.1;G
1996-09-14 06:00:01;1996-09-15 06:00:00;1996-09-14;4.9;G
1996-09-15 06:00:01;1996-09-16 06:00:00;1996-09-15;0.3;G
1996-09-16 06:00:01;1996-09-17 06:00:00;1996-09-16;0.0;G
1996-09-17 06:00:01;1996-09-18 06:00:00;1996-09-17;0.1;G
1996-09-18 06:00:01;1996-09-19 06:00:00;1996-09-18;0.0;G
1996-09-19 06:00:01;1996-09-20 06:00:00;1996-09-19;0.3;G
1996-09-20 06:00:01;1996-09-21 06:00:00;1996-09-20;0.0;G
1996-09-21 06:00:01;1996-09-22 06:00:00;1996-09-21;0.0;G
1996-09-22 06:00:01;1996-09-23 06:00:00;1996-09-22;0.0;G
1996-09-23 06:00:01;1996-09-24 06:00:00;1996-09-23;0.0;G
1996-09-24 06:00:01;1996-09-25 06:00:00;1996-09-24;0.0;G
1996-09-25 06:00:01;1996-09-26 06:00:00;1996-09-25;0.0;G
1996-09-26 06:00:01;1996-09-27 06:00:00;1996-09-26;0.0;G
1996-09-27 06:00:01;1996-09-28 06:00:00;1996-09-27;0.0;G
1996-09-28 06:00:01;1996-09-29 06:00:00;1996-09-28;6.0;G
1996-09-29 06:00:01;1996-09-30 06:00:00;1996-09-29;9.3;G
1996-09-30 06:00:01;1996-10-01 06:00:00;1996-09-30;0.0;G
1996-10-01 06:00:01;1996-10-02 06:00:00;1996-10-01;0.0;G
1996-10-02 06:00:01;1996-10-03 06:00:00;1996-10-02;0.0;G
1996-10-03 06:00:01;1996-10-04 06:00:00;1996-10-03;1.6;G
1996-10-04 06:00:01;1996-10-05 06:00:00;1996-10-04;0.1;G
1996-10-05 06:00:01;1996-10-06 06:00:00;1996-10-05;0.0;G
1996-10-06 06:00:01;1996-10-07 06:00:00;1996-10-06;0.0;G
1996-10-07 06:00:01;1996-10-08 06:00:00;1996-10-07;0.0;G
1996-10-08 06:00:01;1996-10-09 06:00:00;1996-10-08;0.0;G
1996-10-09 06:00:01;1996-10-10 06:00:00;1996-10-09;0.5;G
1996-10-10 06:00:01;1996-10-11 06:00:00;1996-10-10;0.0;G
1996-10-11 06:00:01;1996-10-12 06:00:00;1996-10-11;0.0;G
1996-10-12 06:00:01;1996-10-13 06:00:00;1996-10-12;5.0;G
1996-10-13 06:00:01;1996-10-14 06:00:00;1996-10-13;0.4;G
1996-10-14 06:00:01;1996-10-15 06:00:00;1996-10-14;0.2;G
1996-10-15 06:00:01;1996-10-16 06:00:00;1996-10-15;0.0;G
1996-10-16 06:00:01;1996-10-17 06:00:00;1996-10-16;0.0;G
1996-10-17 06:00:01;1996-10-18 06:00:00;1996-10-17;0.4;G
1996-10-18 06:00:01;1996-10-19 06:00:00;1996-10-18;0.7;G
1996-10-19 06:00:01;1996-10-20 06:00:00;1996-10-19;0.0;G
1996-10-20 06:00:01;1996-10-21 06:00:00;1996-10-20;0.1;G
1996-10-21 06:00:01;1996-10-22 06:00:00;1996-10-21;0.1;G
1996-10-22 06:00:01;1996-10-23 06:00:00;1996-10-22;0.0;G
1996-10-23 06:00:01;1996-10-24 06:00:00;1996-10-23;0.0;G
1996-10-24 06:00:01;1996-10-25 06:00:00;1996-10-24;0.0;G
1996-10-25 06:00:01;1996-10-26 06:00:00;1996-10-25;0.0;G
1996-10-26 06:00:01;1996-10-27 06:00:00;1996-10-26;0.0;G
1996-10-27 06:00:01;1996-10-28 06:00:00;1996-10-27;6.6;G
1996-10-28 06:00:01;1996-10-29 06:00:00;1996-10-28;3.1;G
1996-10-29 06:00:01;1996-10-30 06:00:00;1996-10-29;2.3;G
1996-10-30 06:00:01;1996-10-31 06:00:00;1996-10-30;1.0;G
1996-10-31 06:00:01;1996-11-01 06:00:00;1996-10-31;3.3;G
1996-11-01 06:00:01;1996-11-02 06:00:00;1996-11-01;8.3;G
1996-11-02 06:00:01;1996-11-03 06:00:00;1996-11-02;0.7;G
1996-11-03 06:00:01;1996-11-04 06:00:00;1996-11-03;5.5;G
1996-11-04 06:00:01;1996-11-05 06:00:00;1996-11-04;4.2;G
1996-11-05 06:00:01;1996-11-06 06:00:00;1996-11-05;7.4;G
1996-11-06 06:00:01;1996-11-07 06:00:00;1996-11-06;8.7;G
1996-11-07 06:00:01;1996-11-08 06:00:00;1996-11-07;5.3;G
1996-11-08 06:00:01;1996-11-09 06:00:00;1996-11-08;0.0;G
1996-11-09 06:00:01;1996-11-10 06:00:00;1996-11-09;9.4;G
1996-11-10 06:00:01;1996-11-11 06:00:00;1996-11-10;0.1;G
1996-11-11 06:00:01;1996-11-12 06:00:00;1996-11-11;0.0;G
1996-11-12 06:00:01;1996-11-13 06:00:00;1996-11-12;15.6;G
1996-11-13 06:00:01;1996-11-14 06:00:00;1996-11-13;9.4;G
1996-11-14 06:00:01;1996-11-15 06:00:00;1996-11-14;0.1;G
1996-11-15 06:00:01;1996-11-16 06:00:00;1996-11-15;0.5;G
1996-11-16 06:00:01;1996-11-17 06:00:00;1996-11-16;0.0;G
1996-11-17 06:00:01;1996-11-18 06:00:00;1996-11-17;1.5;G
1996-11-18 06:00:01;1996-11-19 06:00:00;1996-11-18;1.4;G
1996-11-19 06:00:01;1996-11-20 06:00:00;1996-11-19;17.9;G
1996-11-20 06:00:01;1996-11-21 06:00:00;1996-11-20;6.6;G
1996-11-21 06:00:01;1996-11-22 06:00:00;1996-11-21;0.0;G
1996-11-22 06:00:01;1996-11-23 06:00:00;1996-11-22;0.1;G
1996-11-23 06:00:01;1996-11-24 06:00:00;1996-11-23;0.3;G
1996-11-24 06:00:01;1996-11-25 06:00:00;1996-11-24;0.0;G
1996-11-25 06:00:01;1996-11-26 06:00:00;1996-11-25;0.0;G
1996-11-26 06:00:01;1996-11-27 06:00:00;1996-11-26;0.0;G
1996-11-27 06:00:01;1996-11-28 06:00:00;1996-11-27;0.0;G
1996-11-28 06:00:01;1996-11-29 06:00:00;1996-11-28;8.1;G
1996-11-29 06:00:01;1996-11-30 06:00:00;1996-11-29;0.2;G
1996-11-30 06:00:01;1996-12-01 06:00:00;1996-11-30;0.9;G
1996-12-01 06:00:01;1996-12-02 06:00:00;1996-12-01;2.9;G
1996-12-02 06:00:01;1996-12-03 06:00:00;1996-12-02;2.8;G
1996-12-03 06:00:01;1996-12-04 06:00:00;1996-12-03;5.1;G
1996-12-04 06:00:01;1996-12-05 06:00:00;1996-12-04;3.9;G
1996-12-05 06:00:01;1996-12-06 06:00:00;1996-12-05;0.0;G
1996-12-06 06:00:01;1996-12-07 06:00:00;1996-12-06;5.0;G
1996-12-07 06:00:01;1996-12-08 06:00:00;1996-12-07;0.0;G
1996-12-08 06:00:01;1996-12-09 06:00:00;1996-12-08;0.0;G
1996-12-09 06:00:01;1996-12-10 06:00:00;1996-12-09;0.0;G
1996-12-10 06:00:01;1996-12-11 06:00:00;1996-12-10;0.0;G
1996-12-11 06:00:01;1996-12-12 06:00:00;1996-12-11;0.4;G
1996-12-12 06:00:01;1996-12-13 06:00:00;1996-12-12;6.4;G
1996-12-13 06:00:01;1996-12-14 06:00:00;1996-12-13;0.7;G
1996-12-14 06:00:01;1996-12-15 06:00:00;1996-12-14;0.0;G
1996-12-15 06:00:01;1996-12-16 06:00:00;1996-12-15;0.0;G
1996-12-16 06:00:01;1996-12-17 06:00:00;1996-12-16;0.0;G
1996-12-17 06:00:01;1996-12-18 06:00:00;1996-12-17;0.0;G
1996-12-18 06:00:01;1996-12-19 06:00:00;1996-12-18;0.0;G
1996-12-19 06:00:01;1996-12-20 06:00:00;1996-12-19;0.0;G
1996-12-20 06:00:01;1996-12-21 06:00:00;1996-12-20;0.0;G
1996-12-21 06:00:01;1996-12-22 06:00:00;1996-12-21;0.2;G
1996-12-22 06:00:01;1996-12-23 06:00:00;1996-12-22;0.5;G
1996-12-23 06:00:01;1996-12-24 06:00:00;1996-12-23;2.1;G
1996-12-24 06:00:01;1996-12-25 06:00:00;1996-12-24;0.0;G
1996-12-25 06:00:01;1996-12-26 06:00:00;1996-12-25;0.0;G
1996-12-26 06:00:01;1996-12-27 06:00:00;1996-12-26;0.0;G
1996-12-27 06:00:01;1996-12-28 06:00:00;1996-12-27;0.3;G
1996-12-28 06:00:01;1996-12-29 06:00:00;1996-12-28;1.5;G
1996-12-29 06:00:01;1996-12-30 06:00:00;1996-12-29;0.9;G
1996-12-30 06:00:01;1996-12-31 06:00:00;1996-12-30;0.0;G
1996-12-31 06:00:01;1997-01-01 06:00:00;1996-12-31;0.0;G
1997-01-01 06:00:01;1997-01-02 06:00:00;1997-01-01;0.0;G
1997-01-02 06:00:01;1997-01-03 06:00:00;1997-01-02;0.0;G
1997-01-03 06:00:01;1997-01-04 06:00:00;1997-01-03;0.0;G
1997-01-04 06:00:01;1997-01-05 06:00:00;1997-01-04;0.0;G
1997-01-05 06:00:01;1997-01-06 06:00:00;1997-01-05;0.0;G
1997-01-06 06:00:01;1997-01-07 06:00:00;1997-01-06;0.0;G
1997-01-07 06:00:01;1997-01-08 06:00:00;1997-01-07;0.0;G
1997-01-08 06:00:01;1997-01-09 06:00:00;1997-01-08;0.0;G
1997-01-09 06:00:01;1997-01-10 06:00:00;1997-01-09;0.0;G
1997-01-10 06:00:01;1997-01-11 06:00:00;1997-01-10;0.0;G
1997-01-11 06:00:01;1997-01-12 06:00:00;1997-01-11;0.0;G
1997-01-12 06:00:01;1997-01-13 06:00:00;1997-01-12;10.0;G
1997-01-13 06:00:01;1997-01-14 06:00:00;1997-01-13;0.0;G
1997-01-14 06:00:01;1997-01-15 06:00:00;1997-01-14;0.0;G
1997-01-15 06:00:01;1997-01-16 06:00:00;1997-01-15;0.0;G
1997-01-16 06:00:01;1997-01-17 06:00:00;1997-01-16;0.0;G
1997-01-17 06:00:01;1997-01-18 06:00:00;1997-01-17;0.0;G
1997-01-18 06:00:01;1997-01-19 06:00:00;1997-01-18;0.0;G
1997-01-19 06:00:01;1997-01-20 06:00:00;1997-01-19;0.0;G
1997-01-20 06:00:01;1997-01-21 06:00:00;1997-01-20;0.0;G
1997-01-21 06:00:01;1997-01-22 06:00:00;1997-01-21;0.0;G
1997-01-22 06:00:01;1997-01-23 06:00:00;1997-01-22;4.6;G
1997-01-23 06:00:01;1997-01-24 06:00:00;1997-01-23;0.4;G
1997-01-24 06:00:01;1997-01-25 06:00:00;1997-01-24;0.0;G
1997-01-25 06:00:01;1997-01-26 06:00:00;1997-01-25;0.0;G
1997-01-26 06:00:01;1997-01-27 06:00:00;1997-01-26;0.0;G
1997-01-27 06:00:01;1997-01-28 06:00:00;1997-01-27;0.0;G
1997-01-28 06:00:01;1997-01-29 06:00:00;1997-01-28;0.0;G
1997-01-29 06:00:01;1997-01-30 06:00:00;1997-01-29;0.2;G
1997-01-30 06:00:01;1997-01-31 06:00:00;1997-01-30;0.0;G
1997-01-31 06:00:01;1997-02-01 06:00:00;1997-01-31;0.0;G
1997-02-01 06:00:01;1997-02-02 06:00:00;1997-02-01;0.0;G
1997-02-02 06:00:01;1997-02-03 06:00:00;1997-02-02;0.0;G
1997-02-03 06:00:01;1997-02-04 06:00:00;1997-02-03;0.0;G
1997-02-04 06:00:01;1997-02-05 06:00:00;1997-02-04;0.0;G
1997-02-05 06:00:01;1997-02-06 06:00:00;1997-02-05;0.0;G
1997-02-06 06:00:01;1997-02-07 06:00:00;1997-02-06;0.4;G
1997-02-07 06:00:01;1997-02-08 06:00:00;1997-02-07;0.0;G
1997-02-08 06:00:01;1997-02-09 06:00:00;1997-02-08;0.0;G
1997-02-09 06:00:01;1997-02-10 06:00:00;1997-02-09;11.5;G
1997-02-10 06:00:01;1997-02-11 06:00:00;1997-02-10;6.9;G
1997-02-11 06:00:01;1997-02-12 06:00:00;1997-02-11;3.9;G
1997-02-12 06:00:01;1997-02-13 06:00:00;1997-02-12;0.0;G
1997-02-13 06:00:01;1997-02-14 06:00:00;1997-02-13;0.0;G
1997-02-14 06:00:01;1997-02-15 06:00:00;1997-02-14;0.1;G
1997-02-15 06:00:01;1997-02-16 06:00:00;1997-02-15;0.0;G
1997-02-16 06:00:01;1997-02-17 06:00:00;1997-02-16;0.0;G
1997-02-17 06:00:01;1997-02-18 06:00:00;1997-02-17;0.0;G
1997-02-18 06:00:01;1997-02-19 06:00:00;1997-02-18;0.1;G
1997-02-19 06:00:01;1997-02-20 06:00:00;1997-02-19;0.5;G
1997-02-20 06:00:01;1997-02-21 06:00:00;1997-02-20;5.3;G
1997-02-21 06:00:01;1997-02-22 06:00:00;1997-02-21;3.0;G
1997-02-22 06:00:01;1997-02-23 06:00:00;1997-02-22;0.0;G
1997-02-23 06:00:01;1997-02-24 06:00:00;1997-02-23;0.0;G
1997-02-24 06:00:01;1997-02-25 06:00:00;1997-02-24;2.5;G
1997-02-25 06:00:01;1997-02-26 06:00:00;1997-02-25;14.9;G
1997-02-26 06:00:01;1997-02-27 06:00:00;1997-02-26;3.2;G
1997-02-27 06:00:01;1997-02-28 06:00:00;1997-02-27;0.0;G
1997-02-28 06:00:01;1997-03-01 06:00:00;1997-02-28;0.2;G
1997-03-01 06:00:01;1997-03-02 06:00:00;1997-03-01;0.0;G
1997-03-02 06:00:01;1997-03-03 06:00:00;1997-03-02;3.0;G
1997-03-03 06:00:01;1997-03-04 06:00:00;1997-03-03;0.0;G
1997-03-04 06:00:01;1997-03-05 06:00:00;1997-03-04;0.0;G
1997-03-05 06:00:01;1997-03-06 06:00:00;1997-03-05;0.0;G
1997-03-06 06:00:01;1997-03-07 06:00:00;1997-03-06;2.3;G
1997-03-07 06:00:01;1997-03-08 06:00:00;1997-03-07;0.0;G
1997-03-08 06:00:01;1997-03-09 06:00:00;1997-03-08;0.0;G
1997-03-09 06:00:01;1997-03-10 06:00:00;1997-03-09;0.0;G
1997-03-10 06:00:01;1997-03-11 06:00:00;1997-03-10;0.0;G
1997-03-11 06:00:01;1997-03-12 06:00:00;1997-03-11;0.0;G
1997-03-12 06:00:01;1997-03-13 06:00:00;1997-03-12;0.0;G
1997-03-13 06:00:01;1997-03-14 06:00:00;1997-03-13;0.0;G
1997-03-14 06:00:01;1997-03-15 06:00:00;1997-03-14;0.1;G
1997-03-15 06:00:01;1997-03-16 06:00:00;1997-03-15;0.0;G
1997-03-16 06:00:01;1997-03-17 06:00:00;1997-03-16;0.0;G
1997-03-17 06:00:01;1997-03-18 06:00:00;1997-03-17;0.0;G
1997-03-18 06:00:01;1997-03-19 06:00:00;1997-03-18;0.0;G
1997-03-19 06:00:01;1997-03-20 06:00:00;1997-03-19;0.0;G
1997-03-20 06:00:01;1997-03-21 06:00:00;1997-03-20;0.0;G
1997-03-21 06:00:01;1997-03-22 06:00:00;1997-03-21;0.6;G
1997-03-22 06:00:01;1997-03-23 06:00:00;1997-03-22;0.2;G
1997-03-23 06:00:01;1997-03-24 06:00:00;1997-03-23;0.0;G
1997-03-24 06:00:01;1997-03-25 06:00:00;1997-03-24;0.0;G
1997-03-25 06:00:01;1997-03-26 06:00:00;1997-03-25;0.6;G
1997-03-26 06:00:01;1997-03-27 06:00:00;1997-03-26;12.4;G
1997-03-27 06:00:01;1997-03-28 06:00:00;1997-03-27;0.0;G
1997-03-28 06:00:01;1997-03-29 06:00:00;1997-03-28;0.0;G
1997-03-29 06:00:01;1997-03-30 06:00:00;1997-03-29;0.0;G
1997-03-30 06:00:01;1997-03-31 06:00:00;1997-03-30;0.0;G
1997-03-31 06:00:01;1997-04-01 06:00:00;1997-03-31;0.0;G
1997-04-01 06:00:01;1997-04-02 06:00:00;1997-04-01;0.0;G
1997-04-02 06:00:01;1997-04-03 06:00:00;1997-04-02;0.0;G
1997-04-03 06:00:01;1997-04-04 06:00:00;1997-04-03;0.8;G
1997-04-04 06:00:01;1997-04-05 06:00:00;1997-04-04;0.0;G
1997-04-05 06:00:01;1997-04-06 06:00:00;1997-04-05;0.0;G
1997-04-06 06:00:01;1997-04-07 06:00:00;1997-04-06;0.0;G
1997-04-07 06:00:01;1997-04-08 06:00:00;1997-04-07;0.0;G
1997-04-08 06:00:01;1997-04-09 06:00:00;1997-04-08;0.3;G
1997-04-09 06:00:01;1997-04-10 06:00:00;1997-04-09;3.0;G
1997-04-10 06:00:01;1997-04-11 06:00:00;1997-04-10;0.2;G
1997-04-11 06:00:01;1997-04-12 06:00:00;1997-04-11;1.2;G
1997-04-12 06:00:01;1997-04-13 06:00:00;1997-04-12;0.0;G
1997-04-13 06:00:01;1997-04-14 06:00:00;1997-04-13;0.0;G
1997-04-14 06:00:01;1997-04-15 06:00:00;1997-04-14;0.2;G
1997-04-15 06:00:01;1997-04-16 06:00:00;1997-04-15;0.7;G
1997-04-16 06:00:01;1997-04-17 06:00:00;1997-04-16;0.0;G
1997-04-17 06:00:01;1997-04-18 06:00:00;1997-04-17;0.8;G
1997-04-18 06:00:01;1997-04-19 06:00:00;1997-04-18;0.0;G
1997-04-19 06:00:01;1997-04-20 06:00:00;1997-04-19;0.0;G
1997-04-20 06:00:01;1997-04-21 06:00:00;1997-04-20;0.0;G
1997-04-21 06:00:01;1997-04-22 06:00:00;1997-04-21;0.4;G
1997-04-22 06:00:01;1997-04-23 06:00:00;1997-04-22;0.0;G
1997-04-23 06:00:01;1997-04-24 06:00:00;1997-04-23;0.0;G
1997-04-24 06:00:01;1997-04-25 06:00:00;1997-04-24;0.0;G
1997-04-25 06:00:01;1997-04-26 06:00:00;1997-04-25;0.0;G
1997-04-26 06:00:01;1997-04-27 06:00:00;1997-04-26;0.0;G
1997-04-27 06:00:01;1997-04-28 06:00:00;1997-04-27;0.0;G
1997-04-28 06:00:01;1997-04-29 06:00:00;1997-04-28;0.6;G
1997-04-29 06:00:01;1997-04-30 06:00:00;1997-04-29;8.3;G
1997-04-30 06:00:01;1997-05-01 06:00:00;1997-04-30;1.4;G
1997-05-01 06:00:01;1997-05-02 06:00:00;1997-05-01;0.0;G
1997-05-02 06:00:01;1997-05-03 06:00:00;1997-05-02;0.0;G
1997-05-03 06:00:01;1997-05-04 06:00:00;1997-05-03;0.0;G
1997-05-04 06:00:01;1997-05-05 06:00:00;1997-05-04;0.7;G
1997-05-05 06:00:01;1997-05-06 06:00:00;1997-05-05;5.4;G
1997-05-06 06:00:01;1997-05-07 06:00:00;1997-05-06;0.2;G
1997-05-07 06:00:01;1997-05-08 06:00:00;1997-05-07;6.1;G
1997-05-08 06:00:01;1997-05-09 06:00:00;1997-05-08;0.0;G
1997-05-09 06:00:01;1997-05-10 06:00:00;1997-05-09;23.3;G
1997-05-10 06:00:01;1997-05-11 06:00:00;1997-05-10;7.2;G
1997-05-11 06:00:01;1997-05-12 06:00:00;1997-05-11;0.8;G
1997-05-12 06:00:01;1997-05-13 06:00:00;1997-05-12;1.8;G
1997-05-13 06:00:01;1997-05-14 06:00:00;1997-05-13;0.0;G
1997-05-14 06:00:01;1997-05-15 06:00:00;1997-05-14;0.0;G
1997-05-15 06:00:01;1997-05-16 06:00:00;1997-05-15;0.0;G
1997-05-16 06:00:01;1997-05-17 06:00:00;1997-05-16;0.0;G
1997-05-17 06:00:01;1997-05-18 06:00:00;1997-05-17;0.0;G
1997-05-18 06:00:01;1997-05-19 06:00:00;1997-05-18;3.2;G
1997-05-19 06:00:01;1997-05-20 06:00:00;1997-05-19;0.0;G
1997-05-20 06:00:01;1997-05-21 06:00:00;1997-05-20;0.0;G
1997-05-21 06:00:01;1997-05-22 06:00:00;1997-05-21;0.0;G
1997-05-22 06:00:01;1997-05-23 06:00:00;1997-05-22;0.0;G
1997-05-23 06:00:01;1997-05-24 06:00:00;1997-05-23;0.0;G
1997-05-24 06:00:01;1997-05-25 06:00:00;1997-05-24;1.5;G
1997-05-25 06:00:01;1997-05-26 06:00:00;1997-05-25;6.0;G
1997-05-26 06:00:01;1997-05-27 06:00:00;1997-05-26;1.0;G
1997-05-27 06:00:01;1997-05-28 06:00:00;1997-05-27;0.0;G
1997-05-28 06:00:01;1997-05-29 06:00:00;1997-05-28;0.0;G
1997-05-29 06:00:01;1997-05-30 06:00:00;1997-05-29;1.2;G
1997-05-30 06:00:01;1997-05-31 06:00:00;1997-05-30;0.0;G
1997-05-31 06:00:01;1997-06-01 06:00:00;1997-05-31;0.0;G
1997-06-01 06:00:01;1997-06-02 06:00:00;1997-06-01;0.0;G
1997-06-02 06:00:01;1997-06-03 06:00:00;1997-06-02;0.0;G
1997-06-03 06:00:01;1997-06-04 06:00:00;1997-06-03;0.0;G
1997-06-04 06:00:01;1997-06-05 06:00:00;1997-06-04;0.0;G
1997-06-05 06:00:01;1997-06-06 06:00:00;1997-06-05;0.0;G
1997-06-06 06:00:01;1997-06-07 06:00:00;1997-06-06;0.0;G
1997-06-07 06:00:01;1997-06-08 06:00:00;1997-06-07;0.0;G
1997-06-08 06:00:01;1997-06-09 06:00:00;1997-06-08;0.0;G
1997-06-09 06:00:01;1997-06-10 06:00:00;1997-06-09;0.0;G
1997-06-10 06:00:01;1997-06-11 06:00:00;1997-06-10;0.0;G
1997-06-11 06:00:01;1997-06-12 06:00:00;1997-06-11;0.0;G
1997-06-12 06:00:01;1997-06-13 06:00:00;1997-06-12;0.0;G
1997-06-13 06:00:01;1997-06-14 06:00:00;1997-06-13;16.7;G
1997-06-14 06:00:01;1997-06-15 06:00:00;1997-06-14;13.3;G
1997-06-15 06:00:01;1997-06-16 06:00:00;1997-06-15;10.2;G
1997-06-16 06:00:01;1997-06-17 06:00:00;1997-06-16;60.4;G
1997-06-17 06:00:01;1997-06-18 06:00:00;1997-06-17;12.0;G
1997-06-18 06:00:01;1997-06-19 06:00:00;1997-06-18;0.0;G
1997-06-19 06:00:01;1997-06-20 06:00:00;1997-06-19;0.0;G
1997-06-20 06:00:01;1997-06-21 06:00:00;1997-06-20;0.0;G
1997-06-21 06:00:01;1997-06-22 06:00:00;1997-06-21;0.0;G
1997-06-22 06:00:01;1997-06-23 06:00:00;1997-06-22;10.2;G
1997-06-23 06:00:01;1997-06-24 06:00:00;1997-06-23;0.0;G
1997-06-24 06:00:01;1997-06-25 06:00:00;1997-06-24;9.3;G
1997-06-25 06:00:01;1997-06-26 06:00:00;1997-06-25;0.9;G
1997-06-26 06:00:01;1997-06-27 06:00:00;1997-06-26;1.8;G
1997-06-27 06:00:01;1997-06-28 06:00:00;1997-06-27;0.0;G
1997-06-28 06:00:01;1997-06-29 06:00:00;1997-06-28;0.4;G
1997-06-29 06:00:01;1997-06-30 06:00:00;1997-06-29;1.3;G
1997-06-30 06:00:01;1997-07-01 06:00:00;1997-06-30;0.6;G
1997-07-01 06:00:01;1997-07-02 06:00:00;1997-07-01;0.0;G
1997-07-02 06:00:01;1997-07-03 06:00:00;1997-07-02;0.4;G
1997-07-03 06:00:01;1997-07-04 06:00:00;1997-07-03;0.0;G
1997-07-04 06:00:01;1997-07-05 06:00:00;1997-07-04;0.0;G
1997-07-05 06:00:01;1997-07-06 06:00:00;1997-07-05;7.5;G
1997-07-06 06:00:01;1997-07-07 06:00:00;1997-07-06;0.1;G
1997-07-07 06:00:01;1997-07-08 06:00:00;1997-07-07;0.0;G
1997-07-08 06:00:01;1997-07-09 06:00:00;1997-07-08;0.0;G
1997-07-09 06:00:01;1997-07-10 06:00:00;1997-07-09;0.0;G
1997-07-10 06:00:01;1997-07-11 06:00:00;1997-07-10;0.0;G
1997-07-11 06:00:01;1997-07-12 06:00:00;1997-07-11;0.0;G
1997-07-12 06:00:01;1997-07-13 06:00:00;1997-07-12;0.0;G
1997-07-13 06:00:01;1997-07-14 06:00:00;1997-07-13;0.0;G
1997-07-14 06:00:01;1997-07-15 06:00:00;1997-07-14;0.0;G
1997-07-15 06:00:01;1997-07-16 06:00:00;1997-07-15;0.0;G
1997-07-16 06:00:01;1997-07-17 06:00:00;1997-07-16;0.0;G
1997-07-17 06:00:01;1997-07-18 06:00:00;1997-07-17;0.0;G
1997-07-18 06:00:01;1997-07-19 06:00:00;1997-07-18;0.4;G
1997-07-19 06:00:01;1997-07-20 06:00:00;1997-07-19;0.0;G
1997-07-20 06:00:01;1997-07-21 06:00:00;1997-07-20;0.0;G
1997-07-21 06:00:01;1997-07-22 06:00:00;1997-07-21;0.0;G
1997-07-22 06:00:01;1997-07-23 06:00:00;1997-07-22;0.0;G
1997-07-23 06:00:01;1997-07-24 06:00:00;1997-07-23;0.0;G
1997-07-24 06:00:01;1997-07-25 06:00:00;1997-07-24;8.6;G
1997-07-25 06:00:01;1997-07-26 06:00:00;1997-07-25;11.1;G
1997-07-26 06:00:01;1997-07-27 06:00:00;1997-07-26;15.8;G
1997-07-27 06:00:01;1997-07-28 06:00:00;1997-07-27;0.8;G
1997-07-28 06:00:01;1997-07-29 06:00:00;1997-07-28;8.0;G
1997-07-29 06:00:01;1997-07-30 06:00:00;1997-07-29;1.3;G
1997-07-30 06:00:01;1997-07-31 06:00:00;1997-07-30;0.0;G
1997-07-31 06:00:01;1997-08-01 06:00:00;1997-07-31;0.0;G
1997-08-01 06:00:01;1997-08-02 06:00:00;1997-08-01;0.0;G
1997-08-02 06:00:01;1997-08-03 06:00:00;1997-08-02;13.5;G
1997-08-03 06:00:01;1997-08-04 06:00:00;1997-08-03;0.0;G
1997-08-04 06:00:01;1997-08-05 06:00:00;1997-08-04;0.4;G
1997-08-05 06:00:01;1997-08-06 06:00:00;1997-08-05;0.0;G
1997-08-06 06:00:01;1997-08-07 06:00:00;1997-08-06;0.0;G
1997-08-07 06:00:01;1997-08-08 06:00:00;1997-08-07;0.0;G
1997-08-08 06:00:01;1997-08-09 06:00:00;1997-08-08;0.0;G
1997-08-09 06:00:01;1997-08-10 06:00:00;1997-08-09;0.1;G
1997-08-10 06:00:01;1997-08-11 06:00:00;1997-08-10;2.0;G
1997-08-11 06:00:01;1997-08-12 06:00:00;1997-08-11;0.0;G
1997-08-12 06:00:01;1997-08-13 06:00:00;1997-08-12;5.5;G
1997-08-13 06:00:01;1997-08-14 06:00:00;1997-08-13;0.0;G
1997-08-14 06:00:01;1997-08-15 06:00:00;1997-08-14;0.0;G
1997-08-15 06:00:01;1997-08-16 06:00:00;1997-08-15;0.0;G
1997-08-16 06:00:01;1997-08-17 06:00:00;1997-08-16;0.0;G
1997-08-17 06:00:01;1997-08-18 06:00:00;1997-08-17;104.4;Y
1997-08-18 06:00:01;1997-08-19 06:00:00;1997-08-18;0.0;G
1997-08-19 06:00:01;1997-08-20 06:00:00;1997-08-19;0.0;G
1997-08-20 06:00:01;1997-08-21 06:00:00;1997-08-20;0.0;G
1997-08-21 06:00:01;1997-08-22 06:00:00;1997-08-21;0.0;G
1997-08-22 06:00:01;1997-08-23 06:00:00;1997-08-22;1.1;G
1997-08-23 06:00:01;1997-08-24 06:00:00;1997-08-23;0.0;G
1997-08-24 06:00:01;1997-08-25 06:00:00;1997-08-24;7.1;G
1997-08-25 06:00:01;1997-08-26 06:00:00;1997-08-25;0.4;G
1997-08-26 06:00:01;1997-08-27 06:00:00;1997-08-26;0.0;G
1997-08-27 06:00:01;1997-08-28 06:00:00;1997-08-27;0.0;G
1997-08-28 06:00:01;1997-08-29 06:00:00;1997-08-28;0.0;G
1997-08-29 06:00:01;1997-08-30 06:00:00;1997-08-29;0.0;G
1997-08-30 06:00:01;1997-08-31 06:00:00;1997-08-30;1.4;G
1997-08-31 06:00:01;1997-09-01 06:00:00;1997-08-31;0.6;G
1997-09-01 06:00:01;1997-09-02 06:00:00;1997-09-01;0.0;G
1997-09-02 06:00:01;1997-09-03 06:00:00;1997-09-02;0.0;G
1997-09-03 06:00:01;1997-09-04 06:00:00;1997-09-03;11.9;G
1997-09-04 06:00:01;1997-09-05 06:00:00;1997-09-04;0.0;G
1997-09-05 06:00:01;1997-09-06 06:00:00;1997-09-05;0.0;G
1997-09-06 06:00:01;1997-09-07 06:00:00;1997-09-06;2.5;G
1997-09-07 06:00:01;1997-09-08 06:00:00;1997-09-07;12.2;G
1997-09-08 06:00:01;1997-09-09 06:00:00;1997-09-08;1.0;G
1997-09-09 06:00:01;1997-09-10 06:00:00;1997-09-09;0.0;G
1997-09-10 06:00:01;1997-09-11 06:00:00;1997-09-10;0.0;G
1997-09-11 06:00:01;1997-09-12 06:00:00;1997-09-11;0.4;G
1997-09-12 06:00:01;1997-09-13 06:00:00;1997-09-12;13.8;G
1997-09-13 06:00:01;1997-09-14 06:00:00;1997-09-13;0.6;G
1997-09-14 06:00:01;1997-09-15 06:00:00;1997-09-14;0.4;G
1997-09-15 06:00:01;1997-09-16 06:00:00;1997-09-15;2.7;G
1997-09-16 06:00:01;1997-09-17 06:00:00;1997-09-16;7.4;G
1997-09-17 06:00:01;1997-09-18 06:00:00;1997-09-17;2.5;G
1997-09-18 06:00:01;1997-09-19 06:00:00;1997-09-18;0.1;G
1997-09-19 06:00:01;1997-09-20 06:00:00;1997-09-19;0.0;G
1997-09-20 06:00:01;1997-09-21 06:00:00;1997-09-20;0.0;G
1997-09-21 06:00:01;1997-09-22 06:00:00;1997-09-21;0.0;G
1997-09-22 06:00:01;1997-09-23 06:00:00;1997-09-22;0.1;G
1997-09-23 06:00:01;1997-09-24 06:00:00;1997-09-23;0.5;G
1997-09-24 06:00:01;1997-09-25 06:00:00;1997-09-24;0.0;G
1997-09-25 06:00:01;1997-09-26 06:00:00;1997-09-25;0.0;G
1997-09-26 06:00:01;1997-09-27 06:00:00;1997-09-26;0.0;G
1997-09-27 06:00:01;1997-09-28 06:00:00;1997-09-27;0.0;G
1997-09-28 06:00:01;1997-09-29 06:00:00;1997-09-28;0.0;G
1997-09-29 06:00:01;1997-09-30 06:00:00;1997-09-29;2.7;G
1997-09-30 06:00:01;1997-10-01 06:00:00;1997-09-30;7.0;G
1997-10-01 06:00:01;1997-10-02 06:00:00;1997-10-01;11.3;G
1997-10-02 06:00:01;1997-10-03 06:00:00;1997-10-02;1.7;G
1997-10-03 06:00:01;1997-10-04 06:00:00;1997-10-03;0.4;G
1997-10-04 06:00:01;1997-10-05 06:00:00;1997-10-04;11.6;G
1997-10-05 06:00:01;1997-10-06 06:00:00;1997-10-05;0.0;G
1997-10-06 06:00:01;1997-10-07 06:00:00;1997-10-06;0.0;G
1997-10-07 06:00:01;1997-10-08 06:00:00;1997-10-07;10.0;G
1997-10-08 06:00:01;1997-10-09 06:00:00;1997-10-08;3.2;G
1997-10-09 06:00:01;1997-10-10 06:00:00;1997-10-09;0.0;G
1997-10-10 06:00:01;1997-10-11 06:00:00;1997-10-10;1.5;G
1997-10-11 06:00:01;1997-10-12 06:00:00;1997-10-11;0.6;G
1997-10-12 06:00:01;1997-10-13 06:00:00;1997-10-12;0.0;G
1997-10-13 06:00:01;1997-10-14 06:00:00;1997-10-13;1.9;G
1997-10-14 06:00:01;1997-10-15 06:00:00;1997-10-14;2.3;G
1997-10-15 06:00:01;1997-10-16 06:00:00;1997-10-15;9.9;G
1997-10-16 06:00:01;1997-10-17 06:00:00;1997-10-16;0.3;G
1997-10-17 06:00:01;1997-10-18 06:00:00;1997-10-17;3.7;G
1997-10-18 06:00:01;1997-10-19 06:00:00;1997-10-18;0.6;G
1997-10-19 06:00:01;1997-10-20 06:00:00;1997-10-19;0.7;G
1997-10-20 06:00:01;1997-10-21 06:00:00;1997-10-20;0.0;G
1997-10-21 06:00:01;1997-10-22 06:00:00;1997-10-21;0.0;G
1997-10-22 06:00:01;1997-10-23 06:00:00;1997-10-22;1.5;G
1997-10-23 06:00:01;1997-10-24 06:00:00;1997-10-23;0.0;G
1997-10-24 06:00:01;1997-10-25 06:00:00;1997-10-24;0.0;G
1997-10-25 06:00:01;1997-10-26 06:00:00;1997-10-25;0.0;G
1997-10-26 06:00:01;1997-10-27 06:00:00;1997-10-26;0.0;G
1997-10-27 06:00:01;1997-10-28 06:00:00;1997-10-27;0.0;G
1997-10-28 06:00:01;1997-10-29 06:00:00;1997-10-28;0.0;G
1997-10-29 06:00:01;1997-10-30 06:00:00;1997-10-29;0.0;G
1997-10-30 06:00:01;1997-10-31 06:00:00;1997-10-30;0.0;G
1997-10-31 06:00:01;1997-11-01 06:00:00;1997-10-31;0.0;G
1997-12-01 06:00:01;1997-12-02 06:00:00;1997-12-01;1.5;G
1997-12-02 06:00:01;1997-12-03 06:00:00;1997-12-02;3.0;G
1997-12-03 06:00:01;1997-12-04 06:00:00;1997-12-03;0.0;G
1997-12-04 06:00:01;1997-12-05 06:00:00;1997-12-04;0.0;G
1997-12-05 06:00:01;1997-12-06 06:00:00;1997-12-05;4.2;G
1997-12-06 06:00:01;1997-12-07 06:00:00;1997-12-06;0.0;G
1997-12-07 06:00:01;1997-12-08 06:00:00;1997-12-07;0.0;G
1997-12-08 06:00:01;1997-12-09 06:00:00;1997-12-08;0.0;G
1997-12-09 06:00:01;1997-12-10 06:00:00;1997-12-09;0.0;G
1997-12-10 06:00:01;1997-12-11 06:00:00;1997-12-10;0.0;G
1997-12-11 06:00:01;1997-12-12 06:00:00;1997-12-11;0.1;G
1997-12-12 06:00:01;1997-12-13 06:00:00;1997-12-12;0.0;G
1997-12-13 06:00:01;1997-12-14 06:00:00;1997-12-13;0.0;G
1997-12-14 06:00:01;1997-12-15 06:00:00;1997-12-14;0.0;G
1997-12-15 06:00:01;1997-12-16 06:00:00;1997-12-15;1.5;G
1997-12-16 06:00:01;1997-12-17 06:00:00;1997-12-16;0.3;G
1997-12-17 06:00:01;1997-12-18 06:00:00;1997-12-17;0.0;G
1997-12-18 06:00:01;1997-12-19 06:00:00;1997-12-18;0.0;G
1997-12-19 06:00:01;1997-12-20 06:00:00;1997-12-19;0.1;G
1997-12-20 06:00:01;1997-12-21 06:00:00;1997-12-20;0.0;G
1997-12-21 06:00:01;1997-12-22 06:00:00;1997-12-21;0.0;G
1997-12-22 06:00:01;1997-12-23 06:00:00;1997-12-22;0.0;G
1997-12-23 06:00:01;1997-12-24 06:00:00;1997-12-23;0.0;G
1997-12-24 06:00:01;1997-12-25 06:00:00;1997-12-24;0.4;G
1997-12-25 06:00:01;1997-12-26 06:00:00;1997-12-25;4.5;G
1997-12-26 06:00:01;1997-12-27 06:00:00;1997-12-26;6.9;G
1997-12-27 06:00:01;1997-12-28 06:00:00;1997-12-27;0.6;G
1997-12-28 06:00:01;1997-12-29 06:00:00;1997-12-28;0.5;G
1997-12-29 06:00:01;1997-12-30 06:00:00;1997-12-29;1.0;G
1997-12-30 06:00:01;1997-12-31 06:00:00;1997-12-30;2.8;G
1997-12-31 06:00:01;1998-01-01 06:00:00;1997-12-31;6.3;G
1998-01-01 06:00:01;1998-01-02 06:00:00;1998-01-01;1.0;G
1998-01-02 06:00:01;1998-01-03 06:00:00;1998-01-02;2.6;G
1998-01-03 06:00:01;1998-01-04 06:00:00;1998-01-03;1.3;G
1998-01-04 06:00:01;1998-01-05 06:00:00;1998-01-04;6.7;G
1998-01-05 06:00:01;1998-01-06 06:00:00;1998-01-05;0.6;G
1998-01-06 06:00:01;1998-01-07 06:00:00;1998-01-06;0.1;G
1998-01-07 06:00:01;1998-01-08 06:00:00;1998-01-07;0.0;G
1998-01-08 06:00:01;1998-01-09 06:00:00;1998-01-08;0.0;G
1998-01-09 06:00:01;1998-01-10 06:00:00;1998-01-09;0.8;G
1998-01-10 06:00:01;1998-01-11 06:00:00;1998-01-10;2.0;G
1998-01-11 06:00:01;1998-01-12 06:00:00;1998-01-11;0.0;G
1998-01-12 06:00:01;1998-01-13 06:00:00;1998-01-12;0.1;G
1998-01-13 06:00:01;1998-01-14 06:00:00;1998-01-13;0.1;G
1998-01-14 06:00:01;1998-01-15 06:00:00;1998-01-14;0.0;G
1998-01-15 06:00:01;1998-01-16 06:00:00;1998-01-15;5.3;G
1998-01-16 06:00:01;1998-01-17 06:00:00;1998-01-16;1.3;G
1998-01-17 06:00:01;1998-01-18 06:00:00;1998-01-17;2.5;G
1998-01-18 06:00:01;1998-01-19 06:00:00;1998-01-18;2.5;G
1998-01-19 06:00:01;1998-01-20 06:00:00;1998-01-19;15.6;G
1998-01-20 06:00:01;1998-01-21 06:00:00;1998-01-20;0.0;G
1998-01-21 06:00:01;1998-01-22 06:00:00;1998-01-21;0.0;G
1998-01-22 06:00:01;1998-01-23 06:00:00;1998-01-22;0.0;G
1998-01-23 06:00:01;1998-01-24 06:00:00;1998-01-23;8.7;G
1998-01-24 06:00:01;1998-01-25 06:00:00;1998-01-24;0.0;G
1998-01-25 06:00:01;1998-01-26 06:00:00;1998-01-25;0.0;G
1998-01-26 06:00:01;1998-01-27 06:00:00;1998-01-26;0.0;G
1998-01-27 06:00:01;1998-01-28 06:00:00;1998-01-27;0.0;G
1998-01-28 06:00:01;1998-01-29 06:00:00;1998-01-28;0.0;G
1998-01-29 06:00:01;1998-01-30 06:00:00;1998-01-29;0.1;G
1998-01-30 06:00:01;1998-01-31 06:00:00;1998-01-30;8.2;G
1998-01-31 06:00:01;1998-02-01 06:00:00;1998-01-31;1.8;G
1998-05-01 06:00:01;1998-05-02 06:00:00;1998-05-01;2.0;G
1998-05-02 06:00:01;1998-05-03 06:00:00;1998-05-02;5.5;G
1998-05-03 06:00:01;1998-05-04 06:00:00;1998-05-03;9.0;G
1998-05-04 06:00:01;1998-05-05 06:00:00;1998-05-04;2.1;G
1998-05-05 06:00:01;1998-05-06 06:00:00;1998-05-05;0.0;G
1998-05-06 06:00:01;1998-05-07 06:00:00;1998-05-06;4.0;G
1998-05-07 06:00:01;1998-05-08 06:00:00;1998-05-07;1.3;G
1998-05-08 06:00:01;1998-05-09 06:00:00;1998-05-08;0.0;G
1998-05-09 06:00:01;1998-05-10 06:00:00;1998-05-09;6.6;G
1998-05-10 06:00:01;1998-05-11 06:00:00;1998-05-10;0.0;G
1998-05-11 06:00:01;1998-05-12 06:00:00;1998-05-11;0.0;G
1998-05-12 06:00:01;1998-05-13 06:00:00;1998-05-12;0.0;G
1998-05-13 06:00:01;1998-05-14 06:00:00;1998-05-13;0.0;G
1998-05-14 06:00:01;1998-05-15 06:00:00;1998-05-14;0.0;G
1998-05-15 06:00:01;1998-05-16 06:00:00;1998-05-15;0.0;G
1998-05-16 06:00:01;1998-05-17 06:00:00;1998-05-16;0.0;G
1998-05-17 06:00:01;1998-05-18 06:00:00;1998-05-17;0.0;G
1998-05-18 06:00:01;1998-05-19 06:00:00;1998-05-18;0.0;G
1998-05-19 06:00:01;1998-05-20 06:00:00;1998-05-19;0.9;G
1998-05-20 06:00:01;1998-05-21 06:00:00;1998-05-20;0.1;G
1998-05-21 06:00:01;1998-05-22 06:00:00;1998-05-21;4.5;G
1998-05-22 06:00:01;1998-05-23 06:00:00;1998-05-22;0.0;G
1998-05-23 06:00:01;1998-05-24 06:00:00;1998-05-23;0.0;G
1998-05-24 06:00:01;1998-05-25 06:00:00;1998-05-24;0.0;G
1998-05-25 06:00:01;1998-05-26 06:00:00;1998-05-25;4.5;G
1998-05-26 06:00:01;1998-05-27 06:00:00;1998-05-26;0.0;G
1998-05-27 06:00:01;1998-05-28 06:00:00;1998-05-27;0.0;G
1998-05-28 06:00:01;1998-05-29 06:00:00;1998-05-28;0.0;G
1998-05-29 06:00:01;1998-05-30 06:00:00;1998-05-29;1.3;G
1998-05-30 06:00:01;1998-05-31 06:00:00;1998-05-30;0.0;G
1998-05-31 06:00:01;1998-06-01 06:00:00;1998-05-31;4.3;G
1998-06-01 06:00:01;1998-06-02 06:00:00;1998-06-01;13.9;G
1998-06-02 06:00:01;1998-06-03 06:00:00;1998-06-02;3.9;G
1998-06-03 06:00:01;1998-06-04 06:00:00;1998-06-03;9.1;G
1998-06-04 06:00:01;1998-06-05 06:00:00;1998-06-04;0.0;G
1998-06-05 06:00:01;1998-06-06 06:00:00;1998-06-05;0.3;G
1998-06-06 06:00:01;1998-06-07 06:00:00;1998-06-06;0.0;G
1998-06-07 06:00:01;1998-06-08 06:00:00;1998-06-07;0.7;G
1998-06-08 06:00:01;1998-06-09 06:00:00;1998-06-08;1.0;G
1998-06-09 06:00:01;1998-06-10 06:00:00;1998-06-09;2.4;G
1998-06-10 06:00:01;1998-06-11 06:00:00;1998-06-10;2.6;G
1998-06-11 06:00:01;1998-06-12 06:00:00;1998-06-11;0.0;G
1998-06-12 06:00:01;1998-06-13 06:00:00;1998-06-12;0.8;G
1998-06-13 06:00:01;1998-06-14 06:00:00;1998-06-13;0.0;G
1998-06-14 06:00:01;1998-06-15 06:00:00;1998-06-14;0.0;G
1998-06-15 06:00:01;1998-06-16 06:00:00;1998-06-15;11.3;G
1998-06-16 06:00:01;1998-06-17 06:00:00;1998-06-16;1.4;G
1998-06-17 06:00:01;1998-06-18 06:00:00;1998-06-17;9.7;G
1998-06-18 06:00:01;1998-06-19 06:00:00;1998-06-18;0.1;G
1998-06-19 06:00:01;1998-06-20 06:00:00;1998-06-19;13.5;G
1998-06-20 06:00:01;1998-06-21 06:00:00;1998-06-20;2.6;G
1998-06-21 06:00:01;1998-06-22 06:00:00;1998-06-21;0.1;G
1998-06-22 06:00:01;1998-06-23 06:00:00;1998-06-22;0.1;G
1998-06-23 06:00:01;1998-06-24 06:00:00;1998-06-23;2.4;G
1998-06-24 06:00:01;1998-06-25 06:00:00;1998-06-24;0.0;G
1998-06-25 06:00:01;1998-06-26 06:00:00;1998-06-25;0.0;G
1998-06-26 06:00:01;1998-06-27 06:00:00;1998-06-26;0.2;G
1998-06-27 06:00:01;1998-06-28 06:00:00;1998-06-27;0.0;G
1998-06-28 06:00:01;1998-06-29 06:00:00;1998-06-28;6.3;G
1998-06-29 06:00:01;1998-06-30 06:00:00;1998-06-29;0.0;G
1998-06-30 06:00:01;1998-07-01 06:00:00;1998-06-30;1.7;G
1998-07-01 06:00:01;1998-07-02 06:00:00;1998-07-01;1.0;G
1998-07-02 06:00:01;1998-07-03 06:00:00;1998-07-02;5.8;G
1998-07-03 06:00:01;1998-07-04 06:00:00;1998-07-03;0.0;G
1998-07-04 06:00:01;1998-07-05 06:00:00;1998-07-04;1.2;G
1998-07-05 06:00:01;1998-07-06 06:00:00;1998-07-05;7.8;G
1998-07-06 06:00:01;1998-07-07 06:00:00;1998-07-06;7.3;G
1998-07-07 06:00:01;1998-07-08 06:00:00;1998-07-07;5.9;G
1998-07-08 06:00:01;1998-07-09 06:00:00;1998-07-08;0.1;G
1998-07-09 06:00:01;1998-07-10 06:00:00;1998-07-09;0.0;G
1998-07-10 06:00:01;1998-07-11 06:00:00;1998-07-10;5.0;G
1998-07-11 06:00:01;1998-07-12 06:00:00;1998-07-11;13.4;G
1998-07-12 06:00:01;1998-07-13 06:00:00;1998-07-12;3.7;G
1998-07-13 06:00:01;1998-07-14 06:00:00;1998-07-13;0.0;G
1998-07-14 06:00:01;1998-07-15 06:00:00;1998-07-14;2.4;G
1998-07-15 06:00:01;1998-07-16 06:00:00;1998-07-15;7.7;G
1998-07-16 06:00:01;1998-07-17 06:00:00;1998-07-16;0.6;G
1998-07-17 06:00:01;1998-07-18 06:00:00;1998-07-17;0.0;G
1998-07-18 06:00:01;1998-07-19 06:00:00;1998-07-18;2.5;G
1998-07-19 06:00:01;1998-07-20 06:00:00;1998-07-19;0.0;G
1998-07-20 06:00:01;1998-07-21 06:00:00;1998-07-20;0.0;G
1998-07-21 06:00:01;1998-07-22 06:00:00;1998-07-21;0.1;G
1998-07-22 06:00:01;1998-07-23 06:00:00;1998-07-22;1.4;G
1998-07-23 06:00:01;1998-07-24 06:00:00;1998-07-23;0.0;G
1998-07-24 06:00:01;1998-07-25 06:00:00;1998-07-24;5.5;G
1998-07-25 06:00:01;1998-07-26 06:00:00;1998-07-25;0.0;G
1998-07-26 06:00:01;1998-07-27 06:00:00;1998-07-26;2.0;G
1998-07-27 06:00:01;1998-07-28 06:00:00;1998-07-27;0.1;G
1998-07-28 06:00:01;1998-07-29 06:00:00;1998-07-28;0.0;G
1998-07-29 06:00:01;1998-07-30 06:00:00;1998-07-29;5.1;G
1998-07-30 06:00:01;1998-07-31 06:00:00;1998-07-30;4.7;G
1998-07-31 06:00:01;1998-08-01 06:00:00;1998-07-31;1.5;G
1998-08-01 06:00:01;1998-08-02 06:00:00;1998-08-01;0.0;G
1998-08-02 06:00:01;1998-08-03 06:00:00;1998-08-02;0.0;G
1998-08-03 06:00:01;1998-08-04 06:00:00;1998-08-03;0.0;G
1998-08-04 06:00:01;1998-08-05 06:00:00;1998-08-04;0.4;G
1998-08-05 06:00:01;1998-08-06 06:00:00;1998-08-05;0.7;G
1998-08-06 06:00:01;1998-08-07 06:00:00;1998-08-06;0.1;G
1998-08-07 06:00:01;1998-08-08 06:00:00;1998-08-07;7.5;G
1998-08-08 06:00:01;1998-08-09 06:00:00;1998-08-08;0.0;G
1998-08-09 06:00:01;1998-08-10 06:00:00;1998-08-09;0.3;G
1998-08-10 06:00:01;1998-08-11 06:00:00;1998-08-10;0.1;G
1998-08-11 06:00:01;1998-08-12 06:00:00;1998-08-11;0.0;G
1998-08-12 06:00:01;1998-08-13 06:00:00;1998-08-12;0.0;G
1998-08-13 06:00:01;1998-08-14 06:00:00;1998-08-13;12.9;G
1998-08-14 06:00:01;1998-08-15 06:00:00;1998-08-14;0.0;G
1998-08-15 06:00:01;1998-08-16 06:00:00;1998-08-15;4.3;G
1998-08-16 06:00:01;1998-08-17 06:00:00;1998-08-16;0.0;G
1998-08-17 06:00:01;1998-08-18 06:00:00;1998-08-17;4.4;G
1998-08-18 06:00:01;1998-08-19 06:00:00;1998-08-18;0.1;G
1998-08-19 06:00:01;1998-08-20 06:00:00;1998-08-19;0.0;G
1998-08-20 06:00:01;1998-08-21 06:00:00;1998-08-20;2.6;G
1998-08-21 06:00:01;1998-08-22 06:00:00;1998-08-21;2.4;G
1998-08-22 06:00:01;1998-08-23 06:00:00;1998-08-22;8.2;G
1998-08-23 06:00:01;1998-08-24 06:00:00;1998-08-23;7.3;G
1998-08-24 06:00:01;1998-08-25 06:00:00;1998-08-24;2.7;G
1998-08-25 06:00:01;1998-08-26 06:00:00;1998-08-25;0.0;G
1998-08-26 06:00:01;1998-08-27 06:00:00;1998-08-26;0.0;G
1998-08-27 06:00:01;1998-08-28 06:00:00;1998-08-27;3.7;G
1998-08-28 06:00:01;1998-08-29 06:00:00;1998-08-28;3.2;G
1998-08-29 06:00:01;1998-08-30 06:00:00;1998-08-29;0.8;G
1998-08-30 06:00:01;1998-08-31 06:00:00;1998-08-30;4.9;G
1998-08-31 06:00:01;1998-09-01 06:00:00;1998-08-31;2.2;G
1998-09-01 06:00:01;1998-09-02 06:00:00;1998-09-01;0.0;G
1998-09-02 06:00:01;1998-09-03 06:00:00;1998-09-02;0.0;G
1998-09-03 06:00:01;1998-09-04 06:00:00;1998-09-03;0.0;G
1998-09-04 06:00:01;1998-09-05 06:00:00;1998-09-04;0.0;G
1998-09-05 06:00:01;1998-09-06 06:00:00;1998-09-05;0.0;G
1998-09-06 06:00:01;1998-09-07 06:00:00;1998-09-06;0.0;G
1998-09-07 06:00:01;1998-09-08 06:00:00;1998-09-07;0.0;G
1998-09-08 06:00:01;1998-09-09 06:00:00;1998-09-08;0.0;G
1998-09-09 06:00:01;1998-09-10 06:00:00;1998-09-09;3.2;G
1998-09-10 06:00:01;1998-09-11 06:00:00;1998-09-10;0.3;G
1998-09-11 06:00:01;1998-09-12 06:00:00;1998-09-11;2.0;G
1998-09-12 06:00:01;1998-09-13 06:00:00;1998-09-12;6.5;G
1998-09-13 06:00:01;1998-09-14 06:00:00;1998-09-13;0.2;G
1998-09-14 06:00:01;1998-09-15 06:00:00;1998-09-14;6.4;G
1998-09-15 06:00:01;1998-09-16 06:00:00;1998-09-15;1.3;G
1998-09-16 06:00:01;1998-09-17 06:00:00;1998-09-16;1.4;G
1998-09-17 06:00:01;1998-09-18 06:00:00;1998-09-17;15.5;G
1998-09-18 06:00:01;1998-09-19 06:00:00;1998-09-18;1.6;G
1998-09-19 06:00:01;1998-09-20 06:00:00;1998-09-19;0.1;G
1998-09-20 06:00:01;1998-09-21 06:00:00;1998-09-20;0.0;G
1998-09-21 06:00:01;1998-09-22 06:00:00;1998-09-21;0.0;G
1998-09-22 06:00:01;1998-09-23 06:00:00;1998-09-22;0.2;G
1998-09-23 06:00:01;1998-09-24 06:00:00;1998-09-23;0.0;G
1998-09-24 06:00:01;1998-09-25 06:00:00;1998-09-24;0.0;G
1998-09-25 06:00:01;1998-09-26 06:00:00;1998-09-25;0.0;G
1998-09-26 06:00:01;1998-09-27 06:00:00;1998-09-26;1.2;G
1998-09-27 06:00:01;1998-09-28 06:00:00;1998-09-27;0.5;G
1998-09-28 06:00:01;1998-09-29 06:00:00;1998-09-28;0.0;G
1998-09-29 06:00:01;1998-09-30 06:00:00;1998-09-29;0.0;G
1998-09-30 06:00:01;1998-10-01 06:00:00;1998-09-30;0.0;G
1998-10-01 06:00:01;1998-10-02 06:00:00;1998-10-01;0.1;G
1998-10-02 06:00:01;1998-10-03 06:00:00;1998-10-02;0.0;G
1998-10-03 06:00:01;1998-10-04 06:00:00;1998-10-03;0.0;G
1998-10-04 06:00:01;1998-10-05 06:00:00;1998-10-04;0.0;G
1998-10-05 06:00:01;1998-10-06 06:00:00;1998-10-05;0.0;G
1998-10-06 06:00:01;1998-10-07 06:00:00;1998-10-06;0.0;G
1998-10-07 06:00:01;1998-10-08 06:00:00;1998-10-07;0.1;G
1998-10-08 06:00:01;1998-10-09 06:00:00;1998-10-08;0.0;G
1998-10-09 06:00:01;1998-10-10 06:00:00;1998-10-09;0.0;G
1998-10-10 06:00:01;1998-10-11 06:00:00;1998-10-10;0.5;G
1998-10-11 06:00:01;1998-10-12 06:00:00;1998-10-11;1.7;G
1998-10-12 06:00:01;1998-10-13 06:00:00;1998-10-12;5.6;G
1998-10-13 06:00:01;1998-10-14 06:00:00;1998-10-13;0.0;G
1998-10-14 06:00:01;1998-10-15 06:00:00;1998-10-14;3.8;G
1998-10-15 06:00:01;1998-10-16 06:00:00;1998-10-15;0.0;G
1998-10-16 06:00:01;1998-10-17 06:00:00;1998-10-16;0.0;G
1998-10-17 06:00:01;1998-10-18 06:00:00;1998-10-17;15.4;G
1998-10-18 06:00:01;1998-10-19 06:00:00;1998-10-18;0.5;G
1998-10-19 06:00:01;1998-10-20 06:00:00;1998-10-19;0.2;G
1998-10-20 06:00:01;1998-10-21 06:00:00;1998-10-20;0.3;G
1998-10-21 06:00:01;1998-10-22 06:00:00;1998-10-21;0.4;G
1998-10-22 06:00:01;1998-10-23 06:00:00;1998-10-22;0.1;G
1998-10-23 06:00:01;1998-10-24 06:00:00;1998-10-23;3.9;G
1998-10-24 06:00:01;1998-10-25 06:00:00;1998-10-24;1.9;G
1998-10-25 06:00:01;1998-10-26 06:00:00;1998-10-25;4.2;G
1998-10-26 06:00:01;1998-10-27 06:00:00;1998-10-26;0.6;G
1998-10-27 06:00:01;1998-10-28 06:00:00;1998-10-27;7.0;G
1998-10-28 06:00:01;1998-10-29 06:00:00;1998-10-28;2.6;G
1998-10-29 06:00:01;1998-10-30 06:00:00;1998-10-29;1.8;G
1998-10-30 06:00:01;1998-10-31 06:00:00;1998-10-30;1.4;G
1998-10-31 06:00:01;1998-11-01 06:00:00;1998-10-31;0.0;G
1998-11-01 06:00:01;1998-11-02 06:00:00;1998-11-01;1.2;G
1998-11-02 06:00:01;1998-11-03 06:00:00;1998-11-02;8.7;G
1998-11-03 06:00:01;1998-11-04 06:00:00;1998-11-03;0.1;G
1998-11-04 06:00:01;1998-11-05 06:00:00;1998-11-04;0.0;G
1998-11-05 06:00:01;1998-11-06 06:00:00;1998-11-05;0.2;G
1998-11-06 06:00:01;1998-11-07 06:00:00;1998-11-06;0.1;G
1998-11-07 06:00:01;1998-11-08 06:00:00;1998-11-07;0.1;G
1998-11-08 06:00:01;1998-11-09 06:00:00;1998-11-08;0.0;G
1998-11-09 06:00:01;1998-11-10 06:00:00;1998-11-09;1.0;G
1998-11-10 06:00:01;1998-11-11 06:00:00;1998-11-10;0.9;G
1998-11-11 06:00:01;1998-11-12 06:00:00;1998-11-11;0.1;G
1998-11-12 06:00:01;1998-11-13 06:00:00;1998-11-12;0.3;G
1998-11-13 06:00:01;1998-11-14 06:00:00;1998-11-13;0.5;G
1998-11-14 06:00:01;1998-11-15 06:00:00;1998-11-14;0.2;G
1998-11-15 06:00:01;1998-11-16 06:00:00;1998-11-15;0.5;G
1998-11-16 06:00:01;1998-11-17 06:00:00;1998-11-16;0.1;G
1998-11-17 06:00:01;1998-11-18 06:00:00;1998-11-17;0.7;G
1998-11-18 06:00:01;1998-11-19 06:00:00;1998-11-18;0.0;G
1998-11-19 06:00:01;1998-11-20 06:00:00;1998-11-19;0.0;G
1998-11-20 06:00:01;1998-11-21 06:00:00;1998-11-20;0.0;G
1998-11-21 06:00:01;1998-11-22 06:00:00;1998-11-21;0.3;G
1998-11-22 06:00:01;1998-11-23 06:00:00;1998-11-22;0.6;G
1998-11-23 06:00:01;1998-11-24 06:00:00;1998-11-23;0.0;G
1998-11-24 06:00:01;1998-11-25 06:00:00;1998-11-24;0.0;G
1998-11-25 06:00:01;1998-11-26 06:00:00;1998-11-25;0.4;G
1998-11-26 06:00:01;1998-11-27 06:00:00;1998-11-26;1.8;G
1998-11-27 06:00:01;1998-11-28 06:00:00;1998-11-27;1.6;G
1998-11-28 06:00:01;1998-11-29 06:00:00;1998-11-28;0.0;G
1998-11-29 06:00:01;1998-11-30 06:00:00;1998-11-29;0.0;G
1998-11-30 06:00:01;1998-12-01 06:00:00;1998-11-30;0.0;G
1998-12-01 06:00:01;1998-12-02 06:00:00;1998-12-01;0.0;G
1998-12-02 06:00:01;1998-12-03 06:00:00;1998-12-02;0.0;G
1998-12-03 06:00:01;1998-12-04 06:00:00;1998-12-03;0.0;G
1998-12-04 06:00:01;1998-12-05 06:00:00;1998-12-04;7.1;G
1998-12-05 06:00:01;1998-12-06 06:00:00;1998-12-05;6.0;G
1998-12-06 06:00:01;1998-12-07 06:00:00;1998-12-06;5.4;G
1998-12-07 06:00:01;1998-12-08 06:00:00;1998-12-07;9.4;G
1998-12-08 06:00:01;1998-12-09 06:00:00;1998-12-08;0.2;G
1998-12-09 06:00:01;1998-12-10 06:00:00;1998-12-09;0.0;G
1998-12-10 06:00:01;1998-12-11 06:00:00;1998-12-10;0.0;G
1998-12-11 06:00:01;1998-12-12 06:00:00;1998-12-11;0.0;G
1998-12-12 06:00:01;1998-12-13 06:00:00;1998-12-12;0.0;G
1998-12-13 06:00:01;1998-12-14 06:00:00;1998-12-13;2.7;G
1998-12-14 06:00:01;1998-12-15 06:00:00;1998-12-14;0.5;G
1998-12-15 06:00:01;1998-12-16 06:00:00;1998-12-15;0.0;G
1998-12-16 06:00:01;1998-12-17 06:00:00;1998-12-16;0.5;G
1998-12-17 06:00:01;1998-12-18 06:00:00;1998-12-17;0.0;G
1998-12-18 06:00:01;1998-12-19 06:00:00;1998-12-18;1.0;G
1998-12-19 06:00:01;1998-12-20 06:00:00;1998-12-19;0.4;G
1998-12-20 06:00:01;1998-12-21 06:00:00;1998-12-20;0.5;G
1998-12-21 06:00:01;1998-12-22 06:00:00;1998-12-21;1.5;G
1998-12-22 06:00:01;1998-12-23 06:00:00;1998-12-22;0.5;G
1998-12-23 06:00:01;1998-12-24 06:00:00;1998-12-23;4.0;G
1998-12-24 06:00:01;1998-12-25 06:00:00;1998-12-24;1.5;G
1998-12-25 06:00:01;1998-12-26 06:00:00;1998-12-25;1.5;G
1998-12-26 06:00:01;1998-12-27 06:00:00;1998-12-26;9.0;G
1998-12-27 06:00:01;1998-12-28 06:00:00;1998-12-27;8.5;G
1998-12-28 06:00:01;1998-12-29 06:00:00;1998-12-28;0.5;G
1998-12-29 06:00:01;1998-12-30 06:00:00;1998-12-29;0.0;G
1998-12-30 06:00:01;1998-12-31 06:00:00;1998-12-30;0.0;G
1998-12-31 06:00:01;1999-01-01 06:00:00;1998-12-31;0.0;G
1999-01-01 06:00:01;1999-01-02 06:00:00;1999-01-01;0.0;G
1999-01-02 06:00:01;1999-01-03 06:00:00;1999-01-02;0.0;G
1999-01-03 06:00:01;1999-01-04 06:00:00;1999-01-03;1.5;G
1999-01-04 06:00:01;1999-01-05 06:00:00;1999-01-04;7.0;G
1999-01-05 06:00:01;1999-01-06 06:00:00;1999-01-05;0.5;G
1999-01-06 06:00:01;1999-01-07 06:00:00;1999-01-06;14.5;G
1999-01-07 06:00:01;1999-01-08 06:00:00;1999-01-07;0.5;G
1999-01-08 06:00:01;1999-01-09 06:00:00;1999-01-08;0.0;G
1999-01-09 06:00:01;1999-01-10 06:00:00;1999-01-09;0.5;G
1999-01-10 06:00:01;1999-01-11 06:00:00;1999-01-10;0.0;G
1999-01-11 06:00:01;1999-01-12 06:00:00;1999-01-11;0.0;G
1999-01-12 06:00:01;1999-01-13 06:00:00;1999-01-12;0.0;G
1999-01-13 06:00:01;1999-01-14 06:00:00;1999-01-13;0.9;G
1999-01-14 06:00:01;1999-01-15 06:00:00;1999-01-14;2.4;G
1999-01-15 06:00:01;1999-01-16 06:00:00;1999-01-15;1.1;G
1999-01-16 06:00:01;1999-01-17 06:00:00;1999-01-16;5.6;G
1999-01-17 06:00:01;1999-01-18 06:00:00;1999-01-17;0.0;G
1999-01-18 06:00:01;1999-01-19 06:00:00;1999-01-18;0.0;G
1999-01-19 06:00:01;1999-01-20 06:00:00;1999-01-19;0.2;G
1999-01-20 06:00:01;1999-01-21 06:00:00;1999-01-20;0.0;G
1999-01-21 06:00:01;1999-01-22 06:00:00;1999-01-21;0.0;G
1999-01-22 06:00:01;1999-01-23 06:00:00;1999-01-22;0.0;G
1999-01-23 06:00:01;1999-01-24 06:00:00;1999-01-23;5.0;G
1999-01-24 06:00:01;1999-01-25 06:00:00;1999-01-24;5.0;G
1999-01-25 06:00:01;1999-01-26 06:00:00;1999-01-25;10.0;G
1999-01-26 06:00:01;1999-01-27 06:00:00;1999-01-26;0.0;G
1999-01-27 06:00:01;1999-01-28 06:00:00;1999-01-27;0.1;G
1999-01-28 06:00:01;1999-01-29 06:00:00;1999-01-28;0.5;G
1999-01-29 06:00:01;1999-01-30 06:00:00;1999-01-29;0.0;G
1999-01-30 06:00:01;1999-01-31 06:00:00;1999-01-30;0.0;G
1999-01-31 06:00:01;1999-02-01 06:00:00;1999-01-31;0.0;G
1999-02-01 06:00:01;1999-02-02 06:00:00;1999-02-01;0.0;G
1999-02-02 06:00:01;1999-02-03 06:00:00;1999-02-02;2.0;G
1999-02-03 06:00:01;1999-02-04 06:00:00;1999-02-03;0.0;G
1999-02-04 06:00:01;1999-02-05 06:00:00;1999-02-04;1.8;G
1999-02-05 06:00:01;1999-02-06 06:00:00;1999-02-05;1.2;G
1999-02-06 06:00:01;1999-02-07 06:00:00;1999-02-06;0.6;G
1999-02-07 06:00:01;1999-02-08 06:00:00;1999-02-07;0.0;G
1999-02-08 06:00:01;1999-02-09 06:00:00;1999-02-08;0.0;G
1999-02-09 06:00:01;1999-02-10 06:00:00;1999-02-09;0.0;G
1999-02-10 06:00:01;1999-02-11 06:00:00;1999-02-10;0.1;G
1999-02-11 06:00:01;1999-02-12 06:00:00;1999-02-11;0.0;G
1999-02-12 06:00:01;1999-02-13 06:00:00;1999-02-12;0.0;G
1999-02-13 06:00:01;1999-02-14 06:00:00;1999-02-13;0.0;G
1999-02-14 06:00:01;1999-02-15 06:00:00;1999-02-14;0.0;G
1999-02-15 06:00:01;1999-02-16 06:00:00;1999-02-15;2.0;G
1999-02-16 06:00:01;1999-02-17 06:00:00;1999-02-16;0.2;G
1999-02-17 06:00:01;1999-02-18 06:00:00;1999-02-17;0.1;G
1999-02-18 06:00:01;1999-02-19 06:00:00;1999-02-18;0.0;G
1999-02-19 06:00:01;1999-02-20 06:00:00;1999-02-19;5.6;G
1999-02-20 06:00:01;1999-02-21 06:00:00;1999-02-20;1.1;G
1999-02-21 06:00:01;1999-02-22 06:00:00;1999-02-21;0.1;G
1999-02-22 06:00:01;1999-02-23 06:00:00;1999-02-22;1.7;G
1999-02-23 06:00:01;1999-02-24 06:00:00;1999-02-23;2.6;G
1999-02-24 06:00:01;1999-02-25 06:00:00;1999-02-24;5.6;G
1999-02-25 06:00:01;1999-02-26 06:00:00;1999-02-25;0.3;G
1999-02-26 06:00:01;1999-02-27 06:00:00;1999-02-26;1.7;G
1999-02-27 06:00:01;1999-02-28 06:00:00;1999-02-27;2.9;G
1999-02-28 06:00:01;1999-03-01 06:00:00;1999-02-28;3.1;G
1999-03-01 06:00:01;1999-03-02 06:00:00;1999-03-01;3.8;G
1999-03-02 06:00:01;1999-03-03 06:00:00;1999-03-02;1.8;G
1999-03-03 06:00:01;1999-03-04 06:00:00;1999-03-03;0.2;G
1999-03-04 06:00:01;1999-03-05 06:00:00;1999-03-04;5.4;G
1999-03-05 06:00:01;1999-03-06 06:00:00;1999-03-05;3.5;G
1999-03-06 06:00:01;1999-03-07 06:00:00;1999-03-06;4.0;G
1999-03-07 06:00:01;1999-03-08 06:00:00;1999-03-07;0.0;G
1999-03-08 06:00:01;1999-03-09 06:00:00;1999-03-08;0.1;G
1999-03-09 06:00:01;1999-03-10 06:00:00;1999-03-09;0.3;G
1999-03-10 06:00:01;1999-03-11 06:00:00;1999-03-10;5.2;G
1999-03-11 06:00:01;1999-03-12 06:00:00;1999-03-11;2.0;G
1999-03-12 06:00:01;1999-03-13 06:00:00;1999-03-12;0.0;G
1999-03-13 06:00:01;1999-03-14 06:00:00;1999-03-13;0.0;G
1999-03-14 06:00:01;1999-03-15 06:00:00;1999-03-14;0.4;G
1999-03-15 06:00:01;1999-03-16 06:00:00;1999-03-15;0.2;G
1999-03-16 06:00:01;1999-03-17 06:00:00;1999-03-16;0.3;G
1999-03-17 06:00:01;1999-03-18 06:00:00;1999-03-17;2.7;G
1999-03-18 06:00:01;1999-03-19 06:00:00;1999-03-18;0.2;G
1999-03-19 06:00:01;1999-03-20 06:00:00;1999-03-19;0.5;G
1999-03-20 06:00:01;1999-03-21 06:00:00;1999-03-20;0.2;G
1999-03-21 06:00:01;1999-03-22 06:00:00;1999-03-21;2.4;G
1999-03-22 06:00:01;1999-03-23 06:00:00;1999-03-22;8.9;G
1999-03-23 06:00:01;1999-03-24 06:00:00;1999-03-23;0.0;G
1999-03-24 06:00:01;1999-03-25 06:00:00;1999-03-24;2.5;G
1999-03-25 06:00:01;1999-03-26 06:00:00;1999-03-25;0.1;G
1999-03-26 06:00:01;1999-03-27 06:00:00;1999-03-26;1.6;G
1999-03-27 06:00:01;1999-03-28 06:00:00;1999-03-27;1.5;G
1999-03-28 06:00:01;1999-03-29 06:00:00;1999-03-28;0.0;G
1999-03-29 06:00:01;1999-03-30 06:00:00;1999-03-29;0.0;G
1999-03-30 06:00:01;1999-03-31 06:00:00;1999-03-30;0.9;G
1999-03-31 06:00:01;1999-04-01 06:00:00;1999-03-31;0.6;G
1999-04-01 06:00:01;1999-04-02 06:00:00;1999-04-01;0.0;G
1999-04-02 06:00:01;1999-04-03 06:00:00;1999-04-02;0.0;G
1999-04-03 06:00:01;1999-04-04 06:00:00;1999-04-03;0.0;G
1999-04-04 06:00:01;1999-04-05 06:00:00;1999-04-04;0.0;G
1999-04-05 06:00:01;1999-04-06 06:00:00;1999-04-05;0.5;G
1999-04-06 06:00:01;1999-04-07 06:00:00;1999-04-06;4.1;G
1999-04-07 06:00:01;1999-04-08 06:00:00;1999-04-07;4.9;G
1999-04-08 06:00:01;1999-04-09 06:00:00;1999-04-08;0.0;G
1999-04-09 06:00:01;1999-04-10 06:00:00;1999-04-09;0.0;G
1999-04-10 06:00:01;1999-04-11 06:00:00;1999-04-10;0.0;G
1999-04-11 06:00:01;1999-04-12 06:00:00;1999-04-11;2.6;G
1999-04-12 06:00:01;1999-04-13 06:00:00;1999-04-12;3.0;G
1999-04-13 06:00:01;1999-04-14 06:00:00;1999-04-13;9.5;G
1999-04-14 06:00:01;1999-04-15 06:00:00;1999-04-14;1.1;G
1999-04-15 06:00:01;1999-04-16 06:00:00;1999-04-15;1.9;G
1999-04-16 06:00:01;1999-04-17 06:00:00;1999-04-16;0.0;G
1999-04-17 06:00:01;1999-04-18 06:00:00;1999-04-17;28.9;Y
1999-04-18 06:00:01;1999-04-19 06:00:00;1999-04-18;8.2;G
1999-04-19 06:00:01;1999-04-20 06:00:00;1999-04-19;0.1;G
1999-04-20 06:00:01;1999-04-21 06:00:00;1999-04-20;0.0;G
1999-04-21 06:00:01;1999-04-22 06:00:00;1999-04-21;0.0;G
1999-04-22 06:00:01;1999-04-23 06:00:00;1999-04-22;0.0;G
1999-04-23 06:00:01;1999-04-24 06:00:00;1999-04-23;2.4;G
1999-04-24 06:00:01;1999-04-25 06:00:00;1999-04-24;0.0;G
1999-04-25 06:00:01;1999-04-26 06:00:00;1999-04-25;0.0;G
1999-04-26 06:00:01;1999-04-27 06:00:00;1999-04-26;0.4;G
1999-04-27 06:00:01;1999-04-28 06:00:00;1999-04-27;0.0;G
1999-04-28 06:00:01;1999-04-29 06:00:00;1999-04-28;0.6;G
1999-04-29 06:00:01;1999-04-30 06:00:00;1999-04-29;2.2;G
1999-04-30 06:00:01;1999-05-01 06:00:00;1999-04-30;1.3;G
1999-05-01 06:00:01;1999-05-02 06:00:00;1999-05-01;0.1;G
1999-05-02 06:00:01;1999-05-03 06:00:00;1999-05-02;0.0;G
1999-05-03 06:00:01;1999-05-04 06:00:00;1999-05-03;2.2;G
1999-05-04 06:00:01;1999-05-05 06:00:00;1999-05-04;0.6;G
1999-05-05 06:00:01;1999-05-06 06:00:00;1999-05-05;0.1;G
1999-05-06 06:00:01;1999-05-07 06:00:00;1999-05-06;0.0;G
1999-05-07 06:00:01;1999-05-08 06:00:00;1999-05-07;0.0;G
1999-05-08 06:00:01;1999-05-09 06:00:00;1999-05-08;0.0;G
1999-05-09 06:00:01;1999-05-10 06:00:00;1999-05-09;6.4;G
1999-05-10 06:00:01;1999-05-11 06:00:00;1999-05-10;1.0;G
1999-05-11 06:00:01;1999-05-12 06:00:00;1999-05-11;0.0;G
1999-05-12 06:00:01;1999-05-13 06:00:00;1999-05-12;0.0;G
1999-05-13 06:00:01;1999-05-14 06:00:00;1999-05-13;0.0;G
1999-05-14 06:00:01;1999-05-15 06:00:00;1999-05-14;0.0;G
1999-05-15 06:00:01;1999-05-16 06:00:00;1999-05-15;0.0;G
1999-05-16 06:00:01;1999-05-17 06:00:00;1999-05-16;0.0;G
1999-05-17 06:00:01;1999-05-18 06:00:00;1999-05-17;0.0;G
1999-05-18 06:00:01;1999-05-19 06:00:00;1999-05-18;0.0;G
1999-05-19 06:00:01;1999-05-20 06:00:00;1999-05-19;0.0;G
1999-05-20 06:00:01;1999-05-21 06:00:00;1999-05-20;0.0;G
1999-05-21 06:00:01;1999-05-22 06:00:00;1999-05-21;0.0;G
1999-05-22 06:00:01;1999-05-23 06:00:00;1999-05-22;0.3;G
1999-05-23 06:00:01;1999-05-24 06:00:00;1999-05-23;1.1;G
1999-05-24 06:00:01;1999-05-25 06:00:00;1999-05-24;1.6;G
1999-05-25 06:00:01;1999-05-26 06:00:00;1999-05-25;0.0;G
1999-05-26 06:00:01;1999-05-27 06:00:00;1999-05-26;0.0;G
1999-05-27 06:00:01;1999-05-28 06:00:00;1999-05-27;0.0;G
1999-05-28 06:00:01;1999-05-29 06:00:00;1999-05-28;0.0;G
1999-05-29 06:00:01;1999-05-30 06:00:00;1999-05-29;0.5;G
1999-05-30 06:00:01;1999-05-31 06:00:00;1999-05-30;0.0;G
1999-05-31 06:00:01;1999-06-01 06:00:00;1999-05-31;0.0;G
1999-06-01 06:00:01;1999-06-02 06:00:00;1999-06-01;0.0;G
1999-06-02 06:00:01;1999-06-03 06:00:00;1999-06-02;0.0;G
1999-06-03 06:00:01;1999-06-04 06:00:00;1999-06-03;0.0;G
1999-06-04 06:00:01;1999-06-05 06:00:00;1999-06-04;0.6;G
1999-06-05 06:00:01;1999-06-06 06:00:00;1999-06-05;4.0;G
1999-06-06 06:00:01;1999-06-07 06:00:00;1999-06-06;1.8;G
1999-06-07 06:00:01;1999-06-08 06:00:00;1999-06-07;0.1;G
1999-06-08 06:00:01;1999-06-09 06:00:00;1999-06-08;2.6;G
1999-06-09 06:00:01;1999-06-10 06:00:00;1999-06-09;3.1;G
1999-06-10 06:00:01;1999-06-11 06:00:00;1999-06-10;0.0;G
1999-06-11 06:00:01;1999-06-12 06:00:00;1999-06-11;0.0;G
1999-06-12 06:00:01;1999-06-13 06:00:00;1999-06-12;0.0;G
1999-06-13 06:00:01;1999-06-14 06:00:00;1999-06-13;0.0;G
1999-06-14 06:00:01;1999-06-15 06:00:00;1999-06-14;0.0;G
1999-06-15 06:00:01;1999-06-16 06:00:00;1999-06-15;0.0;G
1999-06-16 06:00:01;1999-06-17 06:00:00;1999-06-16;0.0;G
1999-06-17 06:00:01;1999-06-18 06:00:00;1999-06-17;0.0;G
1999-06-18 06:00:01;1999-06-19 06:00:00;1999-06-18;0.0;G
1999-06-19 06:00:01;1999-06-20 06:00:00;1999-06-19;0.0;G
1999-06-20 06:00:01;1999-06-21 06:00:00;1999-06-20;0.0;G
1999-06-21 06:00:01;1999-06-22 06:00:00;1999-06-21;0.0;G
1999-06-22 06:00:01;1999-06-23 06:00:00;1999-06-22;3.6;G
1999-06-23 06:00:01;1999-06-24 06:00:00;1999-06-23;10.7;G
1999-06-24 06:00:01;1999-06-25 06:00:00;1999-06-24;0.0;G
1999-06-25 06:00:01;1999-06-26 06:00:00;1999-06-25;1.9;G
1999-06-26 06:00:01;1999-06-27 06:00:00;1999-06-26;0.0;G
1999-06-27 06:00:01;1999-06-28 06:00:00;1999-06-27;0.0;G
1999-06-28 06:00:01;1999-06-29 06:00:00;1999-06-28;0.0;G
1999-06-29 06:00:01;1999-06-30 06:00:00;1999-06-29;0.0;G
1999-06-30 06:00:01;1999-07-01 06:00:00;1999-06-30;0.0;G
1999-07-01 06:00:01;1999-07-02 06:00:00;1999-07-01;0.0;G
1999-07-02 06:00:01;1999-07-03 06:00:00;1999-07-02;7.4;G
1999-07-03 06:00:01;1999-07-04 06:00:00;1999-07-03;0.0;G
1999-07-04 06:00:01;1999-07-05 06:00:00;1999-07-04;0.0;G
1999-07-05 06:00:01;1999-07-06 06:00:00;1999-07-05;0.5;G
1999-07-06 06:00:01;1999-07-07 06:00:00;1999-07-06;0.0;G
1999-07-07 06:00:01;1999-07-08 06:00:00;1999-07-07;0.0;G
1999-07-08 06:00:01;1999-07-09 06:00:00;1999-07-08;0.0;G
1999-07-09 06:00:01;1999-07-10 06:00:00;1999-07-09;0.0;G
1999-07-10 06:00:01;1999-07-11 06:00:00;1999-07-10;0.0;G
1999-07-11 06:00:01;1999-07-12 06:00:00;1999-07-11;0.0;G
1999-07-12 06:00:01;1999-07-13 06:00:00;1999-07-12;0.0;G
1999-07-13 06:00:01;1999-07-14 06:00:00;1999-07-13;0.0;G
1999-07-14 06:00:01;1999-07-15 06:00:00;1999-07-14;0.0;G
1999-07-15 06:00:01;1999-07-16 06:00:00;1999-07-15;0.0;G
1999-07-16 06:00:01;1999-07-17 06:00:00;1999-07-16;0.0;G
1999-07-17 06:00:01;1999-07-18 06:00:00;1999-07-17;0.0;G
1999-07-18 06:00:01;1999-07-19 06:00:00;1999-07-18;0.0;G
1999-07-19 06:00:01;1999-07-20 06:00:00;1999-07-19;0.0;G
1999-07-20 06:00:01;1999-07-21 06:00:00;1999-07-20;0.0;G
1999-07-21 06:00:01;1999-07-22 06:00:00;1999-07-21;0.0;G
1999-07-22 06:00:01;1999-07-23 06:00:00;1999-07-22;2.1;G
1999-07-23 06:00:01;1999-07-24 06:00:00;1999-07-23;0.0;G
1999-07-24 06:00:01;1999-07-25 06:00:00;1999-07-24;0.0;G
1999-07-25 06:00:01;1999-07-26 06:00:00;1999-07-25;0.7;G
1999-07-26 06:00:01;1999-07-27 06:00:00;1999-07-26;0.0;G
1999-07-27 06:00:01;1999-07-28 06:00:00;1999-07-27;0.0;G
1999-07-28 06:00:01;1999-07-29 06:00:00;1999-07-28;0.0;G
1999-07-29 06:00:01;1999-07-30 06:00:00;1999-07-29;0.0;G
1999-07-30 06:00:01;1999-07-31 06:00:00;1999-07-30;0.0;G
1999-07-31 06:00:01;1999-08-01 06:00:00;1999-07-31;0.0;G
1999-08-01 06:00:01;1999-08-02 06:00:00;1999-08-01;0.0;G
1999-08-02 06:00:01;1999-08-03 06:00:00;1999-08-02;0.0;G
1999-08-03 06:00:01;1999-08-04 06:00:00;1999-08-03;0.0;G
1999-08-04 06:00:01;1999-08-05 06:00:00;1999-08-04;0.8;G
1999-08-05 06:00:01;1999-08-06 06:00:00;1999-08-05;5.7;G
1999-08-06 06:00:01;1999-08-07 06:00:00;1999-08-06;0.8;G
1999-08-07 06:00:01;1999-08-08 06:00:00;1999-08-07;0.0;G
1999-08-08 06:00:01;1999-08-09 06:00:00;1999-08-08;0.0;G
1999-08-09 06:00:01;1999-08-10 06:00:00;1999-08-09;15.1;G
1999-08-10 06:00:01;1999-08-11 06:00:00;1999-08-10;0.2;G
1999-08-11 06:00:01;1999-08-12 06:00:00;1999-08-11;0.1;G
1999-08-12 06:00:01;1999-08-13 06:00:00;1999-08-12;0.0;G
1999-08-13 06:00:01;1999-08-14 06:00:00;1999-08-13;0.0;G
1999-08-14 06:00:01;1999-08-15 06:00:00;1999-08-14;0.0;G
1999-08-15 06:00:01;1999-08-16 06:00:00;1999-08-15;0.0;G
1999-08-16 06:00:01;1999-08-17 06:00:00;1999-08-16;0.0;G
1999-08-17 06:00:01;1999-08-18 06:00:00;1999-08-17;0.0;G
1999-08-18 06:00:01;1999-08-19 06:00:00;1999-08-18;0.0;G
1999-08-19 06:00:01;1999-08-20 06:00:00;1999-08-19;0.6;G
1999-08-20 06:00:01;1999-08-21 06:00:00;1999-08-20;3.8;G
1999-08-21 06:00:01;1999-08-22 06:00:00;1999-08-21;0.0;G
1999-08-22 06:00:01;1999-08-23 06:00:00;1999-08-22;0.1;G
1999-08-23 06:00:01;1999-08-24 06:00:00;1999-08-23;0.0;G
1999-08-24 06:00:01;1999-08-25 06:00:00;1999-08-24;0.0;G
1999-08-25 06:00:01;1999-08-26 06:00:00;1999-08-25;0.0;G
1999-08-26 06:00:01;1999-08-27 06:00:00;1999-08-26;0.0;G
1999-08-27 06:00:01;1999-08-28 06:00:00;1999-08-27;5.8;G
1999-08-28 06:00:01;1999-08-29 06:00:00;1999-08-28;8.0;G
1999-08-29 06:00:01;1999-08-30 06:00:00;1999-08-29;0.1;G
1999-08-30 06:00:01;1999-08-31 06:00:00;1999-08-30;0.8;G
1999-08-31 06:00:01;1999-09-01 06:00:00;1999-08-31;1.1;G
1999-09-01 06:00:01;1999-09-02 06:00:00;1999-09-01;0.0;G
1999-09-02 06:00:01;1999-09-03 06:00:00;1999-09-02;0.0;G
1999-09-03 06:00:01;1999-09-04 06:00:00;1999-09-03;0.0;G
1999-09-04 06:00:01;1999-09-05 06:00:00;1999-09-04;0.0;G
1999-09-05 06:00:01;1999-09-06 06:00:00;1999-09-05;0.0;G
1999-09-06 06:00:01;1999-09-07 06:00:00;1999-09-06;0.0;G
1999-09-07 06:00:01;1999-09-08 06:00:00;1999-09-07;0.0;G
1999-09-08 06:00:01;1999-09-09 06:00:00;1999-09-08;0.0;G
1999-09-09 06:00:01;1999-09-10 06:00:00;1999-09-09;0.0;G
1999-09-10 06:00:01;1999-09-11 06:00:00;1999-09-10;0.0;G
1999-09-11 06:00:01;1999-09-12 06:00:00;1999-09-11;0.0;G
1999-09-12 06:00:01;1999-09-13 06:00:00;1999-09-12;0.0;G
1999-09-13 06:00:01;1999-09-14 06:00:00;1999-09-13;0.0;G
1999-09-14 06:00:01;1999-09-15 06:00:00;1999-09-14;0.0;G
1999-09-15 06:00:01;1999-09-16 06:00:00;1999-09-15;0.0;G
1999-09-16 06:00:01;1999-09-17 06:00:00;1999-09-16;1.3;G
1999-09-17 06:00:01;1999-09-18 06:00:00;1999-09-17;0.0;G
1999-09-18 06:00:01;1999-09-19 06:00:00;1999-09-18;0.0;G
1999-09-19 06:00:01;1999-09-20 06:00:00;1999-09-19;0.0;G
1999-09-20 06:00:01;1999-09-21 06:00:00;1999-09-20;0.0;G
1999-09-21 06:00:01;1999-09-22 06:00:00;1999-09-21;0.4;G
1999-09-22 06:00:01;1999-09-23 06:00:00;1999-09-22;17.8;G
1999-09-23 06:00:01;1999-09-24 06:00:00;1999-09-23;0.0;G
1999-09-24 06:00:01;1999-09-25 06:00:00;1999-09-24;1.1;G
1999-09-25 06:00:01;1999-09-26 06:00:00;1999-09-25;1.2;G
1999-09-26 06:00:01;1999-09-27 06:00:00;1999-09-26;0.7;G
1999-09-27 06:00:01;1999-09-28 06:00:00;1999-09-27;8.4;G
1999-09-28 06:00:01;1999-09-29 06:00:00;1999-09-28;10.7;G
1999-09-29 06:00:01;1999-09-30 06:00:00;1999-09-29;9.0;G
1999-09-30 06:00:01;1999-10-01 06:00:00;1999-09-30;6.5;G
1999-10-01 06:00:01;1999-10-02 06:00:00;1999-10-01;1.0;G
1999-10-02 06:00:01;1999-10-03 06:00:00;1999-10-02;3.2;G
1999-10-03 06:00:01;1999-10-04 06:00:00;1999-10-03;0.0;G
1999-10-04 06:00:01;1999-10-05 06:00:00;1999-10-04;0.0;G
1999-10-05 06:00:01;1999-10-06 06:00:00;1999-10-05;0.1;G
1999-10-06 06:00:01;1999-10-07 06:00:00;1999-10-06;0.0;G
1999-10-07 06:00:01;1999-10-08 06:00:00;1999-10-07;1.5;G
1999-10-08 06:00:01;1999-10-09 06:00:00;1999-10-08;0.0;G
1999-10-09 06:00:01;1999-10-10 06:00:00;1999-10-09;2.0;G
1999-10-10 06:00:01;1999-10-11 06:00:00;1999-10-10;4.0;G
1999-10-11 06:00:01;1999-10-12 06:00:00;1999-10-11;0.0;G
1999-10-12 06:00:01;1999-10-13 06:00:00;1999-10-12;0.0;G
1999-10-13 06:00:01;1999-10-14 06:00:00;1999-10-13;0.0;G
1999-10-14 06:00:01;1999-10-15 06:00:00;1999-10-14;0.0;G
1999-10-15 06:00:01;1999-10-16 06:00:00;1999-10-15;0.0;G
1999-10-16 06:00:01;1999-10-17 06:00:00;1999-10-16;0.2;G
1999-10-17 06:00:01;1999-10-18 06:00:00;1999-10-17;0.2;G
1999-10-18 06:00:01;1999-10-19 06:00:00;1999-10-18;0.0;G
1999-10-19 06:00:01;1999-10-20 06:00:00;1999-10-19;0.0;G
1999-10-20 06:00:01;1999-10-21 06:00:00;1999-10-20;0.0;G
1999-10-21 06:00:01;1999-10-22 06:00:00;1999-10-21;0.0;G
1999-10-22 06:00:01;1999-10-23 06:00:00;1999-10-22;0.0;G
1999-10-23 06:00:01;1999-10-24 06:00:00;1999-10-23;2.5;G
1999-10-24 06:00:01;1999-10-25 06:00:00;1999-10-24;1.5;G
1999-10-25 06:00:01;1999-10-26 06:00:00;1999-10-25;0.2;G
1999-10-26 06:00:01;1999-10-27 06:00:00;1999-10-26;1.0;G
1999-10-27 06:00:01;1999-10-28 06:00:00;1999-10-27;0.5;G
1999-10-28 06:00:01;1999-10-29 06:00:00;1999-10-28;0.0;G
1999-10-29 06:00:01;1999-10-30 06:00:00;1999-10-29;0.0;G
1999-10-30 06:00:01;1999-10-31 06:00:00;1999-10-30;0.0;G
1999-10-31 06:00:01;1999-11-01 06:00:00;1999-10-31;4.0;G
1999-11-01 06:00:01;1999-11-02 06:00:00;1999-11-01;0.0;G
1999-11-02 06:00:01;1999-11-03 06:00:00;1999-11-02;0.0;G
1999-11-03 06:00:01;1999-11-04 06:00:00;1999-11-03;0.0;G
1999-11-04 06:00:01;1999-11-05 06:00:00;1999-11-04;0.0;G
1999-11-05 06:00:01;1999-11-06 06:00:00;1999-11-05;0.6;G
1999-11-06 06:00:01;1999-11-07 06:00:00;1999-11-06;0.6;G
1999-11-07 06:00:01;1999-11-08 06:00:00;1999-11-07;0.0;G
1999-11-08 06:00:01;1999-11-09 06:00:00;1999-11-08;0.5;G
1999-11-09 06:00:01;1999-11-10 06:00:00;1999-11-09;0.8;G
1999-11-10 06:00:01;1999-11-11 06:00:00;1999-11-10;0.2;G
1999-11-11 06:00:01;1999-11-12 06:00:00;1999-11-11;0.0;G
1999-11-12 06:00:01;1999-11-13 06:00:00;1999-11-12;0.0;G
1999-11-13 06:00:01;1999-11-14 06:00:00;1999-11-13;0.3;G
1999-11-14 06:00:01;1999-11-15 06:00:00;1999-11-14;0.6;G
1999-11-15 06:00:01;1999-11-16 06:00:00;1999-11-15;0.0;G
1999-11-16 06:00:01;1999-11-17 06:00:00;1999-11-16;0.7;G
1999-11-17 06:00:01;1999-11-18 06:00:00;1999-11-17;1.1;G
1999-11-18 06:00:01;1999-11-19 06:00:00;1999-11-18;1.6;G
1999-11-19 06:00:01;1999-11-20 06:00:00;1999-11-19;0.0;G
1999-11-20 06:00:01;1999-11-21 06:00:00;1999-11-20;0.0;G
1999-11-21 06:00:01;1999-11-22 06:00:00;1999-11-21;0.0;G
1999-11-22 06:00:01;1999-11-23 06:00:00;1999-11-22;1.7;G
1999-11-23 06:00:01;1999-11-24 06:00:00;1999-11-23;0.0;G
1999-11-24 06:00:01;1999-11-25 06:00:00;1999-11-24;0.9;G
1999-11-25 06:00:01;1999-11-26 06:00:00;1999-11-25;0.0;G
1999-11-26 06:00:01;1999-11-27 06:00:00;1999-11-26;0.0;G
1999-11-27 06:00:01;1999-11-28 06:00:00;1999-11-27;0.0;G
1999-11-28 06:00:01;1999-11-29 06:00:00;1999-11-28;0.0;G
1999-11-29 06:00:01;1999-11-30 06:00:00;1999-11-29;0.0;G
1999-11-30 06:00:01;1999-12-01 06:00:00;1999-11-30;1.4;G
1999-12-01 06:00:01;1999-12-02 06:00:00;1999-12-01;0.0;G
1999-12-02 06:00:01;1999-12-03 06:00:00;1999-12-02;0.0;G
1999-12-03 06:00:01;1999-12-04 06:00:00;1999-12-03;9.1;G
1999-12-04 06:00:01;1999-12-05 06:00:00;1999-12-04;3.0;G
1999-12-05 06:00:01;1999-12-06 06:00:00;1999-12-05;0.0;G
1999-12-06 06:00:01;1999-12-07 06:00:00;1999-12-06;11.6;G
1999-12-07 06:00:01;1999-12-08 06:00:00;1999-12-07;0.6;G
1999-12-08 06:00:01;1999-12-09 06:00:00;1999-12-08;1.6;G
1999-12-09 06:00:01;1999-12-10 06:00:00;1999-12-09;3.5;G
1999-12-10 06:00:01;1999-12-11 06:00:00;1999-12-10;2.7;G
1999-12-11 06:00:01;1999-12-12 06:00:00;1999-12-11;9.1;G
1999-12-12 06:00:01;1999-12-13 06:00:00;1999-12-12;11.9;G
1999-12-13 06:00:01;1999-12-14 06:00:00;1999-12-13;1.8;G
1999-12-14 06:00:01;1999-12-15 06:00:00;1999-12-14;0.2;G
1999-12-15 06:00:01;1999-12-16 06:00:00;1999-12-15;0.0;G
1999-12-16 06:00:01;1999-12-17 06:00:00;1999-12-16;3.8;G
1999-12-17 06:00:01;1999-12-18 06:00:00;1999-12-17;6.8;G
1999-12-18 06:00:01;1999-12-19 06:00:00;1999-12-18;0.7;G
1999-12-19 06:00:01;1999-12-20 06:00:00;1999-12-19;0.0;G
1999-12-20 06:00:01;1999-12-21 06:00:00;1999-12-20;0.0;G
1999-12-21 06:00:01;1999-12-22 06:00:00;1999-12-21;0.0;G
1999-12-22 06:00:01;1999-12-23 06:00:00;1999-12-22;0.0;G
1999-12-23 06:00:01;1999-12-24 06:00:00;1999-12-23;3.9;G
1999-12-24 06:00:01;1999-12-25 06:00:00;1999-12-24;3.1;G
1999-12-25 06:00:01;1999-12-26 06:00:00;1999-12-25;15.3;G
1999-12-26 06:00:01;1999-12-27 06:00:00;1999-12-26;2.0;G
1999-12-27 06:00:01;1999-12-28 06:00:00;1999-12-27;0.2;G
1999-12-28 06:00:01;1999-12-29 06:00:00;1999-12-28;1.2;G
1999-12-29 06:00:01;1999-12-30 06:00:00;1999-12-29;0.3;G
1999-12-30 06:00:01;1999-12-31 06:00:00;1999-12-30;0.0;G
1999-12-31 06:00:01;2000-01-01 06:00:00;1999-12-31;0.5;G
2000-01-01 06:00:01;2000-01-02 06:00:00;2000-01-01;2.5;G
2000-01-02 06:00:01;2000-01-03 06:00:00;2000-01-02;3.9;G
2000-01-03 06:00:01;2000-01-04 06:00:00;2000-01-03;0.4;G
2000-01-04 06:00:01;2000-01-05 06:00:00;2000-01-04;0.0;G
2000-01-05 06:00:01;2000-01-06 06:00:00;2000-01-05;0.0;G
2000-01-06 06:00:01;2000-01-07 06:00:00;2000-01-06;0.0;G
2000-01-07 06:00:01;2000-01-08 06:00:00;2000-01-07;0.0;G
2000-01-08 06:00:01;2000-01-09 06:00:00;2000-01-08;0.0;G
2000-01-09 06:00:01;2000-01-10 06:00:00;2000-01-09;0.0;G
2000-01-10 06:00:01;2000-01-11 06:00:00;2000-01-10;0.0;G
2000-01-11 06:00:01;2000-01-12 06:00:00;2000-01-11;1.3;G
2000-01-12 06:00:01;2000-01-13 06:00:00;2000-01-12;0.1;G
2000-01-13 06:00:01;2000-01-14 06:00:00;2000-01-13;0.0;G
2000-01-14 06:00:01;2000-01-15 06:00:00;2000-01-14;0.0;G
2000-01-15 06:00:01;2000-01-16 06:00:00;2000-01-15;0.0;G
2000-01-16 06:00:01;2000-01-17 06:00:00;2000-01-16;0.0;G
2000-01-17 06:00:01;2000-01-18 06:00:00;2000-01-17;0.0;G
2000-01-18 06:00:01;2000-01-19 06:00:00;2000-01-18;0.8;G
2000-01-19 06:00:01;2000-01-20 06:00:00;2000-01-19;1.3;G
2000-01-20 06:00:01;2000-01-21 06:00:00;2000-01-20;0.9;G
2000-01-21 06:00:01;2000-01-22 06:00:00;2000-01-21;1.1;G
2000-01-22 06:00:01;2000-01-23 06:00:00;2000-01-22;1.1;G
2000-01-23 06:00:01;2000-01-24 06:00:00;2000-01-23;0.2;G
2000-01-24 06:00:01;2000-01-25 06:00:00;2000-01-24;0.1;G
2000-01-25 06:00:01;2000-01-26 06:00:00;2000-01-25;0.0;G
2000-01-26 06:00:01;2000-01-27 06:00:00;2000-01-26;0.0;G
2000-01-27 06:00:01;2000-01-28 06:00:00;2000-01-27;0.4;G
2000-01-28 06:00:01;2000-01-29 06:00:00;2000-01-28;0.2;G
2000-01-29 06:00:01;2000-01-30 06:00:00;2000-01-29;9.8;G
2000-01-30 06:00:01;2000-01-31 06:00:00;2000-01-30;0.3;G
2000-01-31 06:00:01;2000-02-01 06:00:00;2000-01-31;0.0;G
2000-02-01 06:00:01;2000-02-02 06:00:00;2000-02-01;1.4;G
2000-02-02 06:00:01;2000-02-03 06:00:00;2000-02-02;0.2;G
2000-02-03 06:00:01;2000-02-04 06:00:00;2000-02-03;0.0;G
2000-02-04 06:00:01;2000-02-05 06:00:00;2000-02-04;0.0;G
2000-02-05 06:00:01;2000-02-06 06:00:00;2000-02-05;0.8;G
2000-02-06 06:00:01;2000-02-07 06:00:00;2000-02-06;0.0;G
2000-02-07 06:00:01;2000-02-08 06:00:00;2000-02-07;1.8;G
2000-02-08 06:00:01;2000-02-09 06:00:00;2000-02-08;0.3;G
2000-02-09 06:00:01;2000-02-10 06:00:00;2000-02-09;0.0;G
2000-02-10 06:00:01;2000-02-11 06:00:00;2000-02-10;0.0;G
2000-02-11 06:00:01;2000-02-12 06:00:00;2000-02-11;0.0;G
2000-02-12 06:00:01;2000-02-13 06:00:00;2000-02-12;0.8;G
2000-02-13 06:00:01;2000-02-14 06:00:00;2000-02-13;0.0;G
2000-02-14 06:00:01;2000-02-15 06:00:00;2000-02-14;0.0;G
2000-02-15 06:00:01;2000-02-16 06:00:00;2000-02-15;1.4;G
2000-02-16 06:00:01;2000-02-17 06:00:00;2000-02-16;0.0;G
2000-02-17 06:00:01;2000-02-18 06:00:00;2000-02-17;0.0;G
2000-02-18 06:00:01;2000-02-19 06:00:00;2000-02-18;0.0;G
2000-02-19 06:00:01;2000-02-20 06:00:00;2000-02-19;0.0;G
2000-02-20 06:00:01;2000-02-21 06:00:00;2000-02-20;0.0;G
2000-02-21 06:00:01;2000-02-22 06:00:00;2000-02-21;0.0;G
2000-02-22 06:00:01;2000-02-23 06:00:00;2000-02-22;0.0;G
2000-02-23 06:00:01;2000-02-24 06:00:00;2000-02-23;0.0;G
2000-02-24 06:00:01;2000-02-25 06:00:00;2000-02-24;7.2;G
2000-02-25 06:00:01;2000-02-26 06:00:00;2000-02-25;0.0;G
2000-02-26 06:00:01;2000-02-27 06:00:00;2000-02-26;0.0;G
2000-02-27 06:00:01;2000-02-28 06:00:00;2000-02-27;0.2;G
2000-02-28 06:00:01;2000-02-29 06:00:00;2000-02-28;0.1;G
2000-02-29 06:00:01;2000-03-01 06:00:00;2000-02-29;0.0;G
2000-04-01 06:00:01;2000-04-02 06:00:00;2000-04-01;0.0;G
2000-04-02 06:00:01;2000-04-03 06:00:00;2000-04-02;0.2;G
2000-04-03 06:00:01;2000-04-04 06:00:00;2000-04-03;0.0;G
2000-04-04 06:00:01;2000-04-05 06:00:00;2000-04-04;4.3;G
2000-04-05 06:00:01;2000-04-06 06:00:00;2000-04-05;0.4;G
2000-04-06 06:00:01;2000-04-07 06:00:00;2000-04-06;0.0;G
2000-04-07 06:00:01;2000-04-08 06:00:00;2000-04-07;0.0;G
2000-04-08 06:00:01;2000-04-09 06:00:00;2000-04-08;0.0;G
2000-04-09 06:00:01;2000-04-10 06:00:00;2000-04-09;0.0;G
2000-04-10 06:00:01;2000-04-11 06:00:00;2000-04-10;0.0;G
2000-04-11 06:00:01;2000-04-12 06:00:00;2000-04-11;0.5;G
2000-04-12 06:00:01;2000-04-13 06:00:00;2000-04-12;2.7;G
2000-04-13 06:00:01;2000-04-14 06:00:00;2000-04-13;0.9;G
2000-04-14 06:00:01;2000-04-15 06:00:00;2000-04-14;0.1;G
2000-04-15 06:00:01;2000-04-16 06:00:00;2000-04-15;2.2;G
2000-04-16 06:00:01;2000-04-17 06:00:00;2000-04-16;2.7;G
2000-04-17 06:00:01;2000-04-18 06:00:00;2000-04-17;0.5;G
2000-04-18 06:00:01;2000-04-19 06:00:00;2000-04-18;1.3;G
2000-04-19 06:00:01;2000-04-20 06:00:00;2000-04-19;0.0;G
2000-04-20 06:00:01;2000-04-21 06:00:00;2000-04-20;0.3;G
2000-04-21 06:00:01;2000-04-22 06:00:00;2000-04-21;0.0;G
2000-04-22 06:00:01;2000-04-23 06:00:00;2000-04-22;0.0;G
2000-04-23 06:00:01;2000-04-24 06:00:00;2000-04-23;2.2;G
2000-04-24 06:00:01;2000-04-25 06:00:00;2000-04-24;0.1;G
2000-04-25 06:00:01;2000-04-26 06:00:00;2000-04-25;0.8;G
2000-04-26 06:00:01;2000-04-27 06:00:00;2000-04-26;0.0;G
2000-04-27 06:00:01;2000-04-28 06:00:00;2000-04-27;0.0;G
2000-04-28 06:00:01;2000-04-29 06:00:00;2000-04-28;0.0;G
2000-04-29 06:00:01;2000-04-30 06:00:00;2000-04-29;0.0;G
2000-04-30 06:00:01;2000-05-01 06:00:00;2000-04-30;0.0;G
2000-05-01 06:00:01;2000-05-02 06:00:00;2000-05-01;0.0;G
2000-05-02 06:00:01;2000-05-03 06:00:00;2000-05-02;0.1;G
2000-05-03 06:00:01;2000-05-04 06:00:00;2000-05-03;0.7;G
2000-05-04 06:00:01;2000-05-05 06:00:00;2000-05-04;0.0;G
2000-05-05 06:00:01;2000-05-06 06:00:00;2000-05-05;0.0;G
2000-05-06 06:00:01;2000-05-07 06:00:00;2000-05-06;0.0;G
2000-05-07 06:00:01;2000-05-08 06:00:00;2000-05-07;0.0;G
2000-05-08 06:00:01;2000-05-09 06:00:00;2000-05-08;0.0;G
2000-05-09 06:00:01;2000-05-10 06:00:00;2000-05-09;0.0;G
2000-05-10 06:00:01;2000-05-11 06:00:00;2000-05-10;2.6;G
2000-05-11 06:00:01;2000-05-12 06:00:00;2000-05-11;0.0;G
2000-05-12 06:00:01;2000-05-13 06:00:00;2000-05-12;0.0;G
2000-05-13 06:00:01;2000-05-14 06:00:00;2000-05-13;0.0;G
2000-05-14 06:00:01;2000-05-15 06:00:00;2000-05-14;0.0;G
2000-05-15 06:00:01;2000-05-16 06:00:00;2000-05-15;0.0;G
2000-05-16 06:00:01;2000-05-17 06:00:00;2000-05-16;0.0;G
2000-05-17 06:00:01;2000-05-18 06:00:00;2000-05-17;0.4;G
2000-05-18 06:00:01;2000-05-19 06:00:00;2000-05-18;0.1;G
2000-05-19 06:00:01;2000-05-20 06:00:00;2000-05-19;2.9;G
2000-05-20 06:00:01;2000-05-21 06:00:00;2000-05-20;3.4;G
2000-05-21 06:00:01;2000-05-22 06:00:00;2000-05-21;0.1;G
2000-05-22 06:00:01;2000-05-23 06:00:00;2000-05-22;0.1;G
2000-05-23 06:00:01;2000-05-24 06:00:00;2000-05-23;0.0;G
2000-05-24 06:00:01;2000-05-25 06:00:00;2000-05-24;6.7;G
2000-05-25 06:00:01;2000-05-26 06:00:00;2000-05-25;6.6;G
2000-05-26 06:00:01;2000-05-27 06:00:00;2000-05-26;2.5;G
2000-05-27 06:00:01;2000-05-28 06:00:00;2000-05-27;2.1;G
2000-05-28 06:00:01;2000-05-29 06:00:00;2000-05-28;0.0;G
2000-05-29 06:00:01;2000-05-30 06:00:00;2000-05-29;0.7;G
2000-05-30 06:00:01;2000-05-31 06:00:00;2000-05-30;5.7;G
2000-05-31 06:00:01;2000-06-01 06:00:00;2000-05-31;6.3;G
2000-06-01 06:00:01;2000-06-02 06:00:00;2000-06-01;1.1;G
2000-06-02 06:00:01;2000-06-03 06:00:00;2000-06-02;1.4;G
2000-06-03 06:00:01;2000-06-04 06:00:00;2000-06-03;0.0;G
2000-06-04 06:00:01;2000-06-05 06:00:00;2000-06-04;0.0;G
2000-06-05 06:00:01;2000-06-06 06:00:00;2000-06-05;0.0;G
2000-06-06 06:00:01;2000-06-07 06:00:00;2000-06-06;1.8;G
2000-06-07 06:00:01;2000-06-08 06:00:00;2000-06-07;9.4;G
2000-06-08 06:00:01;2000-06-09 06:00:00;2000-06-08;0.0;G
2000-06-09 06:00:01;2000-06-10 06:00:00;2000-06-09;0.0;G
2000-06-10 06:00:01;2000-06-11 06:00:00;2000-06-10;0.0;G
2000-06-11 06:00:01;2000-06-12 06:00:00;2000-06-11;0.0;G
2000-06-12 06:00:01;2000-06-13 06:00:00;2000-06-12;0.0;G
2000-06-13 06:00:01;2000-06-14 06:00:00;2000-06-13;0.0;G
2000-06-14 06:00:01;2000-06-15 06:00:00;2000-06-14;0.0;G
2000-06-15 06:00:01;2000-06-16 06:00:00;2000-06-15;1.0;G
2000-06-16 06:00:01;2000-06-17 06:00:00;2000-06-16;0.4;G
2000-06-17 06:00:01;2000-06-18 06:00:00;2000-06-17;0.0;G
2000-06-18 06:00:01;2000-06-19 06:00:00;2000-06-18;0.0;G
2000-06-19 06:00:01;2000-06-20 06:00:00;2000-06-19;0.0;G
2000-06-20 06:00:01;2000-06-21 06:00:00;2000-06-20;0.3;G
2000-06-21 06:00:01;2000-06-22 06:00:00;2000-06-21;0.0;G
2000-06-22 06:00:01;2000-06-23 06:00:00;2000-06-22;1.5;G
2000-06-23 06:00:01;2000-06-24 06:00:00;2000-06-23;0.0;G
2000-06-24 06:00:01;2000-06-25 06:00:00;2000-06-24;0.0;G
2000-06-25 06:00:01;2000-06-26 06:00:00;2000-06-25;0.7;G
2000-06-26 06:00:01;2000-06-27 06:00:00;2000-06-26;10.0;G
2000-06-27 06:00:01;2000-06-28 06:00:00;2000-06-27;0.1;G
2000-06-28 06:00:01;2000-06-29 06:00:00;2000-06-28;0.0;G
2000-06-29 06:00:01;2000-06-30 06:00:00;2000-06-29;14.6;G
2000-06-30 06:00:01;2000-07-01 06:00:00;2000-06-30;9.7;G
2000-07-01 06:00:01;2000-07-02 06:00:00;2000-07-01;0.0;G
2000-07-02 06:00:01;2000-07-03 06:00:00;2000-07-02;0.4;G
2000-07-03 06:00:01;2000-07-04 06:00:00;2000-07-03;4.4;G
2000-07-04 06:00:01;2000-07-05 06:00:00;2000-07-04;1.4;G
2000-07-05 06:00:01;2000-07-06 06:00:00;2000-07-05;3.9;G
2000-07-06 06:00:01;2000-07-07 06:00:00;2000-07-06;0.0;G
2000-07-07 06:00:01;2000-07-08 06:00:00;2000-07-07;0.0;G
2000-07-08 06:00:01;2000-07-09 06:00:00;2000-07-08;0.0;G
2000-07-09 06:00:01;2000-07-10 06:00:00;2000-07-09;0.0;G
2000-07-10 06:00:01;2000-07-11 06:00:00;2000-07-10;7.2;G
2000-07-11 06:00:01;2000-07-12 06:00:00;2000-07-11;1.4;G
2000-07-12 06:00:01;2000-07-13 06:00:00;2000-07-12;10.0;G
2000-07-13 06:00:01;2000-07-14 06:00:00;2000-07-13;5.4;G
2000-07-14 06:00:01;2000-07-15 06:00:00;2000-07-14;1.0;G
2000-07-15 06:00:01;2000-07-16 06:00:00;2000-07-15;13.8;G
2000-07-16 06:00:01;2000-07-17 06:00:00;2000-07-16;3.3;G
2000-07-17 06:00:01;2000-07-18 06:00:00;2000-07-17;0.1;G
2000-07-18 06:00:01;2000-07-19 06:00:00;2000-07-18;5.3;G
2000-07-19 06:00:01;2000-07-20 06:00:00;2000-07-19;10.3;G
2000-07-20 06:00:01;2000-07-21 06:00:00;2000-07-20;9.6;G
2000-07-21 06:00:01;2000-07-22 06:00:00;2000-07-21;1.0;G
2000-07-22 06:00:01;2000-07-23 06:00:00;2000-07-22;5.0;G
2000-07-23 06:00:01;2000-07-24 06:00:00;2000-07-23;10.5;G
2000-07-24 06:00:01;2000-07-25 06:00:00;2000-07-24;0.0;G
2000-07-25 06:00:01;2000-07-26 06:00:00;2000-07-25;10.5;G
2000-07-26 06:00:01;2000-07-27 06:00:00;2000-07-26;8.5;G
2000-07-27 06:00:01;2000-07-28 06:00:00;2000-07-27;0.0;G
2000-07-28 06:00:01;2000-07-29 06:00:00;2000-07-28;0.0;G
2000-07-29 06:00:01;2000-07-30 06:00:00;2000-07-29;0.0;G
2000-07-30 06:00:01;2000-07-31 06:00:00;2000-07-30;0.0;G
2000-07-31 06:00:01;2000-08-01 06:00:00;2000-07-31;0.0;G
2000-08-01 06:00:01;2000-08-02 06:00:00;2000-08-01;0.0;G
2000-08-02 06:00:01;2000-08-03 06:00:00;2000-08-02;6.0;G
2000-08-03 06:00:01;2000-08-04 06:00:00;2000-08-03;0.0;G
2000-08-04 06:00:01;2000-08-05 06:00:00;2000-08-04;0.5;G
2000-08-05 06:00:01;2000-08-06 06:00:00;2000-08-05;0.0;G
2000-08-06 06:00:01;2000-08-07 06:00:00;2000-08-06;1.0;G
2000-08-07 06:00:01;2000-08-08 06:00:00;2000-08-07;0.0;G
2000-08-08 06:00:01;2000-08-09 06:00:00;2000-08-08;0.5;G
2000-08-09 06:00:01;2000-08-10 06:00:00;2000-08-09;0.0;G
2000-08-10 06:00:01;2000-08-11 06:00:00;2000-08-10;0.0;G
2000-08-11 06:00:01;2000-08-12 06:00:00;2000-08-11;0.0;G
2000-08-12 06:00:01;2000-08-13 06:00:00;2000-08-12;0.0;G
2000-08-13 06:00:01;2000-08-14 06:00:00;2000-08-13;0.0;G
2000-08-14 06:00:01;2000-08-15 06:00:00;2000-08-14;0.2;G
2000-08-15 06:00:01;2000-08-16 06:00:00;2000-08-15;1.1;G
2000-08-16 06:00:01;2000-08-17 06:00:00;2000-08-16;0.0;G
2000-08-17 06:00:01;2000-08-18 06:00:00;2000-08-17;1.5;G
2000-08-18 06:00:01;2000-08-19 06:00:00;2000-08-18;0.5;G
2000-08-19 06:00:01;2000-08-20 06:00:00;2000-08-19;0.3;G
2000-08-20 06:00:01;2000-08-21 06:00:00;2000-08-20;0.2;G
2000-08-21 06:00:01;2000-08-22 06:00:00;2000-08-21;0.0;G
2000-08-22 06:00:01;2000-08-23 06:00:00;2000-08-22;0.0;G
2000-08-23 06:00:01;2000-08-24 06:00:00;2000-08-23;0.0;G
2000-08-24 06:00:01;2000-08-25 06:00:00;2000-08-24;2.1;G
2000-08-25 06:00:01;2000-08-26 06:00:00;2000-08-25;0.0;G
2000-08-26 06:00:01;2000-08-27 06:00:00;2000-08-26;0.0;G
2000-08-27 06:00:01;2000-08-28 06:00:00;2000-08-27;0.0;G
2000-08-28 06:00:01;2000-08-29 06:00:00;2000-08-28;0.0;G
2000-08-29 06:00:01;2000-08-30 06:00:00;2000-08-29;0.0;G
2000-08-30 06:00:01;2000-08-31 06:00:00;2000-08-30;8.8;G
2000-08-31 06:00:01;2000-09-01 06:00:00;2000-08-31;0.0;G
2000-09-01 06:00:01;2000-09-02 06:00:00;2000-09-01;0.0;G
2000-09-02 06:00:01;2000-09-03 06:00:00;2000-09-02;0.0;G
2000-09-03 06:00:01;2000-09-04 06:00:00;2000-09-03;0.4;G
2000-09-04 06:00:01;2000-09-05 06:00:00;2000-09-04;0.0;G
2000-09-05 06:00:01;2000-09-06 06:00:00;2000-09-05;0.0;G
2000-09-06 06:00:01;2000-09-07 06:00:00;2000-09-06;0.0;G
2000-09-07 06:00:01;2000-09-08 06:00:00;2000-09-07;2.7;G
2000-09-08 06:00:01;2000-09-09 06:00:00;2000-09-08;0.9;G
2000-09-09 06:00:01;2000-09-10 06:00:00;2000-09-09;0.0;G
2000-09-10 06:00:01;2000-09-11 06:00:00;2000-09-10;0.0;G
2000-09-11 06:00:01;2000-09-12 06:00:00;2000-09-11;0.0;G
2000-09-12 06:00:01;2000-09-13 06:00:00;2000-09-12;0.0;G
2000-09-13 06:00:01;2000-09-14 06:00:00;2000-09-13;0.0;G
2000-09-14 06:00:01;2000-09-15 06:00:00;2000-09-14;0.3;G
2000-09-15 06:00:01;2000-09-16 06:00:00;2000-09-15;0.0;G
2000-09-16 06:00:01;2000-09-17 06:00:00;2000-09-16;0.0;G
2000-09-17 06:00:01;2000-09-18 06:00:00;2000-09-17;0.0;G
2000-09-18 06:00:01;2000-09-19 06:00:00;2000-09-18;0.0;G
2000-09-19 06:00:01;2000-09-20 06:00:00;2000-09-19;0.0;G
2000-09-20 06:00:01;2000-09-21 06:00:00;2000-09-20;0.0;G
2000-09-21 06:00:01;2000-09-22 06:00:00;2000-09-21;0.0;G
2000-09-22 06:00:01;2000-09-23 06:00:00;2000-09-22;0.0;G
2000-09-23 06:00:01;2000-09-24 06:00:00;2000-09-23;0.0;G
2000-09-24 06:00:01;2000-09-25 06:00:00;2000-09-24;0.0;G
2000-09-25 06:00:01;2000-09-26 06:00:00;2000-09-25;0.0;G
2000-09-26 06:00:01;2000-09-27 06:00:00;2000-09-26;0.0;G
2000-09-27 06:00:01;2000-09-28 06:00:00;2000-09-27;0.0;G
2000-09-28 06:00:01;2000-09-29 06:00:00;2000-09-28;0.0;G
2000-09-29 06:00:01;2000-09-30 06:00:00;2000-09-29;0.0;G
2000-09-30 06:00:01;2000-10-01 06:00:00;2000-09-30;0.0;G
2000-10-01 06:00:01;2000-10-02 06:00:00;2000-10-01;8.7;G
2000-10-02 06:00:01;2000-10-03 06:00:00;2000-10-02;5.6;G
2000-10-03 06:00:01;2000-10-04 06:00:00;2000-10-03;3.0;G
2000-10-04 06:00:01;2000-10-05 06:00:00;2000-10-04;0.0;G
2000-10-05 06:00:01;2000-10-06 06:00:00;2000-10-05;0.6;G
2000-10-06 06:00:01;2000-10-07 06:00:00;2000-10-06;10.9;G
2000-10-07 06:00:01;2000-10-08 06:00:00;2000-10-07;0.0;G
2000-10-08 06:00:01;2000-10-09 06:00:00;2000-10-08;0.2;G
2000-10-09 06:00:01;2000-10-10 06:00:00;2000-10-09;0.0;G
2000-10-10 06:00:01;2000-10-11 06:00:00;2000-10-10;0.5;G
2000-10-11 06:00:01;2000-10-12 06:00:00;2000-10-11;4.9;G
2000-10-12 06:00:01;2000-10-13 06:00:00;2000-10-12;15.7;G
2000-10-13 06:00:01;2000-10-14 06:00:00;2000-10-13;0.8;G
2000-10-14 06:00:01;2000-10-15 06:00:00;2000-10-14;0.0;G
2000-10-15 06:00:01;2000-10-16 06:00:00;2000-10-15;0.0;G
2000-10-16 06:00:01;2000-10-17 06:00:00;2000-10-16;0.0;G
2000-10-17 06:00:01;2000-10-18 06:00:00;2000-10-17;0.0;G
2000-10-18 06:00:01;2000-10-19 06:00:00;2000-10-18;0.0;G
2000-10-19 06:00:01;2000-10-20 06:00:00;2000-10-19;0.0;G
2000-10-20 06:00:01;2000-10-21 06:00:00;2000-10-20;0.0;G
2000-10-21 06:00:01;2000-10-22 06:00:00;2000-10-21;0.2;G
2000-10-22 06:00:01;2000-10-23 06:00:00;2000-10-22;0.9;G
2000-10-23 06:00:01;2000-10-24 06:00:00;2000-10-23;2.9;G
2000-10-24 06:00:01;2000-10-25 06:00:00;2000-10-24;1.2;G
2000-10-25 06:00:01;2000-10-26 06:00:00;2000-10-25;2.1;G
2000-10-26 06:00:01;2000-10-27 06:00:00;2000-10-26;0.0;G
2000-10-27 06:00:01;2000-10-28 06:00:00;2000-10-27;0.0;G
2000-10-28 06:00:01;2000-10-29 06:00:00;2000-10-28;2.7;G
2000-10-29 06:00:01;2000-10-30 06:00:00;2000-10-29;15.3;G
2000-10-30 06:00:01;2000-10-31 06:00:00;2000-10-30;19.0;G
2000-10-31 06:00:01;2000-11-01 06:00:00;2000-10-31;0.0;G
2000-11-01 06:00:01;2000-11-02 06:00:00;2000-11-01;0.2;G
2000-11-02 06:00:01;2000-11-03 06:00:00;2000-11-02;18.8;G
2000-11-03 06:00:01;2000-11-04 06:00:00;2000-11-03;0.0;G
2000-11-04 06:00:01;2000-11-05 06:00:00;2000-11-04;7.0;G
2000-11-05 06:00:01;2000-11-06 06:00:00;2000-11-05;0.0;G
2000-11-06 06:00:01;2000-11-07 06:00:00;2000-11-06;0.1;G
2000-11-07 06:00:01;2000-11-08 06:00:00;2000-11-07;5.4;G
2000-11-08 06:00:01;2000-11-09 06:00:00;2000-11-08;6.1;G
2000-11-09 06:00:01;2000-11-10 06:00:00;2000-11-09;1.1;G
2000-11-10 06:00:01;2000-11-11 06:00:00;2000-11-10;4.8;G
2000-11-11 06:00:01;2000-11-12 06:00:00;2000-11-11;0.7;G
2000-11-12 06:00:01;2000-11-13 06:00:00;2000-11-12;0.4;G
2000-11-13 06:00:01;2000-11-14 06:00:00;2000-11-13;7.8;G
2000-11-14 06:00:01;2000-11-15 06:00:00;2000-11-14;0.1;G
2000-11-15 06:00:01;2000-11-16 06:00:00;2000-11-15;0.1;G
2000-11-16 06:00:01;2000-11-17 06:00:00;2000-11-16;0.1;G
2000-11-17 06:00:01;2000-11-18 06:00:00;2000-11-17;5.1;G
2000-11-18 06:00:01;2000-11-19 06:00:00;2000-11-18;4.3;G
2000-11-19 06:00:01;2000-11-20 06:00:00;2000-11-19;12.1;G
2000-11-20 06:00:01;2000-11-21 06:00:00;2000-11-20;2.0;G
2000-11-21 06:00:01;2000-11-22 06:00:00;2000-11-21;4.4;G
2000-11-22 06:00:01;2000-11-23 06:00:00;2000-11-22;6.5;G
2000-11-23 06:00:01;2000-11-24 06:00:00;2000-11-23;4.4;G
2000-11-24 06:00:01;2000-11-25 06:00:00;2000-11-24;0.4;G
2000-11-25 06:00:01;2000-11-26 06:00:00;2000-11-25;6.0;G
2000-11-26 06:00:01;2000-11-27 06:00:00;2000-11-26;4.7;G
2000-11-27 06:00:01;2000-11-28 06:00:00;2000-11-27;13.5;G
2000-11-28 06:00:01;2000-11-29 06:00:00;2000-11-28;3.0;G
2000-11-29 06:00:01;2000-11-30 06:00:00;2000-11-29;0.5;G
2000-11-30 06:00:01;2000-12-01 06:00:00;2000-11-30;2.0;G
2001-04-01 06:00:01;2001-04-02 06:00:00;2001-04-01;0.0;G
2001-04-02 06:00:01;2001-04-03 06:00:00;2001-04-02;0.0;G
2001-04-03 06:00:01;2001-04-04 06:00:00;2001-04-03;1.0;G
2001-04-04 06:00:01;2001-04-05 06:00:00;2001-04-04;0.0;G
2001-04-05 06:00:01;2001-04-06 06:00:00;2001-04-05;0.0;G
2001-04-06 06:00:01;2001-04-07 06:00:00;2001-04-06;0.0;G
2001-04-07 06:00:01;2001-04-08 06:00:00;2001-04-07;1.0;G
2001-04-08 06:00:01;2001-04-09 06:00:00;2001-04-08;0.1;G
2001-04-09 06:00:01;2001-04-10 06:00:00;2001-04-09;0.0;G
2001-04-10 06:00:01;2001-04-11 06:00:00;2001-04-10;0.0;G
2001-04-11 06:00:01;2001-04-12 06:00:00;2001-04-11;0.0;G
2001-04-12 06:00:01;2001-04-13 06:00:00;2001-04-12;0.0;G
2001-04-13 06:00:01;2001-04-14 06:00:00;2001-04-13;0.0;G
2001-04-14 06:00:01;2001-04-15 06:00:00;2001-04-14;0.0;G
2001-04-15 06:00:01;2001-04-16 06:00:00;2001-04-15;0.0;G
2001-04-16 06:00:01;2001-04-17 06:00:00;2001-04-16;0.0;G
2001-04-17 06:00:01;2001-04-18 06:00:00;2001-04-17;0.3;G
2001-04-18 06:00:01;2001-04-19 06:00:00;2001-04-18;3.3;G
2001-04-19 06:00:01;2001-04-20 06:00:00;2001-04-19;0.1;G
2001-04-20 06:00:01;2001-04-21 06:00:00;2001-04-20;0.1;G
2001-04-21 06:00:01;2001-04-22 06:00:00;2001-04-21;0.0;G
2001-04-22 06:00:01;2001-04-23 06:00:00;2001-04-22;0.0;G
2001-04-23 06:00:01;2001-04-24 06:00:00;2001-04-23;12.0;G
2001-04-24 06:00:01;2001-04-25 06:00:00;2001-04-24;0.0;G
2001-04-25 06:00:01;2001-04-26 06:00:00;2001-04-25;0.0;G
2001-04-26 06:00:01;2001-04-27 06:00:00;2001-04-26;0.0;G
2001-04-27 06:00:01;2001-04-28 06:00:00;2001-04-27;0.0;G
2001-04-28 06:00:01;2001-04-29 06:00:00;2001-04-28;0.0;G
2001-04-29 06:00:01;2001-04-30 06:00:00;2001-04-29;0.4;G
2001-04-30 06:00:01;2001-05-01 06:00:00;2001-04-30;2.0;G
2001-05-01 06:00:01;2001-05-02 06:00:00;2001-05-01;0.0;G
2001-05-02 06:00:01;2001-05-03 06:00:00;2001-05-02;0.0;G
2001-05-03 06:00:01;2001-05-04 06:00:00;2001-05-03;0.6;G
2001-05-04 06:00:01;2001-05-05 06:00:00;2001-05-04;3.5;G
2001-05-05 06:00:01;2001-05-06 06:00:00;2001-05-05;0.0;G
2001-05-06 06:00:01;2001-05-07 06:00:00;2001-05-06;0.0;G
2001-05-07 06:00:01;2001-05-08 06:00:00;2001-05-07;0.0;G
2001-05-08 06:00:01;2001-05-09 06:00:00;2001-05-08;0.0;G
2001-05-09 06:00:01;2001-05-10 06:00:00;2001-05-09;0.0;G
2001-05-10 06:00:01;2001-05-11 06:00:00;2001-05-10;0.0;G
2001-05-11 06:00:01;2001-05-12 06:00:00;2001-05-11;0.0;G
2001-05-12 06:00:01;2001-05-13 06:00:00;2001-05-12;0.0;G
2001-05-13 06:00:01;2001-05-14 06:00:00;2001-05-13;0.0;G
2001-05-14 06:00:01;2001-05-15 06:00:00;2001-05-14;3.0;G
2001-05-15 06:00:01;2001-05-16 06:00:00;2001-05-15;0.0;G
2001-05-16 06:00:01;2001-05-17 06:00:00;2001-05-16;4.0;G
2001-05-17 06:00:01;2001-05-18 06:00:00;2001-05-17;3.0;G
2001-05-18 06:00:01;2001-05-19 06:00:00;2001-05-18;11.0;G
2001-05-19 06:00:01;2001-05-20 06:00:00;2001-05-19;0.3;G
2001-05-20 06:00:01;2001-05-21 06:00:00;2001-05-20;0.0;G
2001-05-21 06:00:01;2001-05-22 06:00:00;2001-05-21;0.0;G
2001-05-22 06:00:01;2001-05-23 06:00:00;2001-05-22;0.0;G
2001-05-23 06:00:01;2001-05-24 06:00:00;2001-05-23;0.1;G
2001-05-24 06:00:01;2001-05-25 06:00:00;2001-05-24;0.0;G
2001-05-25 06:00:01;2001-05-26 06:00:00;2001-05-25;0.0;G
2001-05-26 06:00:01;2001-05-27 06:00:00;2001-05-26;0.0;G
2001-05-27 06:00:01;2001-05-28 06:00:00;2001-05-27;2.2;G
2001-05-28 06:00:01;2001-05-29 06:00:00;2001-05-28;0.5;G
2001-05-29 06:00:01;2001-05-30 06:00:00;2001-05-29;0.0;G
2001-05-30 06:00:01;2001-05-31 06:00:00;2001-05-30;0.0;G
2001-05-31 06:00:01;2001-06-01 06:00:00;2001-05-31;0.0;G
2001-06-01 06:00:01;2001-06-02 06:00:00;2001-06-01;2.0;G
2001-06-02 06:00:01;2001-06-03 06:00:00;2001-06-02;6.8;G
2001-06-03 06:00:01;2001-06-04 06:00:00;2001-06-03;0.0;G
2001-06-04 06:00:01;2001-06-05 06:00:00;2001-06-04;0.0;G
2001-06-05 06:00:01;2001-06-06 06:00:00;2001-06-05;0.0;G
2001-06-06 06:00:01;2001-06-07 06:00:00;2001-06-06;0.0;G
2001-06-07 06:00:01;2001-06-08 06:00:00;2001-06-07;0.2;G
2001-06-08 06:00:01;2001-06-09 06:00:00;2001-06-08;0.7;G
2001-06-09 06:00:01;2001-06-10 06:00:00;2001-06-09;0.3;G
2001-06-10 06:00:01;2001-06-11 06:00:00;2001-06-10;0.0;G
2001-06-11 06:00:01;2001-06-12 06:00:00;2001-06-11;0.2;G
2001-06-12 06:00:01;2001-06-13 06:00:00;2001-06-12;0.2;G
2001-06-13 06:00:01;2001-06-14 06:00:00;2001-06-13;0.0;G
2001-06-14 06:00:01;2001-06-15 06:00:00;2001-06-14;0.0;G
2001-06-15 06:00:01;2001-06-16 06:00:00;2001-06-15;0.0;G
2001-06-16 06:00:01;2001-06-17 06:00:00;2001-06-16;0.0;G
2001-06-17 06:00:01;2001-06-18 06:00:00;2001-06-17;0.4;G
2001-06-18 06:00:01;2001-06-19 06:00:00;2001-06-18;0.0;G
2001-06-19 06:00:01;2001-06-20 06:00:00;2001-06-19;0.5;G
2001-06-20 06:00:01;2001-06-21 06:00:00;2001-06-20;1.0;G
2001-06-21 06:00:01;2001-06-22 06:00:00;2001-06-21;7.0;G
2001-06-22 06:00:01;2001-06-23 06:00:00;2001-06-22;0.0;G
2001-06-23 06:00:01;2001-06-24 06:00:00;2001-06-23;0.0;G
2001-06-24 06:00:01;2001-06-25 06:00:00;2001-06-24;0.0;G
2001-06-25 06:00:01;2001-06-26 06:00:00;2001-06-25;0.0;G
2001-06-26 06:00:01;2001-06-27 06:00:00;2001-06-26;0.0;G
2001-06-27 06:00:01;2001-06-28 06:00:00;2001-06-27;0.0;G
2001-06-28 06:00:01;2001-06-29 06:00:00;2001-06-28;0.0;G
2001-06-29 06:00:01;2001-06-30 06:00:00;2001-06-29;0.0;G
2001-06-30 06:00:01;2001-07-01 06:00:00;2001-06-30;0.0;G
2001-07-01 06:00:01;2001-07-02 06:00:00;2001-07-01;4.0;G
2001-07-02 06:00:01;2001-07-03 06:00:00;2001-07-02;0.0;G
2001-07-03 06:00:01;2001-07-04 06:00:00;2001-07-03;0.0;G
2001-07-04 06:00:01;2001-07-05 06:00:00;2001-07-04;0.0;G
2001-07-05 06:00:01;2001-07-06 06:00:00;2001-07-05;0.0;G
2001-07-06 06:00:01;2001-07-07 06:00:00;2001-07-06;0.0;G
2001-07-07 06:00:01;2001-07-08 06:00:00;2001-07-07;0.0;G
2001-07-08 06:00:01;2001-07-09 06:00:00;2001-07-08;0.0;G
2001-07-09 06:00:01;2001-07-10 06:00:00;2001-07-09;4.0;G
2001-07-10 06:00:01;2001-07-11 06:00:00;2001-07-10;15.0;G
2001-07-11 06:00:01;2001-07-12 06:00:00;2001-07-11;6.0;G
2001-07-12 06:00:01;2001-07-13 06:00:00;2001-07-12;0.0;G
2001-07-13 06:00:01;2001-07-14 06:00:00;2001-07-13;7.0;G
2001-07-14 06:00:01;2001-07-15 06:00:00;2001-07-14;3.0;G
2001-07-15 06:00:01;2001-07-16 06:00:00;2001-07-15;3.0;G
2001-07-16 06:00:01;2001-07-17 06:00:00;2001-07-16;3.0;G
2001-07-17 06:00:01;2001-07-18 06:00:00;2001-07-17;1.5;G
2001-07-18 06:00:01;2001-07-19 06:00:00;2001-07-18;6.0;G
2001-07-19 06:00:01;2001-07-20 06:00:00;2001-07-19;15.5;G
2001-07-20 06:00:01;2001-07-21 06:00:00;2001-07-20;0.0;G
2001-07-21 06:00:01;2001-07-22 06:00:00;2001-07-21;0.0;G
2001-07-22 06:00:01;2001-07-23 06:00:00;2001-07-22;0.0;G
2001-07-23 06:00:01;2001-07-24 06:00:00;2001-07-23;0.0;G
2001-07-24 06:00:01;2001-07-25 06:00:00;2001-07-24;0.0;G
2001-07-25 06:00:01;2001-07-26 06:00:00;2001-07-25;0.0;G
2001-07-26 06:00:01;2001-07-27 06:00:00;2001-07-26;0.0;G
2001-07-27 06:00:01;2001-07-28 06:00:00;2001-07-27;0.0;G
2001-07-28 06:00:01;2001-07-29 06:00:00;2001-07-28;0.0;G
2001-07-29 06:00:01;2001-07-30 06:00:00;2001-07-29;0.1;G
2001-07-30 06:00:01;2001-07-31 06:00:00;2001-07-30;0.0;G
2001-07-31 06:00:01;2001-08-01 06:00:00;2001-07-31;0.0;G
2001-08-01 06:00:01;2001-08-02 06:00:00;2001-08-01;0.5;G
2001-08-02 06:00:01;2001-08-03 06:00:00;2001-08-02;0.8;G
2001-08-03 06:00:01;2001-08-04 06:00:00;2001-08-03;3.0;G
2001-08-04 06:00:01;2001-08-05 06:00:00;2001-08-04;6.9;G
2001-08-05 06:00:01;2001-08-06 06:00:00;2001-08-05;4.0;G
2001-08-06 06:00:01;2001-08-07 06:00:00;2001-08-06;0.6;G
2001-08-07 06:00:01;2001-08-08 06:00:00;2001-08-07;0.4;G
2001-08-08 06:00:01;2001-08-09 06:00:00;2001-08-08;0.3;G
2001-08-09 06:00:01;2001-08-10 06:00:00;2001-08-09;4.0;G
2001-08-10 06:00:01;2001-08-11 06:00:00;2001-08-10;0.0;G
2001-08-11 06:00:01;2001-08-12 06:00:00;2001-08-11;0.7;G
2001-08-12 06:00:01;2001-08-13 06:00:00;2001-08-12;3.0;G
2001-08-13 06:00:01;2001-08-14 06:00:00;2001-08-13;0.0;G
2001-08-14 06:00:01;2001-08-15 06:00:00;2001-08-14;0.0;G
2001-08-15 06:00:01;2001-08-16 06:00:00;2001-08-15;0.0;G
2001-08-16 06:00:01;2001-08-17 06:00:00;2001-08-16;13.0;G
2001-08-17 06:00:01;2001-08-18 06:00:00;2001-08-17;0.0;G
2001-08-18 06:00:01;2001-08-19 06:00:00;2001-08-18;0.0;G
2001-08-19 06:00:01;2001-08-20 06:00:00;2001-08-19;0.0;G
2001-08-20 06:00:01;2001-08-21 06:00:00;2001-08-20;3.0;G
2001-08-21 06:00:01;2001-08-22 06:00:00;2001-08-21;0.6;G
2001-08-22 06:00:01;2001-08-23 06:00:00;2001-08-22;0.0;G
2001-08-23 06:00:01;2001-08-24 06:00:00;2001-08-23;0.0;G
2001-08-24 06:00:01;2001-08-25 06:00:00;2001-08-24;0.0;G
2001-08-25 06:00:01;2001-08-26 06:00:00;2001-08-25;0.0;G
2001-08-26 06:00:01;2001-08-27 06:00:00;2001-08-26;6.0;G
2001-08-27 06:00:01;2001-08-28 06:00:00;2001-08-27;82.3;G
2001-08-28 06:00:01;2001-08-29 06:00:00;2001-08-28;0.1;G
2001-08-29 06:00:01;2001-08-30 06:00:00;2001-08-29;0.0;G
2001-08-30 06:00:01;2001-08-31 06:00:00;2001-08-30;0.0;G
2001-08-31 06:00:01;2001-09-01 06:00:00;2001-08-31;0.0;G
2001-09-01 06:00:01;2001-09-02 06:00:00;2001-09-01;4.0;G
2001-09-02 06:00:01;2001-09-03 06:00:00;2001-09-02;4.1;G
2001-09-03 06:00:01;2001-09-04 06:00:00;2001-09-03;0.4;G
2001-09-04 06:00:01;2001-09-05 06:00:00;2001-09-04;0.1;G
2001-09-05 06:00:01;2001-09-06 06:00:00;2001-09-05;0.0;G
2001-09-06 06:00:01;2001-09-07 06:00:00;2001-09-06;0.0;G
2001-09-07 06:00:01;2001-09-08 06:00:00;2001-09-07;0.0;G
2001-09-08 06:00:01;2001-09-09 06:00:00;2001-09-08;11.0;G
2001-09-09 06:00:01;2001-09-10 06:00:00;2001-09-09;3.0;G
2001-09-10 06:00:01;2001-09-11 06:00:00;2001-09-10;7.1;G
2001-09-11 06:00:01;2001-09-12 06:00:00;2001-09-11;18.0;G
2001-09-12 06:00:01;2001-09-13 06:00:00;2001-09-12;6.5;G
2001-09-13 06:00:01;2001-09-14 06:00:00;2001-09-13;0.8;G
2001-09-14 06:00:01;2001-09-15 06:00:00;2001-09-14;1.0;G
2001-09-15 06:00:01;2001-09-16 06:00:00;2001-09-15;0.0;G
2001-09-16 06:00:01;2001-09-17 06:00:00;2001-09-16;0.3;G
2001-09-17 06:00:01;2001-09-18 06:00:00;2001-09-17;0.0;G
2001-09-18 06:00:01;2001-09-19 06:00:00;2001-09-18;0.0;G
2001-09-19 06:00:01;2001-09-20 06:00:00;2001-09-19;0.0;G
2001-09-20 06:00:01;2001-09-21 06:00:00;2001-09-20;9.0;G
2001-09-21 06:00:01;2001-09-22 06:00:00;2001-09-21;0.0;G
2001-09-22 06:00:01;2001-09-23 06:00:00;2001-09-22;0.0;G
2001-09-23 06:00:01;2001-09-24 06:00:00;2001-09-23;0.0;G
2001-09-24 06:00:01;2001-09-25 06:00:00;2001-09-24;0.0;G
2001-09-25 06:00:01;2001-09-26 06:00:00;2001-09-25;0.0;G
2001-09-26 06:00:01;2001-09-27 06:00:00;2001-09-26;0.0;G
2001-09-27 06:00:01;2001-09-28 06:00:00;2001-09-27;0.1;G
2001-09-28 06:00:01;2001-09-29 06:00:00;2001-09-28;2.0;G
2001-09-29 06:00:01;2001-09-30 06:00:00;2001-09-29;0.0;G
2001-09-30 06:00:01;2001-10-01 06:00:00;2001-09-30;0.0;G
2001-10-01 06:00:01;2001-10-02 06:00:00;2001-10-01;8.0;G
2001-10-02 06:00:01;2001-10-03 06:00:00;2001-10-02;0.0;G
2001-10-03 06:00:01;2001-10-04 06:00:00;2001-10-03;0.0;G
2001-10-04 06:00:01;2001-10-05 06:00:00;2001-10-04;0.0;G
2001-10-05 06:00:01;2001-10-06 06:00:00;2001-10-05;0.0;G
2001-10-06 06:00:01;2001-10-07 06:00:00;2001-10-06;0.0;G
2001-10-07 06:00:01;2001-10-08 06:00:00;2001-10-07;5.5;G
2001-10-08 06:00:01;2001-10-09 06:00:00;2001-10-08;5.8;G
2001-10-09 06:00:01;2001-10-10 06:00:00;2001-10-09;0.7;G
2001-10-10 06:00:01;2001-10-11 06:00:00;2001-10-10;14.3;G
2001-10-11 06:00:01;2001-10-12 06:00:00;2001-10-11;0.3;G
2001-10-12 06:00:01;2001-10-13 06:00:00;2001-10-12;0.4;G
2001-10-13 06:00:01;2001-10-14 06:00:00;2001-10-13;0.0;G
2001-10-14 06:00:01;2001-10-15 06:00:00;2001-10-14;0.2;G
2001-10-15 06:00:01;2001-10-16 06:00:00;2001-10-15;2.4;G
2001-10-16 06:00:01;2001-10-17 06:00:00;2001-10-16;5.8;G
2001-10-17 06:00:01;2001-10-18 06:00:00;2001-10-17;0.1;G
2001-10-18 06:00:01;2001-10-19 06:00:00;2001-10-18;0.0;G
2001-10-19 06:00:01;2001-10-20 06:00:00;2001-10-19;0.0;G
2001-10-20 06:00:01;2001-10-21 06:00:00;2001-10-20;0.0;G
2001-10-21 06:00:01;2001-10-22 06:00:00;2001-10-21;0.0;G
2001-10-22 06:00:01;2001-10-23 06:00:00;2001-10-22;0.0;G
2001-10-23 06:00:01;2001-10-24 06:00:00;2001-10-23;0.0;G
2001-10-24 06:00:01;2001-10-25 06:00:00;2001-10-24;0.0;G
2001-10-25 06:00:01;2001-10-26 06:00:00;2001-10-25;0.0;G
2001-10-26 06:00:01;2001-10-27 06:00:00;2001-10-26;0.0;G
2001-10-27 06:00:01;2001-10-28 06:00:00;2001-10-27;0.9;G
2001-10-28 06:00:01;2001-10-29 06:00:00;2001-10-28;0.9;G
2001-10-29 06:00:01;2001-10-30 06:00:00;2001-10-29;10.1;G
2001-10-30 06:00:01;2001-10-31 06:00:00;2001-10-30;1.3;G
2001-10-31 06:00:01;2001-11-01 06:00:00;2001-10-31;31.0;G
2001-11-01 06:00:01;2001-11-02 06:00:00;2001-11-01;0.0;G
2001-11-02 06:00:01;2001-11-03 06:00:00;2001-11-02;0.0;G
2001-11-03 06:00:01;2001-11-04 06:00:00;2001-11-03;0.0;G
2001-11-04 06:00:01;2001-11-05 06:00:00;2001-11-04;2.0;G
2001-11-05 06:00:01;2001-11-06 06:00:00;2001-11-05;0.0;G
2001-11-06 06:00:01;2001-11-07 06:00:00;2001-11-06;0.0;G
2001-11-07 06:00:01;2001-11-08 06:00:00;2001-11-07;1.0;G
2001-11-08 06:00:01;2001-11-09 06:00:00;2001-11-08;2.0;G
2001-11-09 06:00:01;2001-11-10 06:00:00;2001-11-09;3.0;G
2001-11-10 06:00:01;2001-11-11 06:00:00;2001-11-10;0.0;G
2001-11-11 06:00:01;2001-11-12 06:00:00;2001-11-11;0.0;G
2001-11-12 06:00:01;2001-11-13 06:00:00;2001-11-12;0.0;G
2001-11-13 06:00:01;2001-11-14 06:00:00;2001-11-13;0.0;G
2001-11-14 06:00:01;2001-11-15 06:00:00;2001-11-14;0.8;G
2001-11-15 06:00:01;2001-11-16 06:00:00;2001-11-15;0.0;G
2001-11-16 06:00:01;2001-11-17 06:00:00;2001-11-16;0.0;G
2001-11-17 06:00:01;2001-11-18 06:00:00;2001-11-17;0.0;G
2001-11-18 06:00:01;2001-11-19 06:00:00;2001-11-18;0.0;G
2001-11-19 06:00:01;2001-11-20 06:00:00;2001-11-19;0.0;G
2001-11-20 06:00:01;2001-11-21 06:00:00;2001-11-20;0.1;G
2001-11-21 06:00:01;2001-11-22 06:00:00;2001-11-21;0.7;G
2001-11-22 06:00:01;2001-11-23 06:00:00;2001-11-22;7.0;G
2001-11-23 06:00:01;2001-11-24 06:00:00;2001-11-23;1.0;G
2001-11-24 06:00:01;2001-11-25 06:00:00;2001-11-24;0.0;G
2001-11-25 06:00:01;2001-11-26 06:00:00;2001-11-25;0.0;G
2001-11-26 06:00:01;2001-11-27 06:00:00;2001-11-26;6.0;G
2001-11-27 06:00:01;2001-11-28 06:00:00;2001-11-27;0.1;G
2001-11-28 06:00:01;2001-11-29 06:00:00;2001-11-28;0.5;G
2001-11-29 06:00:01;2001-11-30 06:00:00;2001-11-29;0.0;G
2001-11-30 06:00:01;2001-12-01 06:00:00;2001-11-30;0.0;G
2001-12-01 06:00:01;2001-12-02 06:00:00;2001-12-01;0.0;G
2001-12-02 06:00:01;2001-12-03 06:00:00;2001-12-02;0.8;G
2001-12-03 06:00:01;2001-12-04 06:00:00;2001-12-03;0.8;G
2001-12-04 06:00:01;2001-12-05 06:00:00;2001-12-04;0.0;G
2001-12-05 06:00:01;2001-12-06 06:00:00;2001-12-05;3.0;G
2001-12-06 06:00:01;2001-12-07 06:00:00;2001-12-06;0.7;G
2001-12-07 06:00:01;2001-12-08 06:00:00;2001-12-07;0.0;G
2001-12-08 06:00:01;2001-12-09 06:00:00;2001-12-08;0.8;G
2001-12-09 06:00:01;2001-12-10 06:00:00;2001-12-09;0.0;G
2001-12-10 06:00:01;2001-12-11 06:00:00;2001-12-10;0.0;G
2001-12-11 06:00:01;2001-12-12 06:00:00;2001-12-11;0.0;G
2001-12-12 06:00:01;2001-12-13 06:00:00;2001-12-12;0.1;G
2001-12-13 06:00:01;2001-12-14 06:00:00;2001-12-13;0.0;G
2001-12-14 06:00:01;2001-12-15 06:00:00;2001-12-14;0.0;G
2001-12-15 06:00:01;2001-12-16 06:00:00;2001-12-15;0.0;G
2001-12-16 06:00:01;2001-12-17 06:00:00;2001-12-16;0.0;G
2001-12-17 06:00:01;2001-12-18 06:00:00;2001-12-17;0.0;G
2001-12-18 06:00:01;2001-12-19 06:00:00;2001-12-18;0.0;G
2001-12-19 06:00:01;2001-12-20 06:00:00;2001-12-19;0.2;G
2001-12-20 06:00:01;2001-12-21 06:00:00;2001-12-20;9.0;G
2001-12-21 06:00:01;2001-12-22 06:00:00;2001-12-21;10.8;G
2001-12-22 06:00:01;2001-12-23 06:00:00;2001-12-22;1.0;G
2001-12-23 06:00:01;2001-12-24 06:00:00;2001-12-23;0.0;G
2001-12-24 06:00:01;2001-12-25 06:00:00;2001-12-24;4.0;G
2001-12-25 06:00:01;2001-12-26 06:00:00;2001-12-25;1.5;G
2001-12-26 06:00:01;2001-12-27 06:00:00;2001-12-26;0.1;G
2001-12-27 06:00:01;2001-12-28 06:00:00;2001-12-27;0.5;G
2001-12-28 06:00:01;2001-12-29 06:00:00;2001-12-28;7.0;G
2001-12-29 06:00:01;2001-12-30 06:00:00;2001-12-29;0.4;G
2001-12-30 06:00:01;2001-12-31 06:00:00;2001-12-30;0.2;G
2001-12-31 06:00:01;2002-01-01 06:00:00;2001-12-31;0.0;G
2002-01-01 06:00:01;2002-01-02 06:00:00;2002-01-01;2.0;G
2002-01-02 06:00:01;2002-01-03 06:00:00;2002-01-02;0.0;G
2002-01-03 06:00:01;2002-01-04 06:00:00;2002-01-03;0.0;G
2002-01-04 06:00:01;2002-01-05 06:00:00;2002-01-04;0.0;G
2002-01-05 06:00:01;2002-01-06 06:00:00;2002-01-05;0.0;G
2002-01-06 06:00:01;2002-01-07 06:00:00;2002-01-06;0.0;G
2002-01-07 06:00:01;2002-01-08 06:00:00;2002-01-07;0.0;G
2002-01-08 06:00:01;2002-01-09 06:00:00;2002-01-08;0.0;G
2002-01-09 06:00:01;2002-01-10 06:00:00;2002-01-09;0.1;G
2002-01-10 06:00:01;2002-01-11 06:00:00;2002-01-10;0.0;G
2002-01-11 06:00:01;2002-01-12 06:00:00;2002-01-11;0.0;G
2002-01-12 06:00:01;2002-01-13 06:00:00;2002-01-12;0.0;G
2002-01-13 06:00:01;2002-01-14 06:00:00;2002-01-13;0.0;G
2002-01-14 06:00:01;2002-01-15 06:00:00;2002-01-14;0.0;G
2002-01-15 06:00:01;2002-01-16 06:00:00;2002-01-15;0.0;G
2002-01-16 06:00:01;2002-01-17 06:00:00;2002-01-16;0.0;G
2002-01-17 06:00:01;2002-01-18 06:00:00;2002-01-17;3.0;G
2002-01-18 06:00:01;2002-01-19 06:00:00;2002-01-18;2.0;G
2002-01-19 06:00:01;2002-01-20 06:00:00;2002-01-19;0.5;G
2002-01-20 06:00:01;2002-01-21 06:00:00;2002-01-20;0.6;G
2002-01-21 06:00:01;2002-01-22 06:00:00;2002-01-21;0.2;G
2002-01-22 06:00:01;2002-01-23 06:00:00;2002-01-22;9.0;G
2002-01-23 06:00:01;2002-01-24 06:00:00;2002-01-23;4.0;G
2002-01-24 06:00:01;2002-01-25 06:00:00;2002-01-24;14.0;G
2002-01-25 06:00:01;2002-01-26 06:00:00;2002-01-25;0.1;G
2002-01-26 06:00:01;2002-01-27 06:00:00;2002-01-26;0.1;G
2002-01-27 06:00:01;2002-01-28 06:00:00;2002-01-27;0.0;G
2002-01-28 06:00:01;2002-01-29 06:00:00;2002-01-28;6.0;G
2002-01-29 06:00:01;2002-01-30 06:00:00;2002-01-29;1.0;G
2002-01-30 06:00:01;2002-01-31 06:00:00;2002-01-30;2.0;G
2002-01-31 06:00:01;2002-02-01 06:00:00;2002-01-31;3.7;G
2002-02-01 06:00:01;2002-02-02 06:00:00;2002-02-01;2.8;G
2002-02-02 06:00:01;2002-02-03 06:00:00;2002-02-02;0.0;G
2002-02-03 06:00:01;2002-02-04 06:00:00;2002-02-03;0.0;G
2002-02-04 06:00:01;2002-02-05 06:00:00;2002-02-04;2.8;G
2002-02-05 06:00:01;2002-02-06 06:00:00;2002-02-05;1.4;G
2002-02-06 06:00:01;2002-02-07 06:00:00;2002-02-06;7.0;G
2002-02-07 06:00:01;2002-02-08 06:00:00;2002-02-07;0.6;G
2002-02-08 06:00:01;2002-02-09 06:00:00;2002-02-08;0.2;G
2002-02-09 06:00:01;2002-02-10 06:00:00;2002-02-09;9.0;G
2002-02-10 06:00:01;2002-02-11 06:00:00;2002-02-10;0.3;G
2002-02-11 06:00:01;2002-02-12 06:00:00;2002-02-11;7.0;G
2002-02-12 06:00:01;2002-02-13 06:00:00;2002-02-12;0.3;G
2002-02-13 06:00:01;2002-02-14 06:00:00;2002-02-13;0.0;G
2002-02-14 06:00:01;2002-02-15 06:00:00;2002-02-14;0.0;G
2002-02-15 06:00:01;2002-02-16 06:00:00;2002-02-15;0.0;G
2002-02-16 06:00:01;2002-02-17 06:00:00;2002-02-16;0.0;G
2002-02-17 06:00:01;2002-02-18 06:00:00;2002-02-17;3.0;G
2002-02-18 06:00:01;2002-02-19 06:00:00;2002-02-18;1.0;G
2002-02-19 06:00:01;2002-02-20 06:00:00;2002-02-19;0.0;G
2002-02-20 06:00:01;2002-02-21 06:00:00;2002-02-20;0.0;G
2002-02-21 06:00:01;2002-02-22 06:00:00;2002-02-21;0.0;G
2002-02-22 06:00:01;2002-02-23 06:00:00;2002-02-22;10.0;G
2002-02-23 06:00:01;2002-02-24 06:00:00;2002-02-23;4.0;G
2002-02-24 06:00:01;2002-02-25 06:00:00;2002-02-24;0.0;G
2002-02-25 06:00:01;2002-02-26 06:00:00;2002-02-25;0.0;G
2002-02-26 06:00:01;2002-02-27 06:00:00;2002-02-26;4.5;G
2002-02-27 06:00:01;2002-02-28 06:00:00;2002-02-27;6.0;G
2002-02-28 06:00:01;2002-03-01 06:00:00;2002-02-28;0.0;G
2002-04-01 06:00:01;2002-04-02 06:00:00;2002-04-01;0.0;G
2002-04-02 06:00:01;2002-04-03 06:00:00;2002-04-02;0.0;G
2002-04-03 06:00:01;2002-04-04 06:00:00;2002-04-03;0.0;G
2002-04-04 06:00:01;2002-04-05 06:00:00;2002-04-04;0.0;G
2002-04-05 06:00:01;2002-04-06 06:00:00;2002-04-05;0.0;G
2002-04-06 06:00:01;2002-04-07 06:00:00;2002-04-06;0.7;G
2002-04-07 06:00:01;2002-04-08 06:00:00;2002-04-07;0.0;G
2002-04-08 06:00:01;2002-04-09 06:00:00;2002-04-08;0.0;G
2002-04-09 06:00:01;2002-04-10 06:00:00;2002-04-09;0.0;G
2002-04-10 06:00:01;2002-04-11 06:00:00;2002-04-10;0.0;G
2002-04-11 06:00:01;2002-04-12 06:00:00;2002-04-11;0.0;G
2002-04-12 06:00:01;2002-04-13 06:00:00;2002-04-12;0.0;G
2002-04-13 06:00:01;2002-04-14 06:00:00;2002-04-13;0.0;G
2002-04-14 06:00:01;2002-04-15 06:00:00;2002-04-14;0.0;G
2002-04-15 06:00:01;2002-04-16 06:00:00;2002-04-15;0.0;G
2002-04-16 06:00:01;2002-04-17 06:00:00;2002-04-16;0.0;G
2002-04-17 06:00:01;2002-04-18 06:00:00;2002-04-17;0.0;G
2002-04-18 06:00:01;2002-04-19 06:00:00;2002-04-18;0.0;G
2002-04-19 06:00:01;2002-04-20 06:00:00;2002-04-19;0.0;G
2002-04-20 06:00:01;2002-04-21 06:00:00;2002-04-20;0.0;G
2002-04-21 06:00:01;2002-04-22 06:00:00;2002-04-21;0.0;G
2002-04-22 06:00:01;2002-04-23 06:00:00;2002-04-22;0.6;G
2002-04-23 06:00:01;2002-04-24 06:00:00;2002-04-23;0.0;G
2002-04-24 06:00:01;2002-04-25 06:00:00;2002-04-24;0.0;G
2002-04-25 06:00:01;2002-04-26 06:00:00;2002-04-25;0.0;G
2002-04-26 06:00:01;2002-04-27 06:00:00;2002-04-26;0.5;G
2002-04-27 06:00:01;2002-04-28 06:00:00;2002-04-27;4.3;G
2002-04-28 06:00:01;2002-04-29 06:00:00;2002-04-28;0.5;G
2002-04-29 06:00:01;2002-04-30 06:00:00;2002-04-29;1.2;G
2002-04-30 06:00:01;2002-05-01 06:00:00;2002-04-30;0.0;G
2002-05-01 06:00:01;2002-05-02 06:00:00;2002-05-01;5.0;G
2002-05-02 06:00:01;2002-05-03 06:00:00;2002-05-02;2.0;G
2002-05-03 06:00:01;2002-05-04 06:00:00;2002-05-03;7.0;G
2002-05-04 06:00:01;2002-05-05 06:00:00;2002-05-04;18.0;G
2002-05-05 06:00:01;2002-05-06 06:00:00;2002-05-05;0.2;G
2002-05-06 06:00:01;2002-05-07 06:00:00;2002-05-06;0.0;G
2002-05-07 06:00:01;2002-05-08 06:00:00;2002-05-07;0.0;G
2002-05-08 06:00:01;2002-05-09 06:00:00;2002-05-08;0.0;G
2002-05-09 06:00:01;2002-05-10 06:00:00;2002-05-09;0.0;G
2002-05-10 06:00:01;2002-05-11 06:00:00;2002-05-10;0.0;G
2002-05-11 06:00:01;2002-05-12 06:00:00;2002-05-11;0.0;G
2002-05-12 06:00:01;2002-05-13 06:00:00;2002-05-12;0.0;G
2002-05-13 06:00:01;2002-05-14 06:00:00;2002-05-13;0.0;G
2002-05-14 06:00:01;2002-05-15 06:00:00;2002-05-14;0.0;G
2002-05-15 06:00:01;2002-05-16 06:00:00;2002-05-15;0.0;G
2002-05-16 06:00:01;2002-05-17 06:00:00;2002-05-16;7.3;G
2002-05-17 06:00:01;2002-05-18 06:00:00;2002-05-17;3.2;G
2002-05-18 06:00:01;2002-05-19 06:00:00;2002-05-18;0.0;G
2002-05-19 06:00:01;2002-05-20 06:00:00;2002-05-19;0.0;G
2002-05-20 06:00:01;2002-05-21 06:00:00;2002-05-20;0.0;G
2002-05-21 06:00:01;2002-05-22 06:00:00;2002-05-21;0.0;G
2002-05-22 06:00:01;2002-05-23 06:00:00;2002-05-22;0.0;G
2002-05-23 06:00:01;2002-05-24 06:00:00;2002-05-23;0.0;G
2002-05-24 06:00:01;2002-05-25 06:00:00;2002-05-24;0.0;G
2002-05-25 06:00:01;2002-05-26 06:00:00;2002-05-25;0.5;G
2002-05-26 06:00:01;2002-05-27 06:00:00;2002-05-26;0.3;G
2002-05-27 06:00:01;2002-05-28 06:00:00;2002-05-27;0.1;G
2002-05-28 06:00:01;2002-05-29 06:00:00;2002-05-28;0.0;G
2002-05-29 06:00:01;2002-05-30 06:00:00;2002-05-29;0.0;G
2002-05-30 06:00:01;2002-05-31 06:00:00;2002-05-30;0.0;G
2002-05-31 06:00:01;2002-06-01 06:00:00;2002-05-31;0.0;G
2002-06-01 06:00:01;2002-06-02 06:00:00;2002-06-01;0.0;G
2002-06-02 06:00:01;2002-06-03 06:00:00;2002-06-02;0.0;G
2002-06-03 06:00:01;2002-06-04 06:00:00;2002-06-03;0.0;G
2002-06-04 06:00:01;2002-06-05 06:00:00;2002-06-04;0.0;G
2002-06-05 06:00:01;2002-06-06 06:00:00;2002-06-05;0.0;G
2002-06-06 06:00:01;2002-06-07 06:00:00;2002-06-06;0.0;G
2002-06-07 06:00:01;2002-06-08 06:00:00;2002-06-07;0.0;G
2002-06-08 06:00:01;2002-06-09 06:00:00;2002-06-08;0.0;G
2002-06-09 06:00:01;2002-06-10 06:00:00;2002-06-09;0.0;G
2002-06-10 06:00:01;2002-06-11 06:00:00;2002-06-10;0.0;G
2002-06-11 06:00:01;2002-06-12 06:00:00;2002-06-11;13.0;G
2002-06-12 06:00:01;2002-06-13 06:00:00;2002-06-12;0.4;G
2002-06-13 06:00:01;2002-06-14 06:00:00;2002-06-13;1.5;G
2002-06-14 06:00:01;2002-06-15 06:00:00;2002-06-14;6.0;G
2002-06-15 06:00:01;2002-06-16 06:00:00;2002-06-15;4.0;G
2002-06-16 06:00:01;2002-06-17 06:00:00;2002-06-16;0.6;G
2002-06-17 06:00:01;2002-06-18 06:00:00;2002-06-17;0.0;G
2002-06-18 06:00:01;2002-06-19 06:00:00;2002-06-18;0.7;G
2002-06-19 06:00:01;2002-06-20 06:00:00;2002-06-19;0.0;G
2002-06-20 06:00:01;2002-06-21 06:00:00;2002-06-20;18.0;G
2002-06-21 06:00:01;2002-06-22 06:00:00;2002-06-21;4.0;G
2002-06-22 06:00:01;2002-06-23 06:00:00;2002-06-22;2.0;G
2002-06-23 06:00:01;2002-06-24 06:00:00;2002-06-23;28.0;G
2002-06-24 06:00:01;2002-06-25 06:00:00;2002-06-24;3.0;G
2002-06-25 06:00:01;2002-06-26 06:00:00;2002-06-25;1.0;G
2002-06-26 06:00:01;2002-06-27 06:00:00;2002-06-26;0.0;G
2002-06-27 06:00:01;2002-06-28 06:00:00;2002-06-27;11.0;G
2002-06-28 06:00:01;2002-06-29 06:00:00;2002-06-28;4.0;G
2002-06-29 06:00:01;2002-06-30 06:00:00;2002-06-29;15.5;G
2002-06-30 06:00:01;2002-07-01 06:00:00;2002-06-30;0.1;G
2002-07-01 06:00:01;2002-07-02 06:00:00;2002-07-01;0.0;G
2002-07-02 06:00:01;2002-07-03 06:00:00;2002-07-02;10.0;G
2002-07-03 06:00:01;2002-07-04 06:00:00;2002-07-03;2.0;G
2002-07-04 06:00:01;2002-07-05 06:00:00;2002-07-04;9.0;G
2002-07-05 06:00:01;2002-07-06 06:00:00;2002-07-05;1.0;G
2002-07-06 06:00:01;2002-07-07 06:00:00;2002-07-06;0.0;G
2002-07-07 06:00:01;2002-07-08 06:00:00;2002-07-07;0.0;G
2002-07-08 06:00:01;2002-07-09 06:00:00;2002-07-08;0.0;G
2002-07-09 06:00:01;2002-07-10 06:00:00;2002-07-09;0.0;G
2002-07-10 06:00:01;2002-07-11 06:00:00;2002-07-10;0.0;G
2002-07-11 06:00:01;2002-07-12 06:00:00;2002-07-11;2.0;G
2002-07-12 06:00:01;2002-07-13 06:00:00;2002-07-12;0.0;G
2002-07-13 06:00:01;2002-07-14 06:00:00;2002-07-13;0.0;G
2002-07-14 06:00:01;2002-07-15 06:00:00;2002-07-14;0.0;G
2002-07-15 06:00:01;2002-07-16 06:00:00;2002-07-15;0.0;G
2002-07-16 06:00:01;2002-07-17 06:00:00;2002-07-16;0.0;G
2002-07-17 06:00:01;2002-07-18 06:00:00;2002-07-17;0.0;G
2002-07-18 06:00:01;2002-07-19 06:00:00;2002-07-18;1.0;G
2002-07-19 06:00:01;2002-07-20 06:00:00;2002-07-19;39.0;G
2002-07-20 06:00:01;2002-07-21 06:00:00;2002-07-20;6.1;G
2002-07-21 06:00:01;2002-07-22 06:00:00;2002-07-21;15.0;G
2002-07-22 06:00:01;2002-07-23 06:00:00;2002-07-22;6.0;G
2002-07-23 06:00:01;2002-07-24 06:00:00;2002-07-23;2.0;G
2002-07-24 06:00:01;2002-07-25 06:00:00;2002-07-24;2.3;G
2002-07-25 06:00:01;2002-07-26 06:00:00;2002-07-25;1.6;G
2002-07-26 06:00:01;2002-07-27 06:00:00;2002-07-26;0.0;G
2002-07-27 06:00:01;2002-07-28 06:00:00;2002-07-27;0.0;G
2002-07-28 06:00:01;2002-07-29 06:00:00;2002-07-28;0.0;G
2002-07-29 06:00:01;2002-07-30 06:00:00;2002-07-29;0.0;G
2002-07-30 06:00:01;2002-07-31 06:00:00;2002-07-30;0.0;G
2002-07-31 06:00:01;2002-08-01 06:00:00;2002-07-31;1.3;G
2002-08-01 06:00:01;2002-08-02 06:00:00;2002-08-01;0.5;G
2002-08-02 06:00:01;2002-08-03 06:00:00;2002-08-02;0.0;G
2002-08-03 06:00:01;2002-08-04 06:00:00;2002-08-03;0.0;G
2002-08-04 06:00:01;2002-08-05 06:00:00;2002-08-04;0.0;G
2002-08-05 06:00:01;2002-08-06 06:00:00;2002-08-05;0.0;G
2002-08-06 06:00:01;2002-08-07 06:00:00;2002-08-06;0.0;G
2002-08-07 06:00:01;2002-08-08 06:00:00;2002-08-07;0.0;G
2002-08-08 06:00:01;2002-08-09 06:00:00;2002-08-08;0.0;G
2002-08-09 06:00:01;2002-08-10 06:00:00;2002-08-09;0.0;G
2002-08-10 06:00:01;2002-08-11 06:00:00;2002-08-10;0.0;G
2002-08-11 06:00:01;2002-08-12 06:00:00;2002-08-11;0.0;G
2002-08-12 06:00:01;2002-08-13 06:00:00;2002-08-12;0.0;G
2002-08-13 06:00:01;2002-08-14 06:00:00;2002-08-13;0.0;G
2002-08-14 06:00:01;2002-08-15 06:00:00;2002-08-14;0.0;G
2002-08-15 06:00:01;2002-08-16 06:00:00;2002-08-15;0.0;G
2002-08-16 06:00:01;2002-08-17 06:00:00;2002-08-16;0.0;G
2002-08-17 06:00:01;2002-08-18 06:00:00;2002-08-17;0.0;G
2002-08-18 06:00:01;2002-08-19 06:00:00;2002-08-18;0.0;G
2002-08-19 06:00:01;2002-08-20 06:00:00;2002-08-19;0.0;G
2002-08-20 06:00:01;2002-08-21 06:00:00;2002-08-20;0.0;G
2002-08-21 06:00:01;2002-08-22 06:00:00;2002-08-21;0.0;G
2002-08-22 06:00:01;2002-08-23 06:00:00;2002-08-22;0.0;G
2002-08-23 06:00:01;2002-08-24 06:00:00;2002-08-23;0.0;G
2002-08-24 06:00:01;2002-08-25 06:00:00;2002-08-24;0.0;G
2002-08-25 06:00:01;2002-08-26 06:00:00;2002-08-25;0.0;G
2002-08-26 06:00:01;2002-08-27 06:00:00;2002-08-26;0.0;G
2002-08-27 06:00:01;2002-08-28 06:00:00;2002-08-27;0.2;G
2002-08-28 06:00:01;2002-08-29 06:00:00;2002-08-28;0.0;G
2002-08-29 06:00:01;2002-08-30 06:00:00;2002-08-29;0.0;G
2002-08-30 06:00:01;2002-08-31 06:00:00;2002-08-30;0.0;G
2002-08-31 06:00:01;2002-09-01 06:00:00;2002-08-31;6.0;G
2002-09-01 06:00:01;2002-09-02 06:00:00;2002-09-01;0.0;G
2002-09-02 06:00:01;2002-09-03 06:00:00;2002-09-02;0.0;G
2002-09-03 06:00:01;2002-09-04 06:00:00;2002-09-03;0.0;G
2002-09-04 06:00:01;2002-09-05 06:00:00;2002-09-04;0.0;G
2002-09-05 06:00:01;2002-09-06 06:00:00;2002-09-05;14.0;G
2002-09-06 06:00:01;2002-09-07 06:00:00;2002-09-06;0.0;G
2002-09-07 06:00:01;2002-09-08 06:00:00;2002-09-07;0.0;G
2002-09-08 06:00:01;2002-09-09 06:00:00;2002-09-08;0.0;G
2002-09-09 06:00:01;2002-09-10 06:00:00;2002-09-09;0.0;G
2002-09-10 06:00:01;2002-09-11 06:00:00;2002-09-10;0.0;G
2002-09-11 06:00:01;2002-09-12 06:00:00;2002-09-11;0.0;G
2002-09-12 06:00:01;2002-09-13 06:00:00;2002-09-12;0.0;G
2002-09-13 06:00:01;2002-09-14 06:00:00;2002-09-13;0.0;G
2002-09-14 06:00:01;2002-09-15 06:00:00;2002-09-14;0.3;G
2002-09-15 06:00:01;2002-09-16 06:00:00;2002-09-15;0.0;G
2002-09-16 06:00:01;2002-09-17 06:00:00;2002-09-16;0.6;G
2002-09-17 06:00:01;2002-09-18 06:00:00;2002-09-17;0.3;G
2002-09-18 06:00:01;2002-09-19 06:00:00;2002-09-18;2.3;G
2002-09-19 06:00:01;2002-09-20 06:00:00;2002-09-19;9.0;G
2002-09-20 06:00:01;2002-09-21 06:00:00;2002-09-20;17.0;G
2002-09-21 06:00:01;2002-09-22 06:00:00;2002-09-21;0.0;G
2002-09-22 06:00:01;2002-09-23 06:00:00;2002-09-22;0.0;G
2002-09-23 06:00:01;2002-09-24 06:00:00;2002-09-23;0.0;G
2002-09-24 06:00:01;2002-09-25 06:00:00;2002-09-24;0.0;G
2002-09-25 06:00:01;2002-09-26 06:00:00;2002-09-25;0.0;G
2002-09-26 06:00:01;2002-09-27 06:00:00;2002-09-26;2.1;G
2002-09-27 06:00:01;2002-09-28 06:00:00;2002-09-27;0.0;G
2002-09-28 06:00:01;2002-09-29 06:00:00;2002-09-28;0.0;G
2002-09-29 06:00:01;2002-09-30 06:00:00;2002-09-29;0.0;G
2002-09-30 06:00:01;2002-10-01 06:00:00;2002-09-30;2.0;G
2002-10-01 06:00:01;2002-10-02 06:00:00;2002-10-01;0.0;G
2002-10-02 06:00:01;2002-10-03 06:00:00;2002-10-02;0.0;G
2002-10-03 06:00:01;2002-10-04 06:00:00;2002-10-03;0.0;G
2002-10-04 06:00:01;2002-10-05 06:00:00;2002-10-04;2.0;G
2002-10-05 06:00:01;2002-10-06 06:00:00;2002-10-05;0.0;G
2002-10-06 06:00:01;2002-10-07 06:00:00;2002-10-06;3.2;G
2002-10-07 06:00:01;2002-10-08 06:00:00;2002-10-07;0.0;G
2002-10-08 06:00:01;2002-10-09 06:00:00;2002-10-08;0.0;G
2002-10-09 06:00:01;2002-10-10 06:00:00;2002-10-09;0.0;G
2002-10-10 06:00:01;2002-10-11 06:00:00;2002-10-10;0.0;G
2002-10-11 06:00:01;2002-10-12 06:00:00;2002-10-11;0.0;G
2002-10-12 06:00:01;2002-10-13 06:00:00;2002-10-12;0.0;G
2002-10-13 06:00:01;2002-10-14 06:00:00;2002-10-13;2.1;G
2002-10-14 06:00:01;2002-10-15 06:00:00;2002-10-14;2.3;G
2002-10-15 06:00:01;2002-10-16 06:00:00;2002-10-15;2.2;G
2002-10-16 06:00:01;2002-10-17 06:00:00;2002-10-16;0.4;G
2002-10-17 06:00:01;2002-10-18 06:00:00;2002-10-17;0.2;G
2002-10-18 06:00:01;2002-10-19 06:00:00;2002-10-18;0.0;G
2002-10-19 06:00:01;2002-10-20 06:00:00;2002-10-19;0.0;G
2002-10-20 06:00:01;2002-10-21 06:00:00;2002-10-20;0.0;G
2002-10-21 06:00:01;2002-10-22 06:00:00;2002-10-21;0.0;G
2002-10-22 06:00:01;2002-10-23 06:00:00;2002-10-22;0.0;G
2002-10-23 06:00:01;2002-10-24 06:00:00;2002-10-23;15.0;G
2002-10-24 06:00:01;2002-10-25 06:00:00;2002-10-24;0.0;G
2002-10-25 06:00:01;2002-10-26 06:00:00;2002-10-25;2.3;G
2002-10-26 06:00:01;2002-10-27 06:00:00;2002-10-26;12.0;G
2002-10-27 06:00:01;2002-10-28 06:00:00;2002-10-27;0.0;G
2002-10-28 06:00:01;2002-10-29 06:00:00;2002-10-28;0.0;G
2002-10-29 06:00:01;2002-10-30 06:00:00;2002-10-29;0.0;G
2002-10-30 06:00:01;2002-10-31 06:00:00;2002-10-30;0.0;G
2002-10-31 06:00:01;2002-11-01 06:00:00;2002-10-31;4.0;G
2002-11-01 06:00:01;2002-11-02 06:00:00;2002-11-01;2.1;G
2002-11-02 06:00:01;2002-11-03 06:00:00;2002-11-02;0.1;G
2002-11-03 06:00:01;2002-11-04 06:00:00;2002-11-03;0.0;G
2002-11-04 06:00:01;2002-11-05 06:00:00;2002-11-04;0.0;G
2002-11-05 06:00:01;2002-11-06 06:00:00;2002-11-05;0.0;G
2002-11-06 06:00:01;2002-11-07 06:00:00;2002-11-06;0.0;G
2002-11-07 06:00:01;2002-11-08 06:00:00;2002-11-07;0.0;G
2002-11-08 06:00:01;2002-11-09 06:00:00;2002-11-08;1.0;G
2002-11-09 06:00:01;2002-11-10 06:00:00;2002-11-09;1.1;G
2002-11-10 06:00:01;2002-11-11 06:00:00;2002-11-10;0.0;G
2002-11-11 06:00:01;2002-11-12 06:00:00;2002-11-11;0.0;G
2002-11-12 06:00:01;2002-11-13 06:00:00;2002-11-12;0.0;G
2002-11-13 06:00:01;2002-11-14 06:00:00;2002-11-13;9.0;G
2002-11-14 06:00:01;2002-11-15 06:00:00;2002-11-14;2.2;G
2002-11-15 06:00:01;2002-11-16 06:00:00;2002-11-15;8.0;G
2002-11-16 06:00:01;2002-11-17 06:00:00;2002-11-16;0.1;G
2002-11-17 06:00:01;2002-11-18 06:00:00;2002-11-17;0.5;G
2002-11-18 06:00:01;2002-11-19 06:00:00;2002-11-18;6.0;G
2002-11-19 06:00:01;2002-11-20 06:00:00;2002-11-19;7.2;G
2002-11-20 06:00:01;2002-11-21 06:00:00;2002-11-20;9.0;G
2002-11-21 06:00:01;2002-11-22 06:00:00;2002-11-21;0.3;G
2002-11-22 06:00:01;2002-11-23 06:00:00;2002-11-22;0.6;G
2002-11-23 06:00:01;2002-11-24 06:00:00;2002-11-23;0.4;G
2002-11-24 06:00:01;2002-11-25 06:00:00;2002-11-24;11.0;G
2002-11-25 06:00:01;2002-11-26 06:00:00;2002-11-25;0.5;G
2002-11-26 06:00:01;2002-11-27 06:00:00;2002-11-26;9.0;G
2002-11-27 06:00:01;2002-11-28 06:00:00;2002-11-27;0.0;G
2002-11-28 06:00:01;2002-11-29 06:00:00;2002-11-28;0.0;G
2002-11-29 06:00:01;2002-11-30 06:00:00;2002-11-29;0.0;G
2002-11-30 06:00:01;2002-12-01 06:00:00;2002-11-30;0.0;G
2002-12-01 06:00:01;2002-12-02 06:00:00;2002-12-01;2.0;G
2002-12-02 06:00:01;2002-12-03 06:00:00;2002-12-02;1.0;G
2002-12-03 06:00:01;2002-12-04 06:00:00;2002-12-03;0.2;G
2002-12-04 06:00:01;2002-12-05 06:00:00;2002-12-04;0.0;G
2002-12-05 06:00:01;2002-12-06 06:00:00;2002-12-05;0.0;G
2002-12-06 06:00:01;2002-12-07 06:00:00;2002-12-06;0.0;G
2002-12-07 06:00:01;2002-12-08 06:00:00;2002-12-07;0.0;G
2002-12-08 06:00:01;2002-12-09 06:00:00;2002-12-08;0.0;G
2002-12-09 06:00:01;2002-12-10 06:00:00;2002-12-09;0.1;G
2002-12-10 06:00:01;2002-12-11 06:00:00;2002-12-10;0.0;G
2002-12-11 06:00:01;2002-12-12 06:00:00;2002-12-11;0.0;G
2002-12-12 06:00:01;2002-12-13 06:00:00;2002-12-12;0.0;G
2002-12-13 06:00:01;2002-12-14 06:00:00;2002-12-13;0.1;G
2002-12-14 06:00:01;2002-12-15 06:00:00;2002-12-14;0.0;G
2002-12-15 06:00:01;2002-12-16 06:00:00;2002-12-15;0.0;G
2002-12-16 06:00:01;2002-12-17 06:00:00;2002-12-16;0.3;G
2002-12-17 06:00:01;2002-12-18 06:00:00;2002-12-17;0.7;G
2002-12-18 06:00:01;2002-12-19 06:00:00;2002-12-18;0.0;G
2002-12-19 06:00:01;2002-12-20 06:00:00;2002-12-19;0.0;G
2002-12-20 06:00:01;2002-12-21 06:00:00;2002-12-20;0.0;G
2002-12-21 06:00:01;2002-12-22 06:00:00;2002-12-21;0.0;G
2002-12-22 06:00:01;2002-12-23 06:00:00;2002-12-22;0.0;G
2002-12-23 06:00:01;2002-12-24 06:00:00;2002-12-23;0.0;G
2002-12-24 06:00:01;2002-12-25 06:00:00;2002-12-24;0.0;G
2002-12-25 06:00:01;2002-12-26 06:00:00;2002-12-25;0.0;G
2002-12-26 06:00:01;2002-12-27 06:00:00;2002-12-26;0.0;G
2002-12-27 06:00:01;2002-12-28 06:00:00;2002-12-27;0.0;G
2002-12-28 06:00:01;2002-12-29 06:00:00;2002-12-28;4.0;G
2002-12-29 06:00:01;2002-12-30 06:00:00;2002-12-29;1.4;G
2002-12-30 06:00:01;2002-12-31 06:00:00;2002-12-30;0.1;G
2002-12-31 06:00:01;2003-01-01 06:00:00;2002-12-31;0.0;G
2003-01-01 06:00:01;2003-01-02 06:00:00;2003-01-01;0.9;G
2003-01-02 06:00:01;2003-01-03 06:00:00;2003-01-02;0.1;G
2003-01-03 06:00:01;2003-01-04 06:00:00;2003-01-03;0.5;G
2003-01-04 06:00:01;2003-01-05 06:00:00;2003-01-04;0.5;G
2003-01-05 06:00:01;2003-01-06 06:00:00;2003-01-05;0.0;G
2003-01-06 06:00:01;2003-01-07 06:00:00;2003-01-06;0.0;G
2003-01-07 06:00:01;2003-01-08 06:00:00;2003-01-07;0.0;G
2003-01-08 06:00:01;2003-01-09 06:00:00;2003-01-08;0.0;G
2003-01-09 06:00:01;2003-01-10 06:00:00;2003-01-09;0.5;G
2003-01-10 06:00:01;2003-01-11 06:00:00;2003-01-10;0.0;G
2003-01-11 06:00:01;2003-01-12 06:00:00;2003-01-11;0.9;G
2003-01-12 06:00:01;2003-01-13 06:00:00;2003-01-12;0.0;G
2003-01-13 06:00:01;2003-01-14 06:00:00;2003-01-13;3.0;G
2003-01-14 06:00:01;2003-01-15 06:00:00;2003-01-14;0.3;G
2003-01-15 06:00:01;2003-01-16 06:00:00;2003-01-15;0.1;G
2003-01-16 06:00:01;2003-01-17 06:00:00;2003-01-16;0.6;G
2003-01-17 06:00:01;2003-01-18 06:00:00;2003-01-17;0.0;G
2003-01-18 06:00:01;2003-01-19 06:00:00;2003-01-18;0.0;G
2003-01-19 06:00:01;2003-01-20 06:00:00;2003-01-19;3.0;G
2003-01-20 06:00:01;2003-01-21 06:00:00;2003-01-20;1.0;G
2003-01-21 06:00:01;2003-01-22 06:00:00;2003-01-21;2.1;G
2003-01-22 06:00:01;2003-01-23 06:00:00;2003-01-22;1.4;G
2003-01-23 06:00:01;2003-01-24 06:00:00;2003-01-23;1.0;G
2003-01-24 06:00:01;2003-01-25 06:00:00;2003-01-24;0.0;G
2003-01-25 06:00:01;2003-01-26 06:00:00;2003-01-25;3.0;G
2003-01-26 06:00:01;2003-01-27 06:00:00;2003-01-26;0.8;G
2003-01-27 06:00:01;2003-01-28 06:00:00;2003-01-27;0.0;G
2003-01-28 06:00:01;2003-01-29 06:00:00;2003-01-28;0.2;G
2003-01-29 06:00:01;2003-01-30 06:00:00;2003-01-29;0.0;G
2003-01-30 06:00:01;2003-01-31 06:00:00;2003-01-30;0.2;G
2003-01-31 06:00:01;2003-02-01 06:00:00;2003-01-31;0.0;G
2003-02-01 06:00:01;2003-02-02 06:00:00;2003-02-01;0.0;G
2003-02-02 06:00:01;2003-02-03 06:00:00;2003-02-02;8.6;G
2003-02-03 06:00:01;2003-02-04 06:00:00;2003-02-03;3.0;G
2003-02-04 06:00:01;2003-02-05 06:00:00;2003-02-04;6.0;G
2003-02-05 06:00:01;2003-02-06 06:00:00;2003-02-05;1.5;G
2003-02-06 06:00:01;2003-02-07 06:00:00;2003-02-06;0.0;G
2003-02-07 06:00:01;2003-02-08 06:00:00;2003-02-07;0.0;G
2003-02-08 06:00:01;2003-02-09 06:00:00;2003-02-08;0.0;G
2003-02-09 06:00:01;2003-02-10 06:00:00;2003-02-09;0.0;G
2003-02-10 06:00:01;2003-02-11 06:00:00;2003-02-10;0.0;G
2003-02-11 06:00:01;2003-02-12 06:00:00;2003-02-11;0.0;G
2003-02-12 06:00:01;2003-02-13 06:00:00;2003-02-12;0.0;G
2003-02-13 06:00:01;2003-02-14 06:00:00;2003-02-13;0.0;G
2003-02-14 06:00:01;2003-02-15 06:00:00;2003-02-14;0.0;G
2003-02-15 06:00:01;2003-02-16 06:00:00;2003-02-15;0.0;G
2003-02-16 06:00:01;2003-02-17 06:00:00;2003-02-16;0.0;G
2003-02-17 06:00:01;2003-02-18 06:00:00;2003-02-17;0.0;G
2003-02-18 06:00:01;2003-02-19 06:00:00;2003-02-18;0.0;G
2003-02-19 06:00:01;2003-02-20 06:00:00;2003-02-19;0.0;G
2003-02-20 06:00:01;2003-02-21 06:00:00;2003-02-20;0.0;G
2003-02-21 06:00:01;2003-02-22 06:00:00;2003-02-21;0.0;G
2003-02-22 06:00:01;2003-02-23 06:00:00;2003-02-22;0.0;G
2003-02-23 06:00:01;2003-02-24 06:00:00;2003-02-23;0.0;G
2003-02-24 06:00:01;2003-02-25 06:00:00;2003-02-24;0.0;G
2003-02-25 06:00:01;2003-02-26 06:00:00;2003-02-25;0.0;G
2003-02-26 06:00:01;2003-02-27 06:00:00;2003-02-26;0.0;G
2003-02-27 06:00:01;2003-02-28 06:00:00;2003-02-27;0.5;G
2003-02-28 06:00:01;2003-03-01 06:00:00;2003-02-28;0.0;G
2003-03-01 06:00:01;2003-03-02 06:00:00;2003-03-01;0.0;G
2003-03-02 06:00:01;2003-03-03 06:00:00;2003-03-02;0.0;G
2003-03-03 06:00:01;2003-03-04 06:00:00;2003-03-03;0.2;G
2003-03-04 06:00:01;2003-03-05 06:00:00;2003-03-04;0.1;G
2003-03-05 06:00:01;2003-03-06 06:00:00;2003-03-05;0.2;G
2003-03-06 06:00:01;2003-03-07 06:00:00;2003-03-06;0.0;G
2003-03-07 06:00:01;2003-03-08 06:00:00;2003-03-07;0.2;G
2003-03-08 06:00:01;2003-03-09 06:00:00;2003-03-08;0.5;G
2003-03-09 06:00:01;2003-03-10 06:00:00;2003-03-09;0.5;G
2003-03-10 06:00:01;2003-03-11 06:00:00;2003-03-10;0.0;G
2003-03-11 06:00:01;2003-03-12 06:00:00;2003-03-11;0.0;G
2003-03-12 06:00:01;2003-03-13 06:00:00;2003-03-12;0.0;G
2003-03-13 06:00:01;2003-03-14 06:00:00;2003-03-13;0.0;G
2003-03-14 06:00:01;2003-03-15 06:00:00;2003-03-14;0.0;G
2003-03-15 06:00:01;2003-03-16 06:00:00;2003-03-15;0.0;G
2003-03-16 06:00:01;2003-03-17 06:00:00;2003-03-16;0.0;G
2003-03-17 06:00:01;2003-03-18 06:00:00;2003-03-17;0.0;G
2003-03-18 06:00:01;2003-03-19 06:00:00;2003-03-18;0.0;G
2003-03-19 06:00:01;2003-03-20 06:00:00;2003-03-19;0.0;G
2003-03-20 06:00:01;2003-03-21 06:00:00;2003-03-20;0.0;G
2003-03-21 06:00:01;2003-03-22 06:00:00;2003-03-21;0.0;G
2003-03-22 06:00:01;2003-03-23 06:00:00;2003-03-22;0.0;G
2003-03-23 06:00:01;2003-03-24 06:00:00;2003-03-23;0.0;G
2003-03-24 06:00:01;2003-03-25 06:00:00;2003-03-24;0.0;G
2003-03-25 06:00:01;2003-03-26 06:00:00;2003-03-25;0.0;G
2003-03-26 06:00:01;2003-03-27 06:00:00;2003-03-26;0.0;G
2003-03-27 06:00:01;2003-03-28 06:00:00;2003-03-27;0.0;G
2003-03-28 06:00:01;2003-03-29 06:00:00;2003-03-28;0.0;G
2003-03-29 06:00:01;2003-03-30 06:00:00;2003-03-29;0.0;G
2003-03-30 06:00:01;2003-03-31 06:00:00;2003-03-30;6.0;G
2003-03-31 06:00:01;2003-04-01 06:00:00;2003-03-31;0.3;G
2003-04-01 06:00:01;2003-04-02 06:00:00;2003-04-01;0.0;G
2003-04-02 06:00:01;2003-04-03 06:00:00;2003-04-02;6.0;G
2003-04-03 06:00:01;2003-04-04 06:00:00;2003-04-03;1.0;G
2003-04-04 06:00:01;2003-04-05 06:00:00;2003-04-04;0.4;G
2003-04-05 06:00:01;2003-04-06 06:00:00;2003-04-05;0.3;G
2003-04-06 06:00:01;2003-04-07 06:00:00;2003-04-06;0.3;G
2003-04-07 06:00:01;2003-04-08 06:00:00;2003-04-07;0.0;G
2003-04-08 06:00:01;2003-04-09 06:00:00;2003-04-08;0.0;G
2003-04-09 06:00:01;2003-04-10 06:00:00;2003-04-09;0.0;G
2003-04-10 06:00:01;2003-04-11 06:00:00;2003-04-10;5.8;G
2003-04-11 06:00:01;2003-04-12 06:00:00;2003-04-11;5.0;G
2003-04-12 06:00:01;2003-04-13 06:00:00;2003-04-12;0.3;G
2003-04-13 06:00:01;2003-04-14 06:00:00;2003-04-13;0.0;G
2003-04-14 06:00:01;2003-04-15 06:00:00;2003-04-14;0.0;G
2003-04-15 06:00:01;2003-04-16 06:00:00;2003-04-15;0.0;G
2003-04-16 06:00:01;2003-04-17 06:00:00;2003-04-16;0.1;G
2003-04-17 06:00:01;2003-04-18 06:00:00;2003-04-17;0.0;G
2003-04-18 06:00:01;2003-04-19 06:00:00;2003-04-18;0.0;G
2003-04-19 06:00:01;2003-04-20 06:00:00;2003-04-19;0.0;G
2003-04-20 06:00:01;2003-04-21 06:00:00;2003-04-20;0.0;G
2003-04-21 06:00:01;2003-04-22 06:00:00;2003-04-21;0.0;G
2003-04-22 06:00:01;2003-04-23 06:00:00;2003-04-22;0.0;G
2003-04-23 06:00:01;2003-04-24 06:00:00;2003-04-23;0.0;G
2003-04-24 06:00:01;2003-04-25 06:00:00;2003-04-24;0.0;G
2003-04-25 06:00:01;2003-04-26 06:00:00;2003-04-25;0.0;G
2003-04-26 06:00:01;2003-04-27 06:00:00;2003-04-26;0.0;G
2003-04-27 06:00:01;2003-04-28 06:00:00;2003-04-27;7.0;G
2003-04-28 06:00:01;2003-04-29 06:00:00;2003-04-28;2.0;G
2003-04-29 06:00:01;2003-04-30 06:00:00;2003-04-29;11.9;G
2003-04-30 06:00:01;2003-05-01 06:00:00;2003-04-30;12.0;G
2003-05-01 06:00:01;2003-05-02 06:00:00;2003-05-01;19.0;G
2003-05-02 06:00:01;2003-05-03 06:00:00;2003-05-02;0.8;G
2003-05-03 06:00:01;2003-05-04 06:00:00;2003-05-03;12.0;G
2003-05-04 06:00:01;2003-05-05 06:00:00;2003-05-04;0.0;G
2003-05-05 06:00:01;2003-05-06 06:00:00;2003-05-05;0.0;G
2003-05-06 06:00:01;2003-05-07 06:00:00;2003-05-06;9.0;G
2003-05-07 06:00:01;2003-05-08 06:00:00;2003-05-07;0.9;G
2003-05-08 06:00:01;2003-05-09 06:00:00;2003-05-08;0.0;G
2003-05-09 06:00:01;2003-05-10 06:00:00;2003-05-09;0.0;G
2003-05-10 06:00:01;2003-05-11 06:00:00;2003-05-10;0.0;G
2003-05-11 06:00:01;2003-05-12 06:00:00;2003-05-11;0.0;G
2003-05-12 06:00:01;2003-05-13 06:00:00;2003-05-12;2.0;G
2003-05-13 06:00:01;2003-05-14 06:00:00;2003-05-13;2.5;G
2003-05-14 06:00:01;2003-05-15 06:00:00;2003-05-14;0.1;G
2003-05-15 06:00:01;2003-05-16 06:00:00;2003-05-15;0.0;G
2003-05-16 06:00:01;2003-05-17 06:00:00;2003-05-16;0.0;G
2003-05-17 06:00:01;2003-05-18 06:00:00;2003-05-17;0.0;G
2003-05-18 06:00:01;2003-05-19 06:00:00;2003-05-18;0.0;G
2003-05-19 06:00:01;2003-05-20 06:00:00;2003-05-19;0.0;G
2003-05-20 06:00:01;2003-05-21 06:00:00;2003-05-20;0.0;G
2003-05-21 06:00:01;2003-05-22 06:00:00;2003-05-21;1.0;G
2003-05-22 06:00:01;2003-05-23 06:00:00;2003-05-22;0.5;G
2003-05-23 06:00:01;2003-05-24 06:00:00;2003-05-23;3.0;G
2003-05-24 06:00:01;2003-05-25 06:00:00;2003-05-24;2.5;G
2003-05-25 06:00:01;2003-05-26 06:00:00;2003-05-25;10.0;G
2003-05-26 06:00:01;2003-05-27 06:00:00;2003-05-26;7.0;G
2003-05-27 06:00:01;2003-05-28 06:00:00;2003-05-27;0.0;G
2003-05-28 06:00:01;2003-05-29 06:00:00;2003-05-28;0.0;G
2003-05-29 06:00:01;2003-05-30 06:00:00;2003-05-29;0.1;G
2003-05-30 06:00:01;2003-05-31 06:00:00;2003-05-30;3.5;G
2003-05-31 06:00:01;2003-06-01 06:00:00;2003-05-31;0.0;G
2013-01-01 06:00:01;2013-01-02 06:00:00;2013-01-01;0.1;Y
2013-01-02 06:00:01;2013-01-03 06:00:00;2013-01-02;0.0;Y
2013-01-03 06:00:01;2013-01-04 06:00:00;2013-01-03;2.0;Y
2013-01-04 06:00:01;2013-01-05 06:00:00;2013-01-04;0.0;Y
2013-01-05 06:00:01;2013-01-06 06:00:00;2013-01-05;0.0;Y
2013-01-06 06:00:01;2013-01-07 06:00:00;2013-01-06;0.0;Y
2013-01-07 06:00:01;2013-01-08 06:00:00;2013-01-07;4.0;Y
2013-01-08 06:00:01;2013-01-09 06:00:00;2013-01-08;0.2;Y
2013-01-09 06:00:01;2013-01-10 06:00:00;2013-01-09;0.0;Y
2013-01-10 06:00:01;2013-01-11 06:00:00;2013-01-10;0.6;Y
2013-01-11 06:00:01;2013-01-12 06:00:00;2013-01-11;0.0;Y
2013-01-12 06:00:01;2013-01-13 06:00:00;2013-01-12;0.0;Y
2013-01-13 06:00:01;2013-01-14 06:00:00;2013-01-13;0.0;Y
2013-01-14 06:00:01;2013-01-15 06:00:00;2013-01-14;0.4;Y
2013-01-15 06:00:01;2013-01-16 06:00:00;2013-01-15;5.0;Y
2013-01-16 06:00:01;2013-01-17 06:00:00;2013-01-16;1.8;Y
2013-01-17 06:00:01;2013-01-18 06:00:00;2013-01-17;0.1;Y
2013-01-18 06:00:01;2013-01-19 06:00:00;2013-01-18;0.0;Y
2013-01-19 06:00:01;2013-01-20 06:00:00;2013-01-19;0.0;Y
2013-01-20 06:00:01;2013-01-21 06:00:00;2013-01-20;0.1;Y
2013-01-21 06:00:01;2013-01-22 06:00:00;2013-01-21;0.0;Y
2013-01-22 06:00:01;2013-01-23 06:00:00;2013-01-22;0.0;Y
2013-01-23 06:00:01;2013-01-24 06:00:00;2013-01-23;0.0;Y
2013-01-24 06:00:01;2013-01-25 06:00:00;2013-01-24;0.0;Y
2013-01-25 06:00:01;2013-01-26 06:00:00;2013-01-25;0.0;Y
2013-01-26 06:00:01;2013-01-27 06:00:00;2013-01-26;0.0;Y
2013-01-27 06:00:01;2013-01-28 06:00:00;2013-01-27;2.0;Y
2013-01-28 06:00:01;2013-01-29 06:00:00;2013-01-28;0.0;Y
2013-01-29 06:00:01;2013-01-30 06:00:00;2013-01-29;0.0;Y
2013-01-30 06:00:01;2013-01-31 06:00:00;2013-01-30;2.0;Y
2013-01-31 06:00:01;2013-02-01 06:00:00;2013-01-31;0.2;Y
2013-02-01 06:00:01;2013-02-02 06:00:00;2013-02-01;0.0;Y
2013-02-02 06:00:01;2013-02-03 06:00:00;2013-02-02;0.0;Y
2013-02-03 06:00:01;2013-02-04 06:00:00;2013-02-03;0.0;Y
2013-02-04 06:00:01;2013-02-05 06:00:00;2013-02-04;2.7;Y
2013-02-05 06:00:01;2013-02-06 06:00:00;2013-02-05;0.5;Y
2013-02-06 06:00:01;2013-02-07 06:00:00;2013-02-06;6.0;Y
2013-02-07 06:00:01;2013-02-08 06:00:00;2013-02-07;0.8;Y
2013-02-08 06:00:01;2013-02-09 06:00:00;2013-02-08;1.0;Y
2013-02-09 06:00:01;2013-02-10 06:00:00;2013-02-09;0.7;Y
2013-02-10 06:00:01;2013-02-11 06:00:00;2013-02-10;0.7;Y
2013-02-11 06:00:01;2013-02-12 06:00:00;2013-02-11;4.5;Y
2013-02-12 06:00:01;2013-02-13 06:00:00;2013-02-12;3.0;Y
2013-02-13 06:00:01;2013-02-14 06:00:00;2013-02-13;1.6;Y
2013-02-14 06:00:01;2013-02-15 06:00:00;2013-02-14;0.0;Y
2013-02-15 06:00:01;2013-02-16 06:00:00;2013-02-15;0.8;Y
2013-02-16 06:00:01;2013-02-17 06:00:00;2013-02-16;0.0;Y
2013-02-17 06:00:01;2013-02-18 06:00:00;2013-02-17;0.1;Y
2013-02-18 06:00:01;2013-02-19 06:00:00;2013-02-18;0.7;Y
2013-02-19 06:00:01;2013-02-20 06:00:00;2013-02-19;0.0;Y
2013-02-20 06:00:01;2013-02-21 06:00:00;2013-02-20;0.0;Y
2013-02-21 06:00:01;2013-02-22 06:00:00;2013-02-21;0.0;G
2013-02-22 06:00:01;2013-02-23 06:00:00;2013-02-22;0.1;Y
2013-02-23 06:00:01;2013-02-24 06:00:00;2013-02-23;0.0;Y
2013-02-24 06:00:01;2013-02-25 06:00:00;2013-02-24;0.0;Y
2013-02-25 06:00:01;2013-02-26 06:00:00;2013-02-25;0.0;Y
2013-02-26 06:00:01;2013-02-27 06:00:00;2013-02-26;0.0;Y
2013-02-27 06:00:01;2013-02-28 06:00:00;2013-02-27;0.0;Y
2013-02-28 06:00:01;2013-03-01 06:00:00;2013-02-28;0.0;Y
2013-03-01 06:00:01;2013-03-02 06:00:00;2013-03-01;0.1;Y
2013-03-02 06:00:01;2013-03-03 06:00:00;2013-03-02;0.2;Y
2013-03-03 06:00:01;2013-03-04 06:00:00;2013-03-03;0.0;Y
2013-03-04 06:00:01;2013-03-05 06:00:00;2013-03-04;0.0;Y
2013-03-05 06:00:01;2013-03-06 06:00:00;2013-03-05;0.0;Y
2013-03-06 06:00:01;2013-03-07 06:00:00;2013-03-06;0.0;Y
2013-03-07 06:00:01;2013-03-08 06:00:00;2013-03-07;0.0;Y
2013-03-08 06:00:01;2013-03-09 06:00:00;2013-03-08;0.0;Y
2013-03-09 06:00:01;2013-03-10 06:00:00;2013-03-09;0.0;Y
2013-03-10 06:00:01;2013-03-11 06:00:00;2013-03-10;0.0;Y
2013-03-11 06:00:01;2013-03-12 06:00:00;2013-03-11;0.0;Y
2013-03-12 06:00:01;2013-03-13 06:00:00;2013-03-12;0.0;Y
2013-03-13 06:00:01;2013-03-14 06:00:00;2013-03-13;0.0;Y
2013-03-14 06:00:01;2013-03-15 06:00:00;2013-03-14;0.0;Y
2013-03-15 06:00:01;2013-03-16 06:00:00;2013-03-15;0.0;Y
2013-03-16 06:00:01;2013-03-17 06:00:00;2013-03-16;0.0;Y
2013-03-17 06:00:01;2013-03-18 06:00:00;2013-03-17;0.0;Y
2013-03-18 06:00:01;2013-03-19 06:00:00;2013-03-18;0.0;Y
2013-03-19 06:00:01;2013-03-20 06:00:00;2013-03-19;0.0;Y
2013-03-20 06:00:01;2013-03-21 06:00:00;2013-03-20;0.0;Y
2013-03-21 06:00:01;2013-03-22 06:00:00;2013-03-21;0.1;Y
2013-03-22 06:00:01;2013-03-23 06:00:00;2013-03-22;0.1;Y
2013-03-23 06:00:01;2013-03-24 06:00:00;2013-03-23;0.0;Y
2013-03-24 06:00:01;2013-03-25 06:00:00;2013-03-24;0.0;Y
2013-03-25 06:00:01;2013-03-26 06:00:00;2013-03-25;0.0;Y
2013-03-26 06:00:01;2013-03-27 06:00:00;2013-03-26;0.0;Y
2013-03-27 06:00:01;2013-03-28 06:00:00;2013-03-27;0.0;Y
2013-03-28 06:00:01;2013-03-29 06:00:00;2013-03-28;0.0;Y
2013-03-29 06:00:01;2013-03-30 06:00:00;2013-03-29;0.0;Y
2013-03-30 06:00:01;2013-03-31 06:00:00;2013-03-30;0.0;Y
2013-03-31 06:00:01;2013-04-01 06:00:00;2013-03-31;0.0;Y
2013-04-01 06:00:01;2013-04-02 06:00:00;2013-04-01;0.0;Y
2013-04-02 06:00:01;2013-04-03 06:00:00;2013-04-02;0.0;Y
2013-04-03 06:00:01;2013-04-04 06:00:00;2013-04-03;0.0;Y
2013-04-04 06:00:01;2013-04-05 06:00:00;2013-04-04;0.0;Y
2013-04-05 06:00:01;2013-04-06 06:00:00;2013-04-05;0.0;Y
2013-04-06 06:00:01;2013-04-07 06:00:00;2013-04-06;0.0;Y
2013-04-07 06:00:01;2013-04-08 06:00:00;2013-04-07;0.2;Y
2013-04-08 06:00:01;2013-04-09 06:00:00;2013-04-08;0.0;Y
2013-04-09 06:00:01;2013-04-10 06:00:00;2013-04-09;0.0;Y
2013-04-10 06:00:01;2013-04-11 06:00:00;2013-04-10;0.0;Y
2013-04-11 06:00:01;2013-04-12 06:00:00;2013-04-11;0.0;Y
2013-04-12 06:00:01;2013-04-13 06:00:00;2013-04-12;9.0;Y
2013-04-13 06:00:01;2013-04-14 06:00:00;2013-04-13;7.6;Y
2013-04-14 06:00:01;2013-04-15 06:00:00;2013-04-14;0.2;Y
2013-04-15 06:00:01;2013-04-16 06:00:00;2013-04-15;1.0;Y
2013-04-16 06:00:01;2013-04-17 06:00:00;2013-04-16;3.0;Y
2013-04-17 06:00:01;2013-04-18 06:00:00;2013-04-17;0.9;Y
2013-04-18 06:00:01;2013-04-19 06:00:00;2013-04-18;15.0;Y
2013-04-19 06:00:01;2013-04-20 06:00:00;2013-04-19;4.0;Y
2013-04-20 06:00:01;2013-04-21 06:00:00;2013-04-20;0.0;Y
2013-04-21 06:00:01;2013-04-22 06:00:00;2013-04-21;0.0;Y
2013-04-22 06:00:01;2013-04-23 06:00:00;2013-04-22;2.7;Y
2013-04-23 06:00:01;2013-04-24 06:00:00;2013-04-23;4.0;Y
2013-04-24 06:00:01;2013-04-25 06:00:00;2013-04-24;0.0;Y
2013-04-25 06:00:01;2013-04-26 06:00:00;2013-04-25;0.0;Y
2013-04-26 06:00:01;2013-04-27 06:00:00;2013-04-26;0.0;Y
2013-04-27 06:00:01;2013-04-28 06:00:00;2013-04-27;0.0;Y
2013-04-28 06:00:01;2013-04-29 06:00:00;2013-04-28;0.0;Y
2013-04-29 06:00:01;2013-04-30 06:00:00;2013-04-29;0.3;Y
2013-04-30 06:00:01;2013-05-01 06:00:00;2013-04-30;0.4;Y
2013-05-01 06:00:01;2013-05-02 06:00:00;2013-05-01;0.0;Y
2013-05-02 06:00:01;2013-05-03 06:00:00;2013-05-02;0.0;Y
2013-05-03 06:00:01;2013-05-04 06:00:00;2013-05-03;0.0;Y
2013-05-04 06:00:01;2013-05-05 06:00:00;2013-05-04;0.0;Y
2013-05-05 06:00:01;2013-05-06 06:00:00;2013-05-05;0.0;Y
2013-05-06 06:00:01;2013-05-07 06:00:00;2013-05-06;0.0;Y
2013-05-07 06:00:01;2013-05-08 06:00:00;2013-05-07;0.0;Y
2013-05-08 06:00:01;2013-05-09 06:00:00;2013-05-08;2.0;Y
2013-05-09 06:00:01;2013-05-10 06:00:00;2013-05-09;0.3;Y
2013-05-10 06:00:01;2013-05-11 06:00:00;2013-05-10;1.0;Y
2013-05-11 06:00:01;2013-05-12 06:00:00;2013-05-11;0.0;Y
2013-05-12 06:00:01;2013-05-13 06:00:00;2013-05-12;3.0;Y
2013-05-13 06:00:01;2013-05-14 06:00:00;2013-05-13;0.0;Y
2013-05-14 06:00:01;2013-05-15 06:00:00;2013-05-14;2.0;Y
2013-05-15 06:00:01;2013-05-16 06:00:00;2013-05-15;0.0;Y
2013-05-16 06:00:01;2013-05-17 06:00:00;2013-05-16;0.0;Y
2013-05-17 06:00:01;2013-05-18 06:00:00;2013-05-17;0.0;Y
2013-05-18 06:00:01;2013-05-19 06:00:00;2013-05-18;0.0;Y
2013-05-19 06:00:01;2013-05-20 06:00:00;2013-05-19;3.1;Y
2013-05-20 06:00:01;2013-05-21 06:00:00;2013-05-20;0.0;Y
2013-05-21 06:00:01;2013-05-22 06:00:00;2013-05-21;0.6;Y
2013-05-22 06:00:01;2013-05-23 06:00:00;2013-05-22;0.5;Y
2013-05-23 06:00:01;2013-05-24 06:00:00;2013-05-23;0.0;Y
2013-05-24 06:00:01;2013-05-25 06:00:00;2013-05-24;0.0;Y
2013-05-25 06:00:01;2013-05-26 06:00:00;2013-05-25;0.0;Y
2013-05-26 06:00:01;2013-05-27 06:00:00;2013-05-26;1.8;Y
2013-05-27 06:00:01;2013-05-28 06:00:00;2013-05-27;0.0;Y
2013-05-28 06:00:01;2013-05-29 06:00:00;2013-05-28;0.0;Y
2013-05-29 06:00:01;2013-05-30 06:00:00;2013-05-29;0.0;Y
2013-05-30 06:00:01;2013-05-31 06:00:00;2013-05-30;0.0;Y
2013-05-31 06:00:01;2013-06-01 06:00:00;2013-05-31;0.0;Y
2013-06-01 06:00:01;2013-06-02 06:00:00;2013-06-01;5.0;Y
2013-06-02 06:00:01;2013-06-03 06:00:00;2013-06-02;0.1;Y
2013-06-03 06:00:01;2013-06-04 06:00:00;2013-06-03;0.0;Y
2013-06-04 06:00:01;2013-06-05 06:00:00;2013-06-04;0.0;Y
2013-06-05 06:00:01;2013-06-06 06:00:00;2013-06-05;0.0;Y
2013-06-06 06:00:01;2013-06-07 06:00:00;2013-06-06;0.0;Y
2013-06-07 06:00:01;2013-06-08 06:00:00;2013-06-07;0.0;Y
2013-06-08 06:00:01;2013-06-09 06:00:00;2013-06-08;0.1;Y
2013-06-09 06:00:01;2013-06-10 06:00:00;2013-06-09;13.8;Y
2013-06-10 06:00:01;2013-06-11 06:00:00;2013-06-10;3.0;Y
2013-06-11 06:00:01;2013-06-12 06:00:00;2013-06-11;0.0;Y
2013-06-12 06:00:01;2013-06-13 06:00:00;2013-06-12;0.0;Y
2013-06-13 06:00:01;2013-06-14 06:00:00;2013-06-13;15.0;Y
2013-06-14 06:00:01;2013-06-15 06:00:00;2013-06-14;1.8;Y
2013-06-15 06:00:01;2013-06-16 06:00:00;2013-06-15;5.0;Y
2013-06-16 06:00:01;2013-06-17 06:00:00;2013-06-16;0.1;Y
2013-06-17 06:00:01;2013-06-18 06:00:00;2013-06-17;6.0;Y
2013-06-18 06:00:01;2013-06-19 06:00:00;2013-06-18;2.0;Y
2013-06-19 06:00:01;2013-06-20 06:00:00;2013-06-19;2.0;Y
2013-06-20 06:00:01;2013-06-21 06:00:00;2013-06-20;0.0;Y
2013-06-21 06:00:01;2013-06-22 06:00:00;2013-06-21;0.0;Y
2013-06-22 06:00:01;2013-06-23 06:00:00;2013-06-22;0.0;Y
2013-06-23 06:00:01;2013-06-24 06:00:00;2013-06-23;0.0;Y
2013-06-24 06:00:01;2013-06-25 06:00:00;2013-06-24;0.0;Y
2013-06-25 06:00:01;2013-06-26 06:00:00;2013-06-25;4.0;Y
2013-06-26 06:00:01;2013-06-27 06:00:00;2013-06-26;5.2;Y
2013-06-27 06:00:01;2013-06-28 06:00:00;2013-06-27;0.0;Y
2013-06-28 06:00:01;2013-06-29 06:00:00;2013-06-28;0.0;Y
2013-06-29 06:00:01;2013-06-30 06:00:00;2013-06-29;0.0;Y
2013-06-30 06:00:01;2013-07-01 06:00:00;2013-06-30;0.0;Y
2013-07-01 06:00:01;2013-07-02 06:00:00;2013-07-01;0.0;Y
2013-07-02 06:00:01;2013-07-03 06:00:00;2013-07-02;0.0;Y
2013-07-03 06:00:01;2013-07-04 06:00:00;2013-07-03;0.0;Y
2013-07-04 06:00:01;2013-07-05 06:00:00;2013-07-04;0.2;Y
2013-07-05 06:00:01;2013-07-06 06:00:00;2013-07-05;0.0;Y
2013-07-06 06:00:01;2013-07-07 06:00:00;2013-07-06;0.0;Y
2013-07-07 06:00:01;2013-07-08 06:00:00;2013-07-07;0.0;Y
2013-07-08 06:00:01;2013-07-09 06:00:00;2013-07-08;0.0;Y
2013-07-09 06:00:01;2013-07-10 06:00:00;2013-07-09;2.0;Y
2013-07-10 06:00:01;2013-07-11 06:00:00;2013-07-10;0.1;Y
2013-07-11 06:00:01;2013-07-12 06:00:00;2013-07-11;0.0;Y
2013-07-12 06:00:01;2013-07-13 06:00:00;2013-07-12;0.0;Y
2013-07-13 06:00:01;2013-07-14 06:00:00;2013-07-13;0.0;Y
2013-07-14 06:00:01;2013-07-15 06:00:00;2013-07-14;0.5;Y
2013-07-15 06:00:01;2013-07-16 06:00:00;2013-07-15;0.0;Y
2013-07-16 06:00:01;2013-07-17 06:00:00;2013-07-16;0.0;Y
2013-07-17 06:00:01;2013-07-18 06:00:00;2013-07-17;0.0;Y
2013-07-18 06:00:01;2013-07-19 06:00:00;2013-07-18;0.2;Y
2013-07-19 06:00:01;2013-07-20 06:00:00;2013-07-19;0.0;Y
2013-07-20 06:00:01;2013-07-21 06:00:00;2013-07-20;0.0;Y
2013-07-21 06:00:01;2013-07-22 06:00:00;2013-07-21;0.0;Y
2013-07-22 06:00:01;2013-07-23 06:00:00;2013-07-22;0.0;Y
2013-07-23 06:00:01;2013-07-24 06:00:00;2013-07-23;0.0;Y
2013-07-24 06:00:01;2013-07-25 06:00:00;2013-07-24;0.0;Y
2013-07-25 06:00:01;2013-07-26 06:00:00;2013-07-25;0.0;Y
2013-07-26 06:00:01;2013-07-27 06:00:00;2013-07-26;0.0;Y
2013-07-27 06:00:01;2013-07-28 06:00:00;2013-07-27;0.6;Y
2013-07-28 06:00:01;2013-07-29 06:00:00;2013-07-28;0.5;Y
2013-07-29 06:00:01;2013-07-30 06:00:00;2013-07-29;0.0;Y
2013-07-30 06:00:01;2013-07-31 06:00:00;2013-07-30;11.0;Y
2013-07-31 06:00:01;2013-08-01 06:00:00;2013-07-31;1.0;Y
2013-08-01 06:00:01;2013-08-02 06:00:00;2013-08-01;4.1;Y
2013-08-02 06:00:01;2013-08-03 06:00:00;2013-08-02;0.0;Y
2013-08-03 06:00:01;2013-08-04 06:00:00;2013-08-03;2.0;Y
2013-08-04 06:00:01;2013-08-05 06:00:00;2013-08-04;0.1;Y
2013-08-05 06:00:01;2013-08-06 06:00:00;2013-08-05;0.0;Y
2013-08-06 06:00:01;2013-08-07 06:00:00;2013-08-06;0.0;Y
2013-08-07 06:00:01;2013-08-08 06:00:00;2013-08-07;0.0;Y
2013-08-08 06:00:01;2013-08-09 06:00:00;2013-08-08;13.0;Y
2013-08-09 06:00:01;2013-08-10 06:00:00;2013-08-09;0.6;Y
2013-08-10 06:00:01;2013-08-11 06:00:00;2013-08-10;0.0;Y
2013-08-11 06:00:01;2013-08-12 06:00:00;2013-08-11;1.0;Y
2013-08-12 06:00:01;2013-08-13 06:00:00;2013-08-12;1.0;Y
2013-08-13 06:00:01;2013-08-14 06:00:00;2013-08-13;0.4;Y
2013-08-14 06:00:01;2013-08-15 06:00:00;2013-08-14;2.0;Y
2013-08-15 06:00:01;2013-08-16 06:00:00;2013-08-15;0.0;Y
2013-08-16 06:00:01;2013-08-17 06:00:00;2013-08-16;2.0;Y
2013-08-17 06:00:01;2013-08-18 06:00:00;2013-08-17;0.1;Y
2013-08-18 06:00:01;2013-08-19 06:00:00;2013-08-18;6.1;Y
2013-08-19 06:00:01;2013-08-20 06:00:00;2013-08-19;0.0;Y
2013-08-20 06:00:01;2013-08-21 06:00:00;2013-08-20;0.0;Y
2013-08-21 06:00:01;2013-08-22 06:00:00;2013-08-21;0.4;Y
2013-08-22 06:00:01;2013-08-23 06:00:00;2013-08-22;0.0;Y
2013-08-23 06:00:01;2013-08-24 06:00:00;2013-08-23;0.0;Y
2013-08-24 06:00:01;2013-08-25 06:00:00;2013-08-24;0.0;Y
2013-08-25 06:00:01;2013-08-26 06:00:00;2013-08-25;0.0;Y
2013-08-26 06:00:01;2013-08-27 06:00:00;2013-08-26;0.0;Y
2013-08-27 06:00:01;2013-08-28 06:00:00;2013-08-27;0.0;Y
2013-08-28 06:00:01;2013-08-29 06:00:00;2013-08-28;0.0;Y
2013-08-29 06:00:01;2013-08-30 06:00:00;2013-08-29;2.1;Y
2013-08-30 06:00:01;2013-08-31 06:00:00;2013-08-30;0.5;Y
2013-08-31 06:00:01;2013-09-01 06:00:00;2013-08-31;2.0;Y
2013-09-01 06:00:01;2013-09-02 06:00:00;2013-09-01;1.0;Y
2013-09-02 06:00:01;2013-09-03 06:00:00;2013-09-02;0.0;Y
2013-09-03 06:00:01;2013-09-04 06:00:00;2013-09-03;0.0;Y
2013-09-04 06:00:01;2013-09-05 06:00:00;2013-09-04;0.0;Y
2013-09-05 06:00:01;2013-09-06 06:00:00;2013-09-05;0.0;Y
2013-09-06 06:00:01;2013-09-07 06:00:00;2013-09-06;0.0;Y
2013-09-07 06:00:01;2013-09-08 06:00:00;2013-09-07;0.1;Y
2013-09-08 06:00:01;2013-09-09 06:00:00;2013-09-08;0.0;Y
2013-09-09 06:00:01;2013-09-10 06:00:00;2013-09-09;0.0;Y
2013-09-10 06:00:01;2013-09-11 06:00:00;2013-09-10;0.0;Y
2013-09-11 06:00:01;2013-09-12 06:00:00;2013-09-11;0.1;Y
2013-09-12 06:00:01;2013-09-13 06:00:00;2013-09-12;0.0;Y
2013-09-13 06:00:01;2013-09-14 06:00:00;2013-09-13;0.1;Y
2013-09-14 06:00:01;2013-09-15 06:00:00;2013-09-14;0.1;Y
2013-09-15 06:00:01;2013-09-16 06:00:00;2013-09-15;1.0;Y
2013-09-16 06:00:01;2013-09-17 06:00:00;2013-09-16;16.0;Y
2013-09-17 06:00:01;2013-09-18 06:00:00;2013-09-17;8.0;Y
2013-09-18 06:00:01;2013-09-19 06:00:00;2013-09-18;0.0;Y
2013-09-19 06:00:01;2013-09-20 06:00:00;2013-09-19;5.0;Y
2013-09-20 06:00:01;2013-09-21 06:00:00;2013-09-20;0.0;Y
2013-09-21 06:00:01;2013-09-22 06:00:00;2013-09-21;0.0;Y
2013-09-22 06:00:01;2013-09-23 06:00:00;2013-09-22;0.9;Y
2013-09-23 06:00:01;2013-09-24 06:00:00;2013-09-23;2.0;Y
2013-09-24 06:00:01;2013-09-25 06:00:00;2013-09-24;4.1;Y
2013-09-25 06:00:01;2013-09-26 06:00:00;2013-09-25;0.0;Y
2013-09-26 06:00:01;2013-09-27 06:00:00;2013-09-26;0.0;Y
2013-09-27 06:00:01;2013-09-28 06:00:00;2013-09-27;3.0;Y
2013-09-28 06:00:01;2013-09-29 06:00:00;2013-09-28;0.3;Y
2013-09-29 06:00:01;2013-09-30 06:00:00;2013-09-29;0.7;Y
2013-09-30 06:00:01;2013-10-01 06:00:00;2013-09-30;3.0;Y
2013-10-01 06:00:01;2013-10-02 06:00:00;2013-10-01;0.0;Y
2013-10-02 06:00:01;2013-10-03 06:00:00;2013-10-02;0.0;Y
2013-10-03 06:00:01;2013-10-04 06:00:00;2013-10-03;0.0;Y
2013-10-04 06:00:01;2013-10-05 06:00:00;2013-10-04;0.0;Y
2013-10-05 06:00:01;2013-10-06 06:00:00;2013-10-05;5.0;Y
2013-10-06 06:00:01;2013-10-07 06:00:00;2013-10-06;0.0;Y
2013-10-07 06:00:01;2013-10-08 06:00:00;2013-10-07;0.0;Y
2013-10-08 06:00:01;2013-10-09 06:00:00;2013-10-08;2.0;Y
2013-10-09 06:00:01;2013-10-10 06:00:00;2013-10-09;2.2;Y
2013-10-10 06:00:01;2013-10-11 06:00:00;2013-10-10;2.0;Y
2013-10-11 06:00:01;2013-10-12 06:00:00;2013-10-11;0.0;Y
2013-10-12 06:00:01;2013-10-13 06:00:00;2013-10-12;0.0;Y
2013-10-13 06:00:01;2013-10-14 06:00:00;2013-10-13;0.0;Y
2013-10-14 06:00:01;2013-10-15 06:00:00;2013-10-14;0.0;Y
2013-10-15 06:00:01;2013-10-16 06:00:00;2013-10-15;0.0;Y
2013-10-16 06:00:01;2013-10-17 06:00:00;2013-10-16;0.2;Y
2013-10-17 06:00:01;2013-10-18 06:00:00;2013-10-17;13.0;Y
2013-10-18 06:00:01;2013-10-19 06:00:00;2013-10-18;0.0;Y
2013-10-19 06:00:01;2013-10-20 06:00:00;2013-10-19;0.0;Y
2013-10-20 06:00:01;2013-10-21 06:00:00;2013-10-20;0.0;Y
2013-10-21 06:00:01;2013-10-22 06:00:00;2013-10-21;0.0;Y
2013-10-22 06:00:01;2013-10-23 06:00:00;2013-10-22;1.1;Y
2013-10-23 06:00:01;2013-10-24 06:00:00;2013-10-23;4.0;Y
2013-10-24 06:00:01;2013-10-25 06:00:00;2013-10-24;0.0;Y
2013-10-25 06:00:01;2013-10-26 06:00:00;2013-10-25;2.0;Y
2013-10-26 06:00:01;2013-10-27 06:00:00;2013-10-26;0.8;Y
2013-10-27 06:00:01;2013-10-28 06:00:00;2013-10-27;2.6;Y
2013-10-28 06:00:01;2013-10-29 06:00:00;2013-10-28;11.0;Y
2013-10-29 06:00:01;2013-10-30 06:00:00;2013-10-29;3.0;Y
2013-10-30 06:00:01;2013-10-31 06:00:00;2013-10-30;0.2;Y
2013-10-31 06:00:01;2013-11-01 06:00:00;2013-10-31;0.9;Y
2013-11-01 06:00:01;2013-11-02 06:00:00;2013-11-01;1.0;Y
2013-11-02 06:00:01;2013-11-03 06:00:00;2013-11-02;0.0;Y
2013-11-03 06:00:01;2013-11-04 06:00:00;2013-11-03;5.0;Y
2013-11-04 06:00:01;2013-11-05 06:00:00;2013-11-04;8.0;Y
2013-11-05 06:00:01;2013-11-06 06:00:00;2013-11-05;5.0;Y
2013-11-06 06:00:01;2013-11-07 06:00:00;2013-11-06;0.3;Y
2013-11-07 06:00:01;2013-11-08 06:00:00;2013-11-07;2.5;Y
2013-11-08 06:00:01;2013-11-09 06:00:00;2013-11-08;0.3;Y
2013-11-09 06:00:01;2013-11-10 06:00:00;2013-11-09;11.0;Y
2013-11-10 06:00:01;2013-11-11 06:00:00;2013-11-10;0.2;Y
2013-11-11 06:00:01;2013-11-12 06:00:00;2013-11-11;0.0;Y
2013-11-12 06:00:01;2013-11-13 06:00:00;2013-11-12;0.6;Y
2013-11-13 06:00:01;2013-11-14 06:00:00;2013-11-13;0.0;Y
2013-11-14 06:00:01;2013-11-15 06:00:00;2013-11-14;1.0;Y
2013-11-15 06:00:01;2013-11-16 06:00:00;2013-11-15;2.7;Y
2013-11-16 06:00:01;2013-11-17 06:00:00;2013-11-16;0.0;Y
2013-11-17 06:00:01;2013-11-18 06:00:00;2013-11-17;0.0;Y
2013-11-18 06:00:01;2013-11-19 06:00:00;2013-11-18;0.8;Y
2013-11-19 06:00:01;2013-11-20 06:00:00;2013-11-19;0.0;Y
2013-11-20 06:00:01;2013-11-21 06:00:00;2013-11-20;2.0;Y
2013-11-21 06:00:01;2013-11-22 06:00:00;2013-11-21;0.4;Y
2013-11-22 06:00:01;2013-11-23 06:00:00;2013-11-22;0.0;Y
2013-11-23 06:00:01;2013-11-24 06:00:00;2013-11-23;0.0;Y
2013-11-24 06:00:01;2013-11-25 06:00:00;2013-11-24;0.0;Y
2013-11-25 06:00:01;2013-11-26 06:00:00;2013-11-25;0.0;Y
2013-11-26 06:00:01;2013-11-27 06:00:00;2013-11-26;3.0;Y
2013-11-27 06:00:01;2013-11-28 06:00:00;2013-11-27;0.0;Y
2013-11-28 06:00:01;2013-11-29 06:00:00;2013-11-28;0.0;Y
2013-11-29 06:00:01;2013-11-30 06:00:00;2013-11-29;0.0;Y
2013-11-30 06:00:01;2013-12-01 06:00:00;2013-11-30;0.0;Y
2013-12-01 06:00:01;2013-12-02 06:00:00;2013-12-01;0.0;Y
2013-12-02 06:00:01;2013-12-03 06:00:00;2013-12-02;0.0;Y
2013-12-03 06:00:01;2013-12-04 06:00:00;2013-12-03;2.0;Y
2013-12-04 06:00:01;2013-12-05 06:00:00;2013-12-04;0.0;Y
2013-12-05 06:00:01;2013-12-06 06:00:00;2013-12-05;6.0;Y
2013-12-06 06:00:01;2013-12-07 06:00:00;2013-12-06;5.3;Y
2013-12-07 06:00:01;2013-12-08 06:00:00;2013-12-07;0.0;Y
2013-12-08 06:00:01;2013-12-09 06:00:00;2013-12-08;0.0;Y
2013-12-09 06:00:01;2013-12-10 06:00:00;2013-12-09;1.2;Y
2013-12-10 06:00:01;2013-12-11 06:00:00;2013-12-10;0.1;Y
2013-12-11 06:00:01;2013-12-12 06:00:00;2013-12-11;0.0;Y
2013-12-12 06:00:01;2013-12-13 06:00:00;2013-12-12;0.0;Y
2013-12-13 06:00:01;2013-12-14 06:00:00;2013-12-13;0.0;Y
2013-12-14 06:00:01;2013-12-15 06:00:00;2013-12-14;3.4;Y
2013-12-15 06:00:01;2013-12-16 06:00:00;2013-12-15;1.0;Y
2013-12-16 06:00:01;2013-12-17 06:00:00;2013-12-16;0.0;Y
2013-12-17 06:00:01;2013-12-18 06:00:00;2013-12-17;0.0;Y
2013-12-18 06:00:01;2013-12-19 06:00:00;2013-12-18;0.0;Y
2013-12-19 06:00:01;2013-12-20 06:00:00;2013-12-19;4.1;Y
2013-12-20 06:00:01;2013-12-21 06:00:00;2013-12-20;0.0;Y
2013-12-21 06:00:01;2013-12-22 06:00:00;2013-12-21;2.2;Y
2013-12-22 06:00:01;2013-12-23 06:00:00;2013-12-22;2.3;Y
2013-12-23 06:00:01;2013-12-24 06:00:00;2013-12-23;3.2;Y
2013-12-24 06:00:01;2013-12-25 06:00:00;2013-12-24;3.8;Y
2013-12-25 06:00:01;2013-12-26 06:00:00;2013-12-25;4.0;Y
2013-12-26 06:00:01;2013-12-27 06:00:00;2013-12-26;1.0;Y
2013-12-27 06:00:01;2013-12-28 06:00:00;2013-12-27;8.0;Y
2013-12-28 06:00:01;2013-12-29 06:00:00;2013-12-28;0.0;Y
2013-12-29 06:00:01;2013-12-30 06:00:00;2013-12-29;0.0;Y
2013-12-30 06:00:01;2013-12-31 06:00:00;2013-12-30;0.0;Y
2013-12-31 06:00:01;2014-01-01 06:00:00;2013-12-31;0.3;Y
2014-01-01 06:00:01;2014-01-02 06:00:00;2014-01-01;0.1;Y
2014-01-02 06:00:01;2014-01-03 06:00:00;2014-01-02;0.9;Y
2014-01-03 06:00:01;2014-01-04 06:00:00;2014-01-03;1.6;Y
2014-01-04 06:00:01;2014-01-05 06:00:00;2014-01-04;4.0;Y
2014-01-05 06:00:01;2014-01-06 06:00:00;2014-01-05;0.9;Y
2014-01-06 06:00:01;2014-01-07 06:00:00;2014-01-06;1.6;Y
2014-01-07 06:00:01;2014-01-08 06:00:00;2014-01-07;0.5;Y
2014-01-08 06:00:01;2014-01-09 06:00:00;2014-01-08;0.3;Y
2014-01-09 06:00:01;2014-01-10 06:00:00;2014-01-09;11.7;Y
2014-01-10 06:00:01;2014-01-11 06:00:00;2014-01-10;3.4;Y
2014-01-11 06:00:01;2014-01-12 06:00:00;2014-01-11;1.0;Y
2014-01-12 06:00:01;2014-01-13 06:00:00;2014-01-12;0.2;Y
2014-01-13 06:00:01;2014-01-14 06:00:00;2014-01-13;0.1;Y
2014-01-14 06:00:01;2014-01-15 06:00:00;2014-01-14;0.0;Y
2014-01-15 06:00:01;2014-01-16 06:00:00;2014-01-15;0.2;Y
2014-01-16 06:00:01;2014-01-17 06:00:00;2014-01-16;0.1;Y
2014-01-17 06:00:01;2014-01-18 06:00:00;2014-01-17;0.6;Y
2014-01-18 06:00:01;2014-01-19 06:00:00;2014-01-18;0.1;Y
2014-01-19 06:00:01;2014-01-20 06:00:00;2014-01-19;0.0;Y
2014-01-20 06:00:01;2014-01-21 06:00:00;2014-01-20;0.0;Y
2014-01-21 06:00:01;2014-01-22 06:00:00;2014-01-21;0.0;Y
2014-01-22 06:00:01;2014-01-23 06:00:00;2014-01-22;0.0;Y
2014-01-23 06:00:01;2014-01-24 06:00:00;2014-01-23;0.0;Y
2014-01-24 06:00:01;2014-01-25 06:00:00;2014-01-24;0.0;Y
2014-01-25 06:00:01;2014-01-26 06:00:00;2014-01-25;0.0;Y
2014-01-26 06:00:01;2014-01-27 06:00:00;2014-01-26;0.0;Y
2014-01-27 06:00:01;2014-01-28 06:00:00;2014-01-27;0.0;Y
2014-01-28 06:00:01;2014-01-29 06:00:00;2014-01-28;0.0;Y
2014-01-29 06:00:01;2014-01-30 06:00:00;2014-01-29;0.0;Y
2014-01-30 06:00:01;2014-01-31 06:00:00;2014-01-30;0.0;Y
2014-01-31 06:00:01;2014-02-01 06:00:00;2014-01-31;6.0;Y
2014-02-01 06:00:01;2014-02-02 06:00:00;2014-02-01;0.0;Y
2014-02-02 06:00:01;2014-02-03 06:00:00;2014-02-02;0.4;Y
2014-02-03 06:00:01;2014-02-04 06:00:00;2014-02-03;0.0;Y
2014-02-04 06:00:01;2014-02-05 06:00:00;2014-02-04;0.0;Y
2014-02-05 06:00:01;2014-02-06 06:00:00;2014-02-05;0.0;Y
2014-02-06 06:00:01;2014-02-07 06:00:00;2014-02-06;0.0;Y
2014-02-07 06:00:01;2014-02-08 06:00:00;2014-02-07;7.0;Y
2014-02-08 06:00:01;2014-02-09 06:00:00;2014-02-08;3.3;Y
2014-02-09 06:00:01;2014-02-10 06:00:00;2014-02-09;2.0;Y
2014-02-10 06:00:01;2014-02-11 06:00:00;2014-02-10;0.3;Y
2014-02-11 06:00:01;2014-02-12 06:00:00;2014-02-11;0.9;Y
2014-02-12 06:00:01;2014-02-13 06:00:00;2014-02-12;0.1;Y
2014-02-13 06:00:01;2014-02-14 06:00:00;2014-02-13;3.0;Y
2014-02-14 06:00:01;2014-02-15 06:00:00;2014-02-14;0.0;Y
2014-02-15 06:00:01;2014-02-16 06:00:00;2014-02-15;4.0;Y
2014-02-16 06:00:01;2014-02-17 06:00:00;2014-02-16;0.6;Y
2014-02-17 06:00:01;2014-02-18 06:00:00;2014-02-17;0.0;Y
2014-02-18 06:00:01;2014-02-19 06:00:00;2014-02-18;0.0;Y
2014-02-19 06:00:01;2014-02-20 06:00:00;2014-02-19;3.0;Y
2014-02-20 06:00:01;2014-02-21 06:00:00;2014-02-20;1.4;Y
2014-02-21 06:00:01;2014-02-22 06:00:00;2014-02-21;7.9;Y
2014-02-22 06:00:01;2014-02-23 06:00:00;2014-02-22;0.5;Y
2014-02-23 06:00:01;2014-02-24 06:00:00;2014-02-23;0.0;Y
2014-02-24 06:00:01;2014-02-25 06:00:00;2014-02-24;0.0;Y
2014-02-25 06:00:01;2014-02-26 06:00:00;2014-02-25;0.0;Y
2014-02-26 06:00:01;2014-02-27 06:00:00;2014-02-26;0.0;Y
2014-02-27 06:00:01;2014-02-28 06:00:00;2014-02-27;2.0;Y
2014-02-28 06:00:01;2014-03-01 06:00:00;2014-02-28;0.1;Y
2014-03-01 06:00:01;2014-03-02 06:00:00;2014-03-01;0.0;Y
2014-03-02 06:00:01;2014-03-03 06:00:00;2014-03-02;2.0;Y
2014-03-03 06:00:01;2014-03-04 06:00:00;2014-03-03;0.0;Y
2014-03-04 06:00:01;2014-03-05 06:00:00;2014-03-04;0.0;Y
2014-03-05 06:00:01;2014-03-06 06:00:00;2014-03-05;0.0;Y
2014-03-06 06:00:01;2014-03-07 06:00:00;2014-03-06;0.0;Y
2014-03-07 06:00:01;2014-03-08 06:00:00;2014-03-07;1.0;Y
2014-03-08 06:00:01;2014-03-09 06:00:00;2014-03-08;0.0;Y
2014-03-09 06:00:01;2014-03-10 06:00:00;2014-03-09;0.0;Y
2014-03-10 06:00:01;2014-03-11 06:00:00;2014-03-10;1.0;Y
2014-03-11 06:00:01;2014-03-12 06:00:00;2014-03-11;0.0;Y
2014-03-12 06:00:01;2014-03-13 06:00:00;2014-03-12;0.0;Y
2014-03-13 06:00:01;2014-03-14 06:00:00;2014-03-13;0.0;Y
2014-03-14 06:00:01;2014-03-15 06:00:00;2014-03-14;18.0;Y
2014-03-15 06:00:01;2014-03-16 06:00:00;2014-03-15;0.4;Y
2014-03-16 06:00:01;2014-03-17 06:00:00;2014-03-16;3.0;Y
2014-03-17 06:00:01;2014-03-18 06:00:00;2014-03-17;1.0;Y
2014-03-18 06:00:01;2014-03-19 06:00:00;2014-03-18;0.1;Y
2014-03-19 06:00:01;2014-03-20 06:00:00;2014-03-19;12.0;Y
2014-03-20 06:00:01;2014-03-21 06:00:00;2014-03-20;4.0;Y
2014-03-21 06:00:01;2014-03-22 06:00:00;2014-03-21;0.0;Y
2014-03-22 06:00:01;2014-03-23 06:00:00;2014-03-22;0.2;Y
2014-03-23 06:00:01;2014-03-24 06:00:00;2014-03-23;0.0;Y
2014-03-24 06:00:01;2014-03-25 06:00:00;2014-03-24;0.0;Y
2014-03-25 06:00:01;2014-03-26 06:00:00;2014-03-25;0.1;Y
2014-03-26 06:00:01;2014-03-27 06:00:00;2014-03-26;0.0;Y
2014-03-27 06:00:01;2014-03-28 06:00:00;2014-03-27;0.0;Y
2014-03-28 06:00:01;2014-03-29 06:00:00;2014-03-28;0.0;Y
2014-03-29 06:00:01;2014-03-30 06:00:00;2014-03-29;0.0;Y
2014-03-30 06:00:01;2014-03-31 06:00:00;2014-03-30;0.0;Y
2014-03-31 06:00:01;2014-04-01 06:00:00;2014-03-31;0.0;Y
2014-04-01 06:00:01;2014-04-02 06:00:00;2014-04-01;0.0;Y
2014-04-02 06:00:01;2014-04-03 06:00:00;2014-04-02;0.0;Y
2014-04-03 06:00:01;2014-04-04 06:00:00;2014-04-03;0.0;Y
2014-04-04 06:00:01;2014-04-05 06:00:00;2014-04-04;0.0;Y
2014-04-05 06:00:01;2014-04-06 06:00:00;2014-04-05;0.1;Y
2014-04-06 06:00:01;2014-04-07 06:00:00;2014-04-06;4.0;Y
2014-04-07 06:00:01;2014-04-08 06:00:00;2014-04-07;11.0;Y
2014-04-08 06:00:01;2014-04-09 06:00:00;2014-04-08;8.0;Y
2014-04-09 06:00:01;2014-04-10 06:00:00;2014-04-09;1.0;Y
2014-04-10 06:00:01;2014-04-11 06:00:00;2014-04-10;0.2;Y
2014-04-11 06:00:01;2014-04-12 06:00:00;2014-04-11;0.0;Y
2014-04-12 06:00:01;2014-04-13 06:00:00;2014-04-12;3.0;Y
2014-04-13 06:00:01;2014-04-14 06:00:00;2014-04-13;0.9;Y
2014-04-14 06:00:01;2014-04-15 06:00:00;2014-04-14;0.0;Y
2014-04-15 06:00:01;2014-04-16 06:00:00;2014-04-15;0.0;Y
2014-04-16 06:00:01;2014-04-17 06:00:00;2014-04-16;0.0;Y
2014-04-17 06:00:01;2014-04-18 06:00:00;2014-04-17;0.8;Y
2014-04-18 06:00:01;2014-04-19 06:00:00;2014-04-18;1.0;Y
2014-04-19 06:00:01;2014-04-20 06:00:00;2014-04-19;0.0;Y
2014-04-20 06:00:01;2014-04-21 06:00:00;2014-04-20;0.0;Y
2014-04-21 06:00:01;2014-04-22 06:00:00;2014-04-21;0.0;Y
2014-04-22 06:00:01;2014-04-23 06:00:00;2014-04-22;0.0;Y
2014-04-23 06:00:01;2014-04-24 06:00:00;2014-04-23;0.0;Y
2014-04-24 06:00:01;2014-04-25 06:00:00;2014-04-24;0.0;Y
2014-04-25 06:00:01;2014-04-26 06:00:00;2014-04-25;0.0;Y
2014-04-26 06:00:01;2014-04-27 06:00:00;2014-04-26;0.0;Y
2014-04-27 06:00:01;2014-04-28 06:00:00;2014-04-27;0.0;Y
2014-04-28 06:00:01;2014-04-29 06:00:00;2014-04-28;0.0;Y
2014-04-29 06:00:01;2014-04-30 06:00:00;2014-04-29;0.0;Y
2014-04-30 06:00:01;2014-05-01 06:00:00;2014-04-30;15.0;Y
2014-05-01 06:00:01;2014-05-02 06:00:00;2014-05-01;0.1;Y
2014-05-02 06:00:01;2014-05-03 06:00:00;2014-05-02;0.0;Y
2014-05-03 06:00:01;2014-05-04 06:00:00;2014-05-03;0.0;Y
2014-05-04 06:00:01;2014-05-05 06:00:00;2014-05-04;0.0;Y
2014-05-05 06:00:01;2014-05-06 06:00:00;2014-05-05;0.0;Y
2014-05-06 06:00:01;2014-05-07 06:00:00;2014-05-06;1.0;Y
2014-05-07 06:00:01;2014-05-08 06:00:00;2014-05-07;4.0;Y
2014-05-08 06:00:01;2014-05-09 06:00:00;2014-05-08;6.0;Y
2014-05-09 06:00:01;2014-05-10 06:00:00;2014-05-09;7.0;Y
2014-05-10 06:00:01;2014-05-11 06:00:00;2014-05-10;0.1;Y
2014-05-11 06:00:01;2014-05-12 06:00:00;2014-05-11;4.0;Y
2014-05-12 06:00:01;2014-05-13 06:00:00;2014-05-12;0.0;Y
2014-05-13 06:00:01;2014-05-14 06:00:00;2014-05-13;0.0;Y
2014-05-14 06:00:01;2014-05-15 06:00:00;2014-05-14;0.0;Y
2014-05-15 06:00:01;2014-05-16 06:00:00;2014-05-15;0.0;Y
2014-05-16 06:00:01;2014-05-17 06:00:00;2014-05-16;0.0;Y
2014-05-17 06:00:01;2014-05-18 06:00:00;2014-05-17;0.0;Y
2014-05-18 06:00:01;2014-05-19 06:00:00;2014-05-18;0.0;Y
2014-05-19 06:00:01;2014-05-20 06:00:00;2014-05-19;14.1;Y
2014-05-20 06:00:01;2014-05-21 06:00:00;2014-05-20;0.1;Y
2014-05-21 06:00:01;2014-05-22 06:00:00;2014-05-21;14.0;Y
2014-05-22 06:00:01;2014-05-23 06:00:00;2014-05-22;0.0;Y
2014-05-23 06:00:01;2014-05-24 06:00:00;2014-05-23;0.0;Y
2014-05-24 06:00:01;2014-05-25 06:00:00;2014-05-24;0.0;Y
2014-05-25 06:00:01;2014-05-26 06:00:00;2014-05-25;0.0;Y
2014-05-26 06:00:01;2014-05-27 06:00:00;2014-05-26;0.0;Y
2014-05-27 06:00:01;2014-05-28 06:00:00;2014-05-27;0.0;Y
2014-05-28 06:00:01;2014-05-29 06:00:00;2014-05-28;0.0;Y
2014-05-29 06:00:01;2014-05-30 06:00:00;2014-05-29;0.0;Y
2014-05-30 06:00:01;2014-05-31 06:00:00;2014-05-30;0.2;Y
2014-05-31 06:00:01;2014-06-01 06:00:00;2014-05-31;3.0;Y
2014-06-01 06:00:01;2014-06-02 06:00:00;2014-06-01;0.0;Y
2014-06-02 06:00:01;2014-06-03 06:00:00;2014-06-02;0.0;G
2014-06-03 06:00:01;2014-06-04 06:00:00;2014-06-03;2.5;Y
2014-06-04 06:00:01;2014-06-05 06:00:00;2014-06-04;0.0;Y
2014-06-05 06:00:01;2014-06-06 06:00:00;2014-06-05;0.0;Y
2014-06-06 06:00:01;2014-06-07 06:00:00;2014-06-06;2.0;Y
2014-06-07 06:00:01;2014-06-08 06:00:00;2014-06-07;0.0;Y
2014-06-08 06:00:01;2014-06-09 06:00:00;2014-06-08;0.1;Y
2014-06-09 06:00:01;2014-06-10 06:00:00;2014-06-09;0.0;Y
2014-06-10 06:00:01;2014-06-11 06:00:00;2014-06-10;0.0;Y
2014-06-11 06:00:01;2014-06-12 06:00:00;2014-06-11;0.7;Y
2014-06-12 06:00:01;2014-06-13 06:00:00;2014-06-12;7.6;Y
2014-06-13 06:00:01;2014-06-14 06:00:00;2014-06-13;0.0;Y
2014-06-14 06:00:01;2014-06-15 06:00:00;2014-06-14;0.0;Y
2014-06-15 06:00:01;2014-06-16 06:00:00;2014-06-15;0.0;Y
2014-06-16 06:00:01;2014-06-17 06:00:00;2014-06-16;0.0;Y
2014-06-17 06:00:01;2014-06-18 06:00:00;2014-06-17;0.1;Y
2014-06-18 06:00:01;2014-06-19 06:00:00;2014-06-18;1.0;Y
2014-06-19 06:00:01;2014-06-20 06:00:00;2014-06-19;12.0;Y
2014-06-20 06:00:01;2014-06-21 06:00:00;2014-06-20;0.0;Y
2014-06-21 06:00:01;2014-06-22 06:00:00;2014-06-21;0.0;Y
2014-06-22 06:00:01;2014-06-23 06:00:00;2014-06-22;3.0;Y
2014-06-23 06:00:01;2014-06-24 06:00:00;2014-06-23;1.3;Y
2014-06-24 06:00:01;2014-06-25 06:00:00;2014-06-24;0.0;Y
2014-06-25 06:00:01;2014-06-26 06:00:00;2014-06-25;0.0;Y
2014-06-26 06:00:01;2014-06-27 06:00:00;2014-06-26;0.0;Y
2014-06-27 06:00:01;2014-06-28 06:00:00;2014-06-27;5.0;Y
2014-06-28 06:00:01;2014-06-29 06:00:00;2014-06-28;13.0;Y
2014-06-29 06:00:01;2014-06-30 06:00:00;2014-06-29;14.0;Y
2014-06-30 06:00:01;2014-07-01 06:00:00;2014-06-30;0.1;Y
2014-07-01 06:00:01;2014-07-02 06:00:00;2014-07-01;3.0;Y
2014-07-02 06:00:01;2014-07-03 06:00:00;2014-07-02;0.1;Y
2014-07-03 06:00:01;2014-07-04 06:00:00;2014-07-03;4.1;Y
2014-07-04 06:00:01;2014-07-05 06:00:00;2014-07-04;0.0;Y
2014-07-05 06:00:01;2014-07-06 06:00:00;2014-07-05;0.0;Y
2014-07-06 06:00:01;2014-07-07 06:00:00;2014-07-06;0.0;Y
2014-07-07 06:00:01;2014-07-08 06:00:00;2014-07-07;0.0;Y
2014-07-08 06:00:01;2014-07-09 06:00:00;2014-07-08;0.0;Y
2014-07-09 06:00:01;2014-07-10 06:00:00;2014-07-09;0.0;Y
2014-07-10 06:00:01;2014-07-11 06:00:00;2014-07-10;0.0;Y
2014-07-11 06:00:01;2014-07-12 06:00:00;2014-07-11;0.0;Y
2014-07-12 06:00:01;2014-07-13 06:00:00;2014-07-12;0.0;Y
2014-07-13 06:00:01;2014-07-14 06:00:00;2014-07-13;0.0;Y
2014-07-14 06:00:01;2014-07-15 06:00:00;2014-07-14;2.0;Y
2014-07-15 06:00:01;2014-07-16 06:00:00;2014-07-15;0.7;Y
2014-07-16 06:00:01;2014-07-17 06:00:00;2014-07-16;0.0;Y
2014-07-17 06:00:01;2014-07-18 06:00:00;2014-07-17;0.0;Y
2014-07-18 06:00:01;2014-07-19 06:00:00;2014-07-18;0.0;Y
2014-07-19 06:00:01;2014-07-20 06:00:00;2014-07-19;13.1;Y
2014-07-20 06:00:01;2014-07-21 06:00:00;2014-07-20;0.0;G
2014-07-21 06:00:01;2014-07-22 06:00:00;2014-07-21;3.0;Y
2014-07-22 06:00:01;2014-07-23 06:00:00;2014-07-22;0.0;Y
2014-07-23 06:00:01;2014-07-24 06:00:00;2014-07-23;0.0;Y
2014-07-24 06:00:01;2014-07-25 06:00:00;2014-07-24;0.0;Y
2014-07-25 06:00:01;2014-07-26 06:00:00;2014-07-25;0.0;Y
2014-07-26 06:00:01;2014-07-27 06:00:00;2014-07-26;0.0;Y
2014-07-27 06:00:01;2014-07-28 06:00:00;2014-07-27;1.0;Y
2014-07-28 06:00:01;2014-07-29 06:00:00;2014-07-28;0.0;Y
2014-07-29 06:00:01;2014-07-30 06:00:00;2014-07-29;0.0;Y
2014-07-30 06:00:01;2014-07-31 06:00:00;2014-07-30;15.7;Y
2014-07-31 06:00:01;2014-08-01 06:00:00;2014-07-31;0.0;Y
2014-08-01 06:00:01;2014-08-02 06:00:00;2014-08-01;0.0;Y
2014-08-02 06:00:01;2014-08-03 06:00:00;2014-08-02;6.0;Y
2014-08-03 06:00:01;2014-08-04 06:00:00;2014-08-03;1.0;Y
2014-08-04 06:00:01;2014-08-05 06:00:00;2014-08-04;0.0;Y
2014-08-05 06:00:01;2014-08-06 06:00:00;2014-08-05;0.7;Y
2014-08-06 06:00:01;2014-08-07 06:00:00;2014-08-06;9.0;Y
2014-08-07 06:00:01;2014-08-08 06:00:00;2014-08-07;5.0;Y
2014-08-08 06:00:01;2014-08-09 06:00:00;2014-08-08;0.1;Y
2014-08-09 06:00:01;2014-08-10 06:00:00;2014-08-09;2.0;Y
2014-08-10 06:00:01;2014-08-11 06:00:00;2014-08-10;0.0;Y
2014-08-11 06:00:01;2014-08-12 06:00:00;2014-08-11;5.0;Y
2014-08-12 06:00:01;2014-08-13 06:00:00;2014-08-12;5.1;Y
2014-08-13 06:00:01;2014-08-14 06:00:00;2014-08-13;0.0;Y
2014-08-14 06:00:01;2014-08-15 06:00:00;2014-08-14;0.0;Y
2014-08-15 06:00:01;2014-08-16 06:00:00;2014-08-15;9.1;Y
2014-08-16 06:00:01;2014-08-17 06:00:00;2014-08-16;43.0;Y
2014-08-17 06:00:01;2014-08-18 06:00:00;2014-08-17;8.3;Y
2014-08-18 06:00:01;2014-08-19 06:00:00;2014-08-18;6.1;Y
2014-08-19 06:00:01;2014-08-20 06:00:00;2014-08-19;6.0;Y
2014-08-20 06:00:01;2014-08-21 06:00:00;2014-08-20;4.1;Y
2014-08-21 06:00:01;2014-08-22 06:00:00;2014-08-21;5.0;Y
2014-08-22 06:00:01;2014-08-23 06:00:00;2014-08-22;0.1;Y
2014-08-23 06:00:01;2014-08-24 06:00:00;2014-08-23;3.1;Y
2014-08-24 06:00:01;2014-08-25 06:00:00;2014-08-24;1.1;Y
2014-08-25 06:00:01;2014-08-26 06:00:00;2014-08-25;2.3;Y
2014-08-26 06:00:01;2014-08-27 06:00:00;2014-08-26;3.0;Y
2014-08-27 06:00:01;2014-08-28 06:00:00;2014-08-27;0.1;Y
2014-08-28 06:00:01;2014-08-29 06:00:00;2014-08-28;0.0;Y
2014-08-29 06:00:01;2014-08-30 06:00:00;2014-08-29;0.4;Y
2014-08-30 06:00:01;2014-08-31 06:00:00;2014-08-30;0.0;Y
2014-08-31 06:00:01;2014-09-01 06:00:00;2014-08-31;0.0;Y
2014-09-01 06:00:01;2014-09-02 06:00:00;2014-09-01;0.0;G
2014-09-02 06:00:01;2014-09-03 06:00:00;2014-09-02;0.0;Y
2014-09-03 06:00:01;2014-09-04 06:00:00;2014-09-03;0.0;Y
2014-09-04 06:00:01;2014-09-05 06:00:00;2014-09-04;0.0;Y
2014-09-05 06:00:01;2014-09-06 06:00:00;2014-09-05;0.1;Y
2014-09-06 06:00:01;2014-09-07 06:00:00;2014-09-06;0.0;Y
2014-09-07 06:00:01;2014-09-08 06:00:00;2014-09-07;0.1;Y
2014-09-08 06:00:01;2014-09-09 06:00:00;2014-09-08;3.3;Y
2014-09-09 06:00:01;2014-09-10 06:00:00;2014-09-09;0.1;Y
2014-09-10 06:00:01;2014-09-11 06:00:00;2014-09-10;0.1;Y
2014-09-11 06:00:01;2014-09-12 06:00:00;2014-09-11;0.0;Y
2014-09-12 06:00:01;2014-09-13 06:00:00;2014-09-12;0.1;Y
2014-09-13 06:00:01;2014-09-14 06:00:00;2014-09-13;0.0;Y
2014-09-14 06:00:01;2014-09-15 06:00:00;2014-09-14;0.0;Y
2014-09-15 06:00:01;2014-09-16 06:00:00;2014-09-15;0.0;Y
2014-09-16 06:00:01;2014-09-17 06:00:00;2014-09-16;0.0;Y
2014-09-17 06:00:01;2014-09-18 06:00:00;2014-09-17;0.0;Y
2014-09-18 06:00:01;2014-09-19 06:00:00;2014-09-18;0.0;Y
2014-09-19 06:00:01;2014-09-20 06:00:00;2014-09-19;0.1;Y
2014-09-20 06:00:01;2014-09-21 06:00:00;2014-09-20;0.1;Y
2014-09-21 06:00:01;2014-09-22 06:00:00;2014-09-21;37.0;Y
2014-09-22 06:00:01;2014-09-23 06:00:00;2014-09-22;3.1;Y
2014-09-23 06:00:01;2014-09-24 06:00:00;2014-09-23;0.2;Y
2014-09-24 06:00:01;2014-09-25 06:00:00;2014-09-24;0.6;Y
2014-09-25 06:00:01;2014-09-26 06:00:00;2014-09-25;1.0;Y
2014-09-26 06:00:01;2014-09-27 06:00:00;2014-09-26;1.0;Y
2014-09-27 06:00:01;2014-09-28 06:00:00;2014-09-27;0.0;Y
2014-09-28 06:00:01;2014-09-29 06:00:00;2014-09-28;0.0;Y
2014-09-29 06:00:01;2014-09-30 06:00:00;2014-09-29;0.0;Y
2014-09-30 06:00:01;2014-10-01 06:00:00;2014-09-30;0.0;Y
2014-10-01 06:00:01;2014-10-02 06:00:00;2014-10-01;0.0;Y
2014-10-02 06:00:01;2014-10-03 06:00:00;2014-10-02;0.6;Y
2014-10-03 06:00:01;2014-10-04 06:00:00;2014-10-03;0.0;Y
2014-10-04 06:00:01;2014-10-05 06:00:00;2014-10-04;0.4;Y
2014-10-05 06:00:01;2014-10-06 06:00:00;2014-10-05;0.5;Y
2014-10-06 06:00:01;2014-10-07 06:00:00;2014-10-06;0.6;Y
2014-10-07 06:00:01;2014-10-08 06:00:00;2014-10-07;19.0;Y
2014-10-08 06:00:01;2014-10-09 06:00:00;2014-10-08;11.0;Y
2014-10-09 06:00:01;2014-10-10 06:00:00;2014-10-09;1.0;Y
2014-10-10 06:00:01;2014-10-11 06:00:00;2014-10-10;0.0;Y
2014-10-11 06:00:01;2014-10-12 06:00:00;2014-10-11;0.0;Y
2014-10-12 06:00:01;2014-10-13 06:00:00;2014-10-12;6.8;Y
2014-10-13 06:00:01;2014-10-14 06:00:00;2014-10-13;0.0;Y
2014-10-14 06:00:01;2014-10-15 06:00:00;2014-10-14;0.0;Y
2014-10-15 06:00:01;2014-10-16 06:00:00;2014-10-15;0.8;Y
2014-10-16 06:00:01;2014-10-17 06:00:00;2014-10-16;0.1;Y
2014-10-17 06:00:01;2014-10-18 06:00:00;2014-10-17;0.0;Y
2014-10-18 06:00:01;2014-10-19 06:00:00;2014-10-18;14.0;Y
2014-10-19 06:00:01;2014-10-20 06:00:00;2014-10-19;3.1;Y
2014-10-20 06:00:01;2014-10-21 06:00:00;2014-10-20;2.0;Y
2014-10-21 06:00:01;2014-10-22 06:00:00;2014-10-21;0.5;Y
2014-10-22 06:00:01;2014-10-23 06:00:00;2014-10-22;0.0;Y
2014-10-23 06:00:01;2014-10-24 06:00:00;2014-10-23;0.1;Y
2014-10-24 06:00:01;2014-10-25 06:00:00;2014-10-24;2.6;Y
2014-10-25 06:00:01;2014-10-26 06:00:00;2014-10-25;2.0;Y
2014-10-26 06:00:01;2014-10-27 06:00:00;2014-10-26;0.0;Y
2014-10-27 06:00:01;2014-10-28 06:00:00;2014-10-27;0.0;Y
2014-10-28 06:00:01;2014-10-29 06:00:00;2014-10-28;0.0;Y
2014-10-29 06:00:01;2014-10-30 06:00:00;2014-10-29;0.2;Y
2014-10-30 06:00:01;2014-10-31 06:00:00;2014-10-30;0.0;Y
2014-10-31 06:00:01;2014-11-01 06:00:00;2014-10-31;0.0;Y
2014-11-01 06:00:01;2014-11-02 06:00:00;2014-11-01;10.0;Y
2014-11-02 06:00:01;2014-11-03 06:00:00;2014-11-02;0.0;Y
2014-11-03 06:00:01;2014-11-04 06:00:00;2014-11-03;3.0;Y
2014-11-04 06:00:01;2014-11-05 06:00:00;2014-11-04;3.1;Y
2014-11-05 06:00:01;2014-11-06 06:00:00;2014-11-05;0.0;Y
2014-11-06 06:00:01;2014-11-07 06:00:00;2014-11-06;3.0;Y
2014-11-07 06:00:01;2014-11-08 06:00:00;2014-11-07;0.0;Y
2014-11-08 06:00:01;2014-11-09 06:00:00;2014-11-08;0.0;Y
2014-11-09 06:00:01;2014-11-10 06:00:00;2014-11-09;0.9;Y
2014-11-10 06:00:01;2014-11-11 06:00:00;2014-11-10;3.7;Y
2014-11-11 06:00:01;2014-11-12 06:00:00;2014-11-11;0.1;Y
2014-11-12 06:00:01;2014-11-13 06:00:00;2014-11-12;0.0;Y
2014-11-13 06:00:01;2014-11-14 06:00:00;2014-11-13;0.0;Y
2014-11-14 06:00:01;2014-11-15 06:00:00;2014-11-14;0.0;Y
2014-11-15 06:00:01;2014-11-16 06:00:00;2014-11-15;0.0;Y
2014-11-16 06:00:01;2014-11-17 06:00:00;2014-11-16;0.0;Y
2014-11-17 06:00:01;2014-11-18 06:00:00;2014-11-17;0.0;Y
2014-11-18 06:00:01;2014-11-19 06:00:00;2014-11-18;0.0;G
2014-11-19 06:00:01;2014-11-20 06:00:00;2014-11-19;0.0;Y
2014-11-20 06:00:01;2014-11-21 06:00:00;2014-11-20;0.9;Y
2014-11-21 06:00:01;2014-11-22 06:00:00;2014-11-21;0.6;Y
2014-11-22 06:00:01;2014-11-23 06:00:00;2014-11-22;0.0;Y
2014-11-23 06:00:01;2014-11-24 06:00:00;2014-11-23;1.0;Y
2014-11-24 06:00:01;2014-11-25 06:00:00;2014-11-24;5.0;Y
2014-11-25 06:00:01;2014-11-26 06:00:00;2014-11-25;0.0;Y
2014-11-26 06:00:01;2014-11-27 06:00:00;2014-11-26;0.0;Y
2014-11-27 06:00:01;2014-11-28 06:00:00;2014-11-27;0.0;Y
2014-11-28 06:00:01;2014-11-29 06:00:00;2014-11-28;0.0;Y
2014-11-29 06:00:01;2014-11-30 06:00:00;2014-11-29;0.0;Y
2014-11-30 06:00:01;2014-12-01 06:00:00;2014-11-30;0.0;Y
2014-12-01 06:00:01;2014-12-02 06:00:00;2014-12-01;0.0;Y
2014-12-02 06:00:01;2014-12-03 06:00:00;2014-12-02;0.0;Y
2014-12-03 06:00:01;2014-12-04 06:00:00;2014-12-03;0.0;Y
2014-12-04 06:00:01;2014-12-05 06:00:00;2014-12-04;0.0;Y
2014-12-05 06:00:01;2014-12-06 06:00:00;2014-12-05;0.5;Y
2014-12-06 06:00:01;2014-12-07 06:00:00;2014-12-06;0.3;Y
2014-12-07 06:00:01;2014-12-08 06:00:00;2014-12-07;1.8;Y
2014-12-08 06:00:01;2014-12-09 06:00:00;2014-12-08;0.0;Y
2014-12-09 06:00:01;2014-12-10 06:00:00;2014-12-09;0.2;Y
2014-12-10 06:00:01;2014-12-11 06:00:00;2014-12-10;4.0;Y
2014-12-11 06:00:01;2014-12-12 06:00:00;2014-12-11;0.0;Y
2014-12-12 06:00:01;2014-12-13 06:00:00;2014-12-12;4.0;Y
2014-12-13 06:00:01;2014-12-14 06:00:00;2014-12-13;0.1;Y
2014-12-14 06:00:01;2014-12-15 06:00:00;2014-12-14;0.2;Y
2014-12-15 06:00:01;2014-12-16 06:00:00;2014-12-15;7.0;Y
2014-12-16 06:00:01;2014-12-17 06:00:00;2014-12-16;0.6;Y
2014-12-17 06:00:01;2014-12-18 06:00:00;2014-12-17;0.1;Y
2014-12-18 06:00:01;2014-12-19 06:00:00;2014-12-18;5.0;Y
2014-12-19 06:00:01;2014-12-20 06:00:00;2014-12-19;0.1;Y
2014-12-20 06:00:01;2014-12-21 06:00:00;2014-12-20;0.0;Y
2014-12-21 06:00:01;2014-12-22 06:00:00;2014-12-21;1.0;Y
2014-12-22 06:00:01;2014-12-23 06:00:00;2014-12-22;1.0;Y
2014-12-23 06:00:01;2014-12-24 06:00:00;2014-12-23;0.0;Y
2014-12-24 06:00:01;2014-12-25 06:00:00;2014-12-24;0.4;Y
2014-12-25 06:00:01;2014-12-26 06:00:00;2014-12-25;0.0;Y
2014-12-26 06:00:01;2014-12-27 06:00:00;2014-12-26;0.0;Y
2014-12-27 06:00:01;2014-12-28 06:00:00;2014-12-27;0.0;Y
2014-12-28 06:00:01;2014-12-29 06:00:00;2014-12-28;0.0;Y
2014-12-29 06:00:01;2014-12-30 06:00:00;2014-12-29;2.0;Y
2014-12-30 06:00:01;2014-12-31 06:00:00;2014-12-30;0.0;Y
2014-12-31 06:00:01;2015-01-01 06:00:00;2014-12-31;0.0;Y
2015-01-01 06:00:01;2015-01-02 06:00:00;2015-01-01;2.0;Y
2015-01-02 06:00:01;2015-01-03 06:00:00;2015-01-02;1.0;Y
2015-01-03 06:00:01;2015-01-04 06:00:00;2015-01-03;0.0;Y
2015-01-04 06:00:01;2015-01-05 06:00:00;2015-01-04;0.0;Y
2015-01-05 06:00:01;2015-01-06 06:00:00;2015-01-05;0.0;Y
2015-01-06 06:00:01;2015-01-07 06:00:00;2015-01-06;0.5;Y
2015-01-07 06:00:01;2015-01-08 06:00:00;2015-01-07;2.1;Y
2015-01-08 06:00:01;2015-01-09 06:00:00;2015-01-08;3.0;Y
2015-01-09 06:00:01;2015-01-10 06:00:00;2015-01-09;0.0;Y
2015-01-10 06:00:01;2015-01-11 06:00:00;2015-01-10;11.0;Y
2015-01-11 06:00:01;2015-01-12 06:00:00;2015-01-11;3.0;Y
2015-01-12 06:00:01;2015-01-13 06:00:00;2015-01-12;6.4;Y
2015-01-13 06:00:01;2015-01-14 06:00:00;2015-01-13;2.0;Y
2015-01-14 06:00:01;2015-01-15 06:00:00;2015-01-14;0.0;Y
2015-01-15 06:00:01;2015-01-16 06:00:00;2015-01-15;9.0;Y
2015-01-16 06:00:01;2015-01-17 06:00:00;2015-01-16;0.5;Y
2015-01-17 06:00:01;2015-01-18 06:00:00;2015-01-17;0.1;Y
2015-01-18 06:00:01;2015-01-19 06:00:00;2015-01-18;2.0;Y
2015-01-19 06:00:01;2015-01-20 06:00:00;2015-01-19;1.0;Y
2015-01-20 06:00:01;2015-01-21 06:00:00;2015-01-20;0.1;Y
2015-01-21 06:00:01;2015-01-22 06:00:00;2015-01-21;1.5;Y
2015-01-22 06:00:01;2015-01-23 06:00:00;2015-01-22;3.4;Y
2015-01-23 06:00:01;2015-01-24 06:00:00;2015-01-23;0.1;Y
2015-01-24 06:00:01;2015-01-25 06:00:00;2015-01-24;1.0;Y
2015-01-25 06:00:01;2015-01-26 06:00:00;2015-01-25;0.0;Y
2015-01-26 06:00:01;2015-01-27 06:00:00;2015-01-26;2.0;Y
2015-01-27 06:00:01;2015-01-28 06:00:00;2015-01-27;0.0;Y
2015-01-28 06:00:01;2015-01-29 06:00:00;2015-01-28;5.0;Y
2015-01-29 06:00:01;2015-01-30 06:00:00;2015-01-29;2.0;Y
2015-01-30 06:00:01;2015-01-31 06:00:00;2015-01-30;4.0;Y
2015-01-31 06:00:01;2015-02-01 06:00:00;2015-01-31;11.0;Y
2015-02-01 06:00:01;2015-02-02 06:00:00;2015-02-01;4.0;Y
2015-02-02 06:00:01;2015-02-03 06:00:00;2015-02-02;1.5;Y
2015-02-03 06:00:01;2015-02-04 06:00:00;2015-02-03;2.2;Y
2015-02-04 06:00:01;2015-02-05 06:00:00;2015-02-04;0.5;Y
2015-02-05 06:00:01;2015-02-06 06:00:00;2015-02-05;0.0;Y
2015-02-06 06:00:01;2015-02-07 06:00:00;2015-02-06;0.0;Y
2015-02-07 06:00:01;2015-02-08 06:00:00;2015-02-07;0.0;Y
2015-02-08 06:00:01;2015-02-09 06:00:00;2015-02-08;4.0;Y
2015-02-09 06:00:01;2015-02-10 06:00:00;2015-02-09;0.0;Y
2015-02-10 06:00:01;2015-02-11 06:00:00;2015-02-10;0.0;Y
2015-02-11 06:00:01;2015-02-12 06:00:00;2015-02-11;0.0;Y
2015-02-12 06:00:01;2015-02-13 06:00:00;2015-02-12;0.0;Y
2015-02-13 06:00:01;2015-02-14 06:00:00;2015-02-13;0.4;Y
2015-02-14 06:00:01;2015-02-15 06:00:00;2015-02-14;0.1;Y
2015-02-15 06:00:01;2015-02-16 06:00:00;2015-02-15;0.0;Y
2015-02-16 06:00:01;2015-02-17 06:00:00;2015-02-16;0.0;Y
2015-02-17 06:00:01;2015-02-18 06:00:00;2015-02-17;0.0;Y
2015-02-18 06:00:01;2015-02-19 06:00:00;2015-02-18;0.0;Y
2015-02-19 06:00:01;2015-02-20 06:00:00;2015-02-19;0.0;Y
2015-02-20 06:00:01;2015-02-21 06:00:00;2015-02-20;4.0;Y
2015-02-21 06:00:01;2015-02-22 06:00:00;2015-02-21;2.0;Y
2015-02-22 06:00:01;2015-02-23 06:00:00;2015-02-22;0.0;Y
2015-02-23 06:00:01;2015-02-24 06:00:00;2015-02-23;1.7;Y
2015-02-24 06:00:01;2015-02-25 06:00:00;2015-02-24;0.0;Y
2015-02-25 06:00:01;2015-02-26 06:00:00;2015-02-25;0.0;Y
2015-02-26 06:00:01;2015-02-27 06:00:00;2015-02-26;0.0;Y
2015-02-27 06:00:01;2015-02-28 06:00:00;2015-02-27;0.0;Y
2015-02-28 06:00:01;2015-03-01 06:00:00;2015-02-28;0.0;Y
2015-03-01 06:00:01;2015-03-02 06:00:00;2015-03-01;2.0;Y
2015-03-02 06:00:01;2015-03-03 06:00:00;2015-03-02;0.0;Y
2015-03-03 06:00:01;2015-03-04 06:00:00;2015-03-03;1.6;Y
2015-03-04 06:00:01;2015-03-05 06:00:00;2015-03-04;0.0;Y
2015-03-05 06:00:01;2015-03-06 06:00:00;2015-03-05;2.0;Y
2015-03-06 06:00:01;2015-03-07 06:00:00;2015-03-06;0.5;Y
2015-03-07 06:00:01;2015-03-08 06:00:00;2015-03-07;0.0;Y
2015-03-08 06:00:01;2015-03-09 06:00:00;2015-03-08;0.0;Y
2015-03-09 06:00:01;2015-03-10 06:00:00;2015-03-09;0.0;Y
2015-03-10 06:00:01;2015-03-11 06:00:00;2015-03-10;0.0;Y
2015-03-11 06:00:01;2015-03-12 06:00:00;2015-03-11;0.0;Y
2015-03-12 06:00:01;2015-03-13 06:00:00;2015-03-12;0.0;Y
2015-03-13 06:00:01;2015-03-14 06:00:00;2015-03-13;0.0;Y
2015-03-14 06:00:01;2015-03-15 06:00:00;2015-03-14;0.0;Y
2015-03-15 06:00:01;2015-03-16 06:00:00;2015-03-15;0.0;Y
2015-03-16 06:00:01;2015-03-17 06:00:00;2015-03-16;0.0;Y
2015-03-17 06:00:01;2015-03-18 06:00:00;2015-03-17;0.0;Y
2015-03-18 06:00:01;2015-03-19 06:00:00;2015-03-18;0.0;Y
2015-03-19 06:00:01;2015-03-20 06:00:00;2015-03-19;0.0;Y
2015-03-20 06:00:01;2015-03-21 06:00:00;2015-03-20;4.0;Y
2015-03-21 06:00:01;2015-03-22 06:00:00;2015-03-21;0.0;Y
2015-03-22 06:00:01;2015-03-23 06:00:00;2015-03-22;0.5;Y
2015-03-23 06:00:01;2015-03-24 06:00:00;2015-03-23;2.0;Y
2015-03-24 06:00:01;2015-03-25 06:00:00;2015-03-24;0.0;Y
2015-03-25 06:00:01;2015-03-26 06:00:00;2015-03-25;0.0;Y
2015-03-26 06:00:01;2015-03-27 06:00:00;2015-03-26;6.0;Y
2015-03-27 06:00:01;2015-03-28 06:00:00;2015-03-27;2.0;Y
2015-03-28 06:00:01;2015-03-29 06:00:00;2015-03-28;0.0;Y
2015-03-29 06:00:01;2015-03-30 06:00:00;2015-03-29;7.9;Y
2015-03-30 06:00:01;2015-03-31 06:00:00;2015-03-30;4.9;Y
2015-03-31 06:00:01;2015-04-01 06:00:00;2015-03-31;0.0;Y
2015-04-01 06:00:01;2015-04-02 06:00:00;2015-04-01;0.0;Y
2015-04-02 06:00:01;2015-04-03 06:00:00;2015-04-02;0.0;Y
2015-04-03 06:00:01;2015-04-04 06:00:00;2015-04-03;0.0;Y
2015-04-04 06:00:01;2015-04-05 06:00:00;2015-04-04;0.0;Y
2015-04-05 06:00:01;2015-04-06 06:00:00;2015-04-05;0.0;Y
2015-04-06 06:00:01;2015-04-07 06:00:00;2015-04-06;0.0;Y
2015-04-07 06:00:01;2015-04-08 06:00:00;2015-04-07;0.0;Y
2015-04-08 06:00:01;2015-04-09 06:00:00;2015-04-08;0.0;Y
2015-04-09 06:00:01;2015-04-10 06:00:00;2015-04-09;0.0;Y
2015-04-10 06:00:01;2015-04-11 06:00:00;2015-04-10;0.0;Y
2015-04-11 06:00:01;2015-04-12 06:00:00;2015-04-11;0.6;Y
2015-04-12 06:00:01;2015-04-13 06:00:00;2015-04-12;1.0;Y
2015-04-13 06:00:01;2015-04-14 06:00:00;2015-04-13;1.0;Y
2015-04-14 06:00:01;2015-04-15 06:00:00;2015-04-14;0.6;Y
2015-04-15 06:00:01;2015-04-16 06:00:00;2015-04-15;0.0;Y
2015-04-16 06:00:01;2015-04-17 06:00:00;2015-04-16;4.8;Y
2015-04-17 06:00:01;2015-04-18 06:00:00;2015-04-17;0.5;Y
2015-04-18 06:00:01;2015-04-19 06:00:00;2015-04-18;0.0;Y
2015-04-19 06:00:01;2015-04-20 06:00:00;2015-04-19;0.0;Y
2015-04-20 06:00:01;2015-04-21 06:00:00;2015-04-20;0.0;Y
2015-04-21 06:00:01;2015-04-22 06:00:00;2015-04-21;0.0;Y
2015-04-22 06:00:01;2015-04-23 06:00:00;2015-04-22;0.0;Y
2015-04-23 06:00:01;2015-04-24 06:00:00;2015-04-23;0.0;Y
2015-04-24 06:00:01;2015-04-25 06:00:00;2015-04-24;0.0;Y
2015-04-25 06:00:01;2015-04-26 06:00:00;2015-04-25;0.3;Y
2015-04-26 06:00:01;2015-04-27 06:00:00;2015-04-26;0.0;Y
2015-04-27 06:00:01;2015-04-28 06:00:00;2015-04-27;0.0;Y
2015-04-28 06:00:01;2015-04-29 06:00:00;2015-04-28;0.0;Y
2015-04-29 06:00:01;2015-04-30 06:00:00;2015-04-29;1.1;Y
2015-04-30 06:00:01;2015-05-01 06:00:00;2015-04-30;6.0;Y
2015-05-01 06:00:01;2015-05-02 06:00:00;2015-05-01;2.0;Y
2015-05-02 06:00:01;2015-05-03 06:00:00;2015-05-02;0.0;Y
2015-05-03 06:00:01;2015-05-04 06:00:00;2015-05-03;0.0;Y
2015-05-04 06:00:01;2015-05-05 06:00:00;2015-05-04;0.3;Y
2015-05-05 06:00:01;2015-05-06 06:00:00;2015-05-05;5.0;Y
2015-05-06 06:00:01;2015-05-07 06:00:00;2015-05-06;1.0;Y
2015-05-07 06:00:01;2015-05-08 06:00:00;2015-05-07;1.7;Y
2015-05-08 06:00:01;2015-05-09 06:00:00;2015-05-08;0.0;Y
2015-05-09 06:00:01;2015-05-10 06:00:00;2015-05-09;3.0;Y
2015-05-10 06:00:01;2015-05-11 06:00:00;2015-05-10;0.2;Y
2015-05-11 06:00:01;2015-05-12 06:00:00;2015-05-11;0.9;Y
2015-05-12 06:00:01;2015-05-13 06:00:00;2015-05-12;9.1;Y
2015-05-13 06:00:01;2015-05-14 06:00:00;2015-05-13;10.0;Y
2015-05-14 06:00:01;2015-05-15 06:00:00;2015-05-14;0.0;Y
2015-05-15 06:00:01;2015-05-16 06:00:00;2015-05-15;0.0;Y
2015-05-16 06:00:01;2015-05-17 06:00:00;2015-05-16;10.0;Y
2015-05-17 06:00:01;2015-05-18 06:00:00;2015-05-17;15.0;Y
2015-05-18 06:00:01;2015-05-19 06:00:00;2015-05-18;0.1;Y
2015-05-19 06:00:01;2015-05-20 06:00:00;2015-05-19;2.0;Y
2015-05-20 06:00:01;2015-05-21 06:00:00;2015-05-20;0.1;Y
2015-05-21 06:00:01;2015-05-22 06:00:00;2015-05-21;1.0;Y
2015-05-22 06:00:01;2015-05-23 06:00:00;2015-05-22;0.4;Y
2015-05-23 06:00:01;2015-05-24 06:00:00;2015-05-23;0.0;Y
2015-05-24 06:00:01;2015-05-25 06:00:00;2015-05-24;0.0;Y
2015-05-25 06:00:01;2015-05-26 06:00:00;2015-05-25;0.9;Y
2015-05-26 06:00:01;2015-05-27 06:00:00;2015-05-26;0.0;Y
2015-05-27 06:00:01;2015-05-28 06:00:00;2015-05-27;1.0;Y
2015-05-28 06:00:01;2015-05-29 06:00:00;2015-05-28;0.0;Y
2015-05-29 06:00:01;2015-05-30 06:00:00;2015-05-29;0.0;Y
2015-05-30 06:00:01;2015-05-31 06:00:00;2015-05-30;16.0;Y
2015-05-31 06:00:01;2015-06-01 06:00:00;2015-05-31;5.6;Y
2015-06-01 06:00:01;2015-06-02 06:00:00;2015-06-01;4.0;Y
2015-06-02 06:00:01;2015-06-03 06:00:00;2015-06-02;4.3;Y
2015-06-03 06:00:01;2015-06-04 06:00:00;2015-06-03;5.0;Y
2015-06-04 06:00:01;2015-06-05 06:00:00;2015-06-04;0.0;Y
2015-06-05 06:00:01;2015-06-06 06:00:00;2015-06-05;0.1;Y
2015-06-06 06:00:01;2015-06-07 06:00:00;2015-06-06;1.0;Y
2015-06-07 06:00:01;2015-06-08 06:00:00;2015-06-07;0.2;Y
2015-06-08 06:00:01;2015-06-09 06:00:00;2015-06-08;0.3;Y
2015-06-09 06:00:01;2015-06-10 06:00:00;2015-06-09;0.0;Y
2015-06-10 06:00:01;2015-06-11 06:00:00;2015-06-10;0.0;Y
2015-06-11 06:00:01;2015-06-12 06:00:00;2015-06-11;0.0;Y
2015-06-12 06:00:01;2015-06-13 06:00:00;2015-06-12;0.0;Y
2015-06-13 06:00:01;2015-06-14 06:00:00;2015-06-13;6.0;Y
2015-06-14 06:00:01;2015-06-15 06:00:00;2015-06-14;6.0;Y
2015-06-15 06:00:01;2015-06-16 06:00:00;2015-06-15;0.1;Y
2015-06-16 06:00:01;2015-06-17 06:00:00;2015-06-16;0.0;Y
2015-06-17 06:00:01;2015-06-18 06:00:00;2015-06-17;3.7;Y
2015-06-18 06:00:01;2015-06-19 06:00:00;2015-06-18;0.5;Y
2015-06-19 06:00:01;2015-06-20 06:00:00;2015-06-19;0.2;Y
2015-06-20 06:00:01;2015-06-21 06:00:00;2015-06-20;1.0;Y
2015-06-21 06:00:01;2015-06-22 06:00:00;2015-06-21;0.0;Y
2015-06-22 06:00:01;2015-06-23 06:00:00;2015-06-22;0.1;Y
2015-06-23 06:00:01;2015-06-24 06:00:00;2015-06-23;7.0;Y
2015-06-24 06:00:01;2015-06-25 06:00:00;2015-06-24;2.0;Y
2015-06-25 06:00:01;2015-06-26 06:00:00;2015-06-25;4.0;Y
2015-06-26 06:00:01;2015-06-27 06:00:00;2015-06-26;0.1;Y
2015-06-27 06:00:01;2015-06-28 06:00:00;2015-06-27;0.0;Y
2015-06-28 06:00:01;2015-06-29 06:00:00;2015-06-28;0.0;Y
2015-06-29 06:00:01;2015-06-30 06:00:00;2015-06-29;0.0;Y
2015-06-30 06:00:01;2015-07-01 06:00:00;2015-06-30;0.0;Y
2015-07-01 06:00:01;2015-07-02 06:00:00;2015-07-01;0.0;Y
2015-07-02 06:00:01;2015-07-03 06:00:00;2015-07-02;0.0;Y
2015-07-03 06:00:01;2015-07-04 06:00:00;2015-07-03;0.0;Y
2015-07-04 06:00:01;2015-07-05 06:00:00;2015-07-04;7.0;Y
2015-07-05 06:00:01;2015-07-06 06:00:00;2015-07-05;0.1;Y
2015-07-06 06:00:01;2015-07-07 06:00:00;2015-07-06;3.2;Y
2015-07-07 06:00:01;2015-07-08 06:00:00;2015-07-07;1.0;Y
2015-07-08 06:00:01;2015-07-09 06:00:00;2015-07-08;7.5;Y
2015-07-09 06:00:01;2015-07-10 06:00:00;2015-07-09;19.0;Y
2015-07-10 06:00:01;2015-07-11 06:00:00;2015-07-10;1.0;Y
2015-07-11 06:00:01;2015-07-12 06:00:00;2015-07-11;0.4;Y
2015-07-12 06:00:01;2015-07-13 06:00:00;2015-07-12;0.0;Y
2015-07-13 06:00:01;2015-07-14 06:00:00;2015-07-13;0.0;Y
2015-07-14 06:00:01;2015-07-15 06:00:00;2015-07-14;3.0;Y
2015-07-15 06:00:01;2015-07-16 06:00:00;2015-07-15;4.0;Y
2015-07-16 06:00:01;2015-07-17 06:00:00;2015-07-16;16.0;Y
2015-07-17 06:00:01;2015-07-18 06:00:00;2015-07-17;0.5;Y
2015-07-18 06:00:01;2015-07-19 06:00:00;2015-07-18;2.0;Y
2015-07-19 06:00:01;2015-07-20 06:00:00;2015-07-19;0.3;Y
2015-07-20 06:00:01;2015-07-21 06:00:00;2015-07-20;2.1;Y
2015-07-21 06:00:01;2015-07-22 06:00:00;2015-07-21;2.3;Y
2015-07-22 06:00:01;2015-07-23 06:00:00;2015-07-22;0.0;Y
2015-07-23 06:00:01;2015-07-24 06:00:00;2015-07-23;1.0;Y
2015-07-24 06:00:01;2015-07-25 06:00:00;2015-07-24;0.0;Y
2015-07-25 06:00:01;2015-07-26 06:00:00;2015-07-25;13.0;Y
2015-07-26 06:00:01;2015-07-27 06:00:00;2015-07-26;6.0;Y
2015-07-27 06:00:01;2015-07-28 06:00:00;2015-07-27;0.4;Y
2015-07-28 06:00:01;2015-07-29 06:00:00;2015-07-28;0.3;Y
2015-07-29 06:00:01;2015-07-30 06:00:00;2015-07-29;4.0;Y
2015-07-30 06:00:01;2015-07-31 06:00:00;2015-07-30;11.0;Y
2015-07-31 06:00:01;2015-08-01 06:00:00;2015-07-31;0.0;Y
2015-08-01 06:00:01;2015-08-02 06:00:00;2015-08-01;0.0;Y
2015-08-02 06:00:01;2015-08-03 06:00:00;2015-08-02;1.0;Y
2015-08-03 06:00:01;2015-08-04 06:00:00;2015-08-03;0.0;Y
2015-08-04 06:00:01;2015-08-05 06:00:00;2015-08-04;0.2;Y
2015-08-05 06:00:01;2015-08-06 06:00:00;2015-08-05;2.0;Y
2015-08-06 06:00:01;2015-08-07 06:00:00;2015-08-06;0.0;Y
2015-08-07 06:00:01;2015-08-08 06:00:00;2015-08-07;0.0;Y
2015-08-08 06:00:01;2015-08-09 06:00:00;2015-08-08;0.0;Y
2015-08-09 06:00:01;2015-08-10 06:00:00;2015-08-09;0.0;Y
2015-08-10 06:00:01;2015-08-11 06:00:00;2015-08-10;0.0;Y
2015-08-11 06:00:01;2015-08-12 06:00:00;2015-08-11;0.3;Y
2015-08-12 06:00:01;2015-08-13 06:00:00;2015-08-12;0.1;Y
2015-08-13 06:00:01;2015-08-14 06:00:00;2015-08-13;0.0;Y
2015-08-14 06:00:01;2015-08-15 06:00:00;2015-08-14;0.0;Y
2015-08-15 06:00:01;2015-08-16 06:00:00;2015-08-15;0.0;Y
2015-08-16 06:00:01;2015-08-17 06:00:00;2015-08-16;0.0;Y
2015-08-17 06:00:01;2015-08-18 06:00:00;2015-08-17;0.0;Y
2015-08-18 06:00:01;2015-08-19 06:00:00;2015-08-18;0.0;Y
2015-08-19 06:00:01;2015-08-20 06:00:00;2015-08-19;0.0;Y
2015-08-20 06:00:01;2015-08-21 06:00:00;2015-08-20;0.0;Y
2015-08-21 06:00:01;2015-08-22 06:00:00;2015-08-21;0.1;Y
2015-08-22 06:00:01;2015-08-23 06:00:00;2015-08-22;0.0;Y
2015-08-23 06:00:01;2015-08-24 06:00:00;2015-08-23;0.0;Y
2015-08-24 06:00:01;2015-08-25 06:00:00;2015-08-24;0.0;Y
2015-08-25 06:00:01;2015-08-26 06:00:00;2015-08-25;3.0;Y
2015-08-26 06:00:01;2015-08-27 06:00:00;2015-08-26;0.1;Y
2015-08-27 06:00:01;2015-08-28 06:00:00;2015-08-27;2.0;Y
2015-08-28 06:00:01;2015-08-29 06:00:00;2015-08-28;0.0;Y
2015-08-29 06:00:01;2015-08-30 06:00:00;2015-08-29;0.0;Y
2015-08-30 06:00:01;2015-08-31 06:00:00;2015-08-30;0.0;Y
2015-08-31 06:00:01;2015-09-01 06:00:00;2015-08-31;0.0;Y
2015-09-01 06:00:01;2015-09-02 06:00:00;2015-09-01;17.8;Y
2015-09-02 06:00:01;2015-09-03 06:00:00;2015-09-02;18.0;Y
2015-09-03 06:00:01;2015-09-04 06:00:00;2015-09-03;0.1;Y
2015-09-04 06:00:01;2015-09-05 06:00:00;2015-09-04;0.5;Y
2015-09-05 06:00:01;2015-09-06 06:00:00;2015-09-05;2.0;Y
2015-09-06 06:00:01;2015-09-07 06:00:00;2015-09-06;0.5;Y
2015-09-07 06:00:01;2015-09-08 06:00:00;2015-09-07;0.2;Y
2015-09-08 06:00:01;2015-09-09 06:00:00;2015-09-08;0.0;Y
2015-09-09 06:00:01;2015-09-10 06:00:00;2015-09-09;0.0;Y
2015-09-10 06:00:01;2015-09-11 06:00:00;2015-09-10;0.0;Y
2015-09-11 06:00:01;2015-09-12 06:00:00;2015-09-11;0.0;Y
2015-09-12 06:00:01;2015-09-13 06:00:00;2015-09-12;0.3;Y
2015-09-13 06:00:01;2015-09-14 06:00:00;2015-09-13;0.0;Y
2015-09-14 06:00:01;2015-09-15 06:00:00;2015-09-14;0.0;Y
2015-09-15 06:00:01;2015-09-16 06:00:00;2015-09-15;3.1;Y
2015-09-16 06:00:01;2015-09-17 06:00:00;2015-09-16;5.0;Y
2015-09-17 06:00:01;2015-09-18 06:00:00;2015-09-17;8.0;Y
2015-09-18 06:00:01;2015-09-19 06:00:00;2015-09-18;5.0;Y
2015-09-19 06:00:01;2015-09-20 06:00:00;2015-09-19;0.2;Y
2015-09-20 06:00:01;2015-09-21 06:00:00;2015-09-20;0.0;Y
2015-09-21 06:00:01;2015-09-22 06:00:00;2015-09-21;0.0;Y
2015-09-22 06:00:01;2015-09-23 06:00:00;2015-09-22;1.9;Y
2015-09-23 06:00:01;2015-09-24 06:00:00;2015-09-23;1.1;Y
2015-09-24 06:00:01;2015-09-25 06:00:00;2015-09-24;3.0;Y
2015-09-25 06:00:01;2015-09-26 06:00:00;2015-09-25;0.1;Y
2015-09-26 06:00:01;2015-09-27 06:00:00;2015-09-26;0.0;Y
2015-09-27 06:00:01;2015-09-28 06:00:00;2015-09-27;0.0;Y
2015-09-28 06:00:01;2015-09-29 06:00:00;2015-09-28;0.0;Y
2015-09-29 06:00:01;2015-09-30 06:00:00;2015-09-29;0.0;Y
2015-09-30 06:00:01;2015-10-01 06:00:00;2015-09-30;0.0;Y
2015-10-01 06:00:01;2015-10-02 06:00:00;2015-10-01;0.0;Y
2015-10-02 06:00:01;2015-10-03 06:00:00;2015-10-02;0.0;Y
2015-10-03 06:00:01;2015-10-04 06:00:00;2015-10-03;0.0;Y
2015-10-04 06:00:01;2015-10-05 06:00:00;2015-10-04;0.0;Y
2015-10-05 06:00:01;2015-10-06 06:00:00;2015-10-05;0.0;Y
2015-10-06 06:00:01;2015-10-07 06:00:00;2015-10-06;0.0;Y
2015-10-07 06:00:01;2015-10-08 06:00:00;2015-10-07;0.0;Y
2015-10-08 06:00:01;2015-10-09 06:00:00;2015-10-08;0.0;Y
2015-10-09 06:00:01;2015-10-10 06:00:00;2015-10-09;0.0;Y
2015-10-10 06:00:01;2015-10-11 06:00:00;2015-10-10;0.0;Y
2015-10-11 06:00:01;2015-10-12 06:00:00;2015-10-11;0.0;Y
2015-10-12 06:00:01;2015-10-13 06:00:00;2015-10-12;0.0;Y
2015-10-13 06:00:01;2015-10-14 06:00:00;2015-10-13;0.0;Y
2015-10-14 06:00:01;2015-10-15 06:00:00;2015-10-14;0.0;Y
2015-10-15 06:00:01;2015-10-16 06:00:00;2015-10-15;0.0;Y
2015-10-16 06:00:01;2015-10-17 06:00:00;2015-10-16;0.0;Y
2015-10-17 06:00:01;2015-10-18 06:00:00;2015-10-17;0.0;Y
2015-10-18 06:00:01;2015-10-19 06:00:00;2015-10-18;0.0;Y
2015-10-19 06:00:01;2015-10-20 06:00:00;2015-10-19;0.0;Y
2015-10-20 06:00:01;2015-10-21 06:00:00;2015-10-20;0.6;Y
2015-10-21 06:00:01;2015-10-22 06:00:00;2015-10-21;0.1;Y
2015-10-22 06:00:01;2015-10-23 06:00:00;2015-10-22;0.3;Y
2015-10-23 06:00:01;2015-10-24 06:00:00;2015-10-23;0.0;Y
2015-10-24 06:00:01;2015-10-25 06:00:00;2015-10-24;0.7;Y
2015-10-25 06:00:01;2015-10-26 06:00:00;2015-10-25;0.0;Y
2015-10-26 06:00:01;2015-10-27 06:00:00;2015-10-26;0.0;Y
2015-10-27 06:00:01;2015-10-28 06:00:00;2015-10-27;0.0;Y
2015-10-28 06:00:01;2015-10-29 06:00:00;2015-10-28;0.0;Y
2015-10-29 06:00:01;2015-10-30 06:00:00;2015-10-29;0.0;Y
2015-10-30 06:00:01;2015-10-31 06:00:00;2015-10-30;0.0;Y
2015-10-31 06:00:01;2015-11-01 06:00:00;2015-10-31;0.0;Y
2015-11-01 06:00:01;2015-11-02 06:00:00;2015-11-01;0.0;Y
2015-11-02 06:00:01;2015-11-03 06:00:00;2015-11-02;0.0;Y
2015-11-03 06:00:01;2015-11-04 06:00:00;2015-11-03;0.0;Y
2015-11-04 06:00:01;2015-11-05 06:00:00;2015-11-04;0.0;Y
2015-11-05 06:00:01;2015-11-06 06:00:00;2015-11-05;0.0;Y
2015-11-06 06:00:01;2015-11-07 06:00:00;2015-11-06;0.0;Y
2015-11-07 06:00:01;2015-11-08 06:00:00;2015-11-07;15.0;Y
2015-11-08 06:00:01;2015-11-09 06:00:00;2015-11-08;5.0;Y
2015-11-09 06:00:01;2015-11-10 06:00:00;2015-11-09;3.0;Y
2015-11-10 06:00:01;2015-11-11 06:00:00;2015-11-10;0.0;Y
2015-11-11 06:00:01;2015-11-12 06:00:00;2015-11-11;0.0;Y
2015-11-12 06:00:01;2015-11-13 06:00:00;2015-11-12;0.2;Y
2015-11-13 06:00:01;2015-11-14 06:00:00;2015-11-13;9.1;Y
2015-11-14 06:00:01;2015-11-15 06:00:00;2015-11-14;0.0;Y
2015-11-15 06:00:01;2015-11-16 06:00:00;2015-11-15;0.0;Y
2015-11-16 06:00:01;2015-11-17 06:00:00;2015-11-16;2.9;Y
2015-11-17 06:00:01;2015-11-18 06:00:00;2015-11-17;0.0;Y
2015-11-18 06:00:01;2015-11-19 06:00:00;2015-11-18;0.1;Y
2015-11-19 06:00:01;2015-11-20 06:00:00;2015-11-19;0.1;Y
2015-11-20 06:00:01;2015-11-21 06:00:00;2015-11-20;0.0;Y
2015-11-21 06:00:01;2015-11-22 06:00:00;2015-11-21;0.0;Y
2015-11-22 06:00:01;2015-11-23 06:00:00;2015-11-22;0.0;Y
2015-11-23 06:00:01;2015-11-24 06:00:00;2015-11-23;0.0;Y
2015-11-24 06:00:01;2015-11-25 06:00:00;2015-11-24;0.7;Y
2015-11-25 06:00:01;2015-11-26 06:00:00;2015-11-25;4.0;Y
2015-11-26 06:00:01;2015-11-27 06:00:00;2015-11-26;0.0;Y
2015-11-27 06:00:01;2015-11-28 06:00:00;2015-11-27;0.0;Y
2015-11-28 06:00:01;2015-11-29 06:00:00;2015-11-28;1.0;Y
2015-11-29 06:00:01;2015-11-30 06:00:00;2015-11-29;12.0;Y
2015-11-30 06:00:01;2015-12-01 06:00:00;2015-11-30;0.0;Y
2015-12-01 06:00:01;2015-12-02 06:00:00;2015-12-01;0.0;Y
2015-12-02 06:00:01;2015-12-03 06:00:00;2015-12-02;0.6;Y
2015-12-03 06:00:01;2015-12-04 06:00:00;2015-12-03;3.0;Y
2015-12-04 06:00:01;2015-12-05 06:00:00;2015-12-04;14.0;Y
2015-12-05 06:00:01;2015-12-06 06:00:00;2015-12-05;0.9;Y
2015-12-06 06:00:01;2015-12-07 06:00:00;2015-12-06;6.0;Y
2015-12-07 06:00:01;2015-12-08 06:00:00;2015-12-07;0.0;Y
2015-12-08 06:00:01;2015-12-09 06:00:00;2015-12-08;0.2;Y
2015-12-09 06:00:01;2015-12-10 06:00:00;2015-12-09;0.4;Y
2015-12-10 06:00:01;2015-12-11 06:00:00;2015-12-10;0.6;Y
2015-12-11 06:00:01;2015-12-12 06:00:00;2015-12-11;0.0;Y
2015-12-12 06:00:01;2015-12-13 06:00:00;2015-12-12;0.0;Y
2015-12-13 06:00:01;2015-12-14 06:00:00;2015-12-13;0.0;Y
2015-12-14 06:00:01;2015-12-15 06:00:00;2015-12-14;0.0;Y
2015-12-15 06:00:01;2015-12-16 06:00:00;2015-12-15;0.0;Y
2015-12-16 06:00:01;2015-12-17 06:00:00;2015-12-16;0.9;Y
2015-12-17 06:00:01;2015-12-18 06:00:00;2015-12-17;5.4;Y
2015-12-18 06:00:01;2015-12-19 06:00:00;2015-12-18;0.6;Y
2015-12-19 06:00:01;2015-12-20 06:00:00;2015-12-19;0.0;Y
2015-12-20 06:00:01;2015-12-21 06:00:00;2015-12-20;0.0;Y
2015-12-21 06:00:01;2015-12-22 06:00:00;2015-12-21;0.0;Y
2015-12-22 06:00:01;2015-12-23 06:00:00;2015-12-22;1.0;Y
2015-12-23 06:00:01;2015-12-24 06:00:00;2015-12-23;0.0;Y
2015-12-24 06:00:01;2015-12-25 06:00:00;2015-12-24;0.1;Y
2015-12-25 06:00:01;2015-12-26 06:00:00;2015-12-25;0.0;Y
2015-12-26 06:00:01;2015-12-27 06:00:00;2015-12-26;0.0;Y
2015-12-27 06:00:01;2015-12-28 06:00:00;2015-12-27;0.6;Y
2015-12-28 06:00:01;2015-12-29 06:00:00;2015-12-28;0.0;Y
2015-12-29 06:00:01;2015-12-30 06:00:00;2015-12-29;0.0;Y
2015-12-30 06:00:01;2015-12-31 06:00:00;2015-12-30;0.0;Y
2015-12-31 06:00:01;2016-01-01 06:00:00;2015-12-31;0.0;Y
2016-02-01 06:00:01;2016-02-02 06:00:00;2016-02-01;1.2;Y
2016-02-02 06:00:01;2016-02-03 06:00:00;2016-02-02;3.0;Y
2016-02-03 06:00:01;2016-02-04 06:00:00;2016-02-03;0.1;Y
2016-02-04 06:00:01;2016-02-05 06:00:00;2016-02-04;0.0;Y
2016-02-05 06:00:01;2016-02-06 06:00:00;2016-02-05;0.2;Y
2016-02-06 06:00:01;2016-02-07 06:00:00;2016-02-06;0.6;Y
2016-02-07 06:00:01;2016-02-08 06:00:00;2016-02-07;2.0;Y
2016-02-08 06:00:01;2016-02-09 06:00:00;2016-02-08;4.0;Y
2016-02-09 06:00:01;2016-02-10 06:00:00;2016-02-09;2.0;Y
2016-02-10 06:00:01;2016-02-11 06:00:00;2016-02-10;10.0;Y
2016-02-11 06:00:01;2016-02-12 06:00:00;2016-02-11;0.9;Y
2016-02-12 06:00:01;2016-02-13 06:00:00;2016-02-12;2.0;Y
2016-02-13 06:00:01;2016-02-14 06:00:00;2016-02-13;5.0;Y
2016-02-14 06:00:01;2016-02-15 06:00:00;2016-02-14;0.0;Y
2016-02-15 06:00:01;2016-02-16 06:00:00;2016-02-15;0.0;Y
2016-02-16 06:00:01;2016-02-17 06:00:00;2016-02-16;0.0;Y
2016-02-17 06:00:01;2016-02-18 06:00:00;2016-02-17;0.6;Y
2016-02-18 06:00:01;2016-02-19 06:00:00;2016-02-18;1.0;Y
2016-02-19 06:00:01;2016-02-20 06:00:00;2016-02-19;0.0;Y
2016-02-20 06:00:01;2016-02-21 06:00:00;2016-02-20;3.0;Y
2016-02-21 06:00:01;2016-02-22 06:00:00;2016-02-21;0.7;Y
2016-02-22 06:00:01;2016-02-23 06:00:00;2016-02-22;0.3;Y
2016-02-23 06:00:01;2016-02-24 06:00:00;2016-02-23;0.0;Y
2016-02-24 06:00:01;2016-02-25 06:00:00;2016-02-24;0.0;Y
2016-02-25 06:00:01;2016-02-26 06:00:00;2016-02-25;0.0;Y
2016-02-26 06:00:01;2016-02-27 06:00:00;2016-02-26;0.0;Y
2016-02-27 06:00:01;2016-02-28 06:00:00;2016-02-27;0.0;Y
2016-02-28 06:00:01;2016-02-29 06:00:00;2016-02-28;0.0;Y
2016-02-29 06:00:01;2016-03-01 06:00:00;2016-02-29;0.0;Y
2016-03-01 06:00:01;2016-03-02 06:00:00;2016-03-01;0.0;Y
2016-03-02 06:00:01;2016-03-03 06:00:00;2016-03-02;0.0;Y
2016-03-03 06:00:01;2016-03-04 06:00:00;2016-03-03;1.0;Y
2016-03-04 06:00:01;2016-03-05 06:00:00;2016-03-04;2.6;Y
2016-03-05 06:00:01;2016-03-06 06:00:00;2016-03-05;0.2;Y
2016-03-06 06:00:01;2016-03-07 06:00:00;2016-03-06;3.0;Y
2016-03-07 06:00:01;2016-03-08 06:00:00;2016-03-07;0.2;Y
2016-03-08 06:00:01;2016-03-09 06:00:00;2016-03-08;0.0;Y
2016-03-09 06:00:01;2016-03-10 06:00:00;2016-03-09;0.0;Y
2016-03-10 06:00:01;2016-03-11 06:00:00;2016-03-10;0.0;Y
2016-03-11 06:00:01;2016-03-12 06:00:00;2016-03-11;0.0;Y
2016-03-12 06:00:01;2016-03-13 06:00:00;2016-03-12;0.0;Y
2016-03-13 06:00:01;2016-03-14 06:00:00;2016-03-13;0.0;Y
2016-03-14 06:00:01;2016-03-15 06:00:00;2016-03-14;0.3;Y
2016-03-15 06:00:01;2016-03-16 06:00:00;2016-03-15;0.0;Y
2016-03-16 06:00:01;2016-03-17 06:00:00;2016-03-16;0.0;Y
2016-03-17 06:00:01;2016-03-18 06:00:00;2016-03-17;0.0;Y
2016-03-18 06:00:01;2016-03-19 06:00:00;2016-03-18;0.0;Y
2016-03-19 06:00:01;2016-03-20 06:00:00;2016-03-19;2.0;Y
2016-03-20 06:00:01;2016-03-21 06:00:00;2016-03-20;1.7;Y
2016-03-21 06:00:01;2016-03-22 06:00:00;2016-03-21;0.4;Y
2016-03-22 06:00:01;2016-03-23 06:00:00;2016-03-22;0.7;Y
2016-03-23 06:00:01;2016-03-24 06:00:00;2016-03-23;0.3;Y
2016-03-24 06:00:01;2016-03-25 06:00:00;2016-03-24;0.0;Y
2016-03-25 06:00:01;2016-03-26 06:00:00;2016-03-25;0.1;Y
2016-03-26 06:00:01;2016-03-27 06:00:00;2016-03-26;0.0;Y
2016-03-27 06:00:01;2016-03-28 06:00:00;2016-03-27;0.0;Y
2016-03-28 06:00:01;2016-03-29 06:00:00;2016-03-28;0.0;Y
2016-03-29 06:00:01;2016-03-30 06:00:00;2016-03-29;0.3;Y
2016-03-30 06:00:01;2016-03-31 06:00:00;2016-03-30;0.0;Y
2016-03-31 06:00:01;2016-04-01 06:00:00;2016-03-31;1.1;Y
2016-04-01 06:00:01;2016-04-02 06:00:00;2016-04-01;0.0;Y
2016-04-02 06:00:01;2016-04-03 06:00:00;2016-04-02;0.0;Y
2016-04-03 06:00:01;2016-04-04 06:00:00;2016-04-03;0.0;Y
2016-04-04 06:00:01;2016-04-05 06:00:00;2016-04-04;0.7;Y
2016-04-05 06:00:01;2016-04-06 06:00:00;2016-04-05;4.0;Y
2016-04-06 06:00:01;2016-04-07 06:00:00;2016-04-06;2.0;Y
2016-04-07 06:00:01;2016-04-08 06:00:00;2016-04-07;9.1;Y
2016-04-08 06:00:01;2016-04-09 06:00:00;2016-04-08;3.0;Y
2016-04-09 06:00:01;2016-04-10 06:00:00;2016-04-09;0.9;Y
2016-04-10 06:00:01;2016-04-11 06:00:00;2016-04-10;0.0;Y
2016-04-11 06:00:01;2016-04-12 06:00:00;2016-04-11;0.0;Y
2016-04-12 06:00:01;2016-04-13 06:00:00;2016-04-12;0.0;Y
2016-04-13 06:00:01;2016-04-14 06:00:00;2016-04-13;0.0;Y
2016-04-14 06:00:01;2016-04-15 06:00:00;2016-04-14;0.0;Y
2016-04-15 06:00:01;2016-04-16 06:00:00;2016-04-15;0.2;Y
2016-04-16 06:00:01;2016-04-17 06:00:00;2016-04-16;1.0;Y
2016-04-17 06:00:01;2016-04-18 06:00:00;2016-04-17;2.0;Y
2016-04-18 06:00:01;2016-04-19 06:00:00;2016-04-18;0.0;Y
2016-04-19 06:00:01;2016-04-20 06:00:00;2016-04-19;0.8;Y
2016-04-20 06:00:01;2016-04-21 06:00:00;2016-04-20;0.0;Y
2016-04-21 06:00:01;2016-04-22 06:00:00;2016-04-21;6.4;Y
2016-04-22 06:00:01;2016-04-23 06:00:00;2016-04-22;0.7;Y
2016-04-23 06:00:01;2016-04-24 06:00:00;2016-04-23;0.7;Y
2016-04-24 06:00:01;2016-04-25 06:00:00;2016-04-24;0.1;Y
2016-04-25 06:00:01;2016-04-26 06:00:00;2016-04-25;0.8;Y
2016-04-26 06:00:01;2016-04-27 06:00:00;2016-04-26;0.0;Y
2016-04-27 06:00:01;2016-04-28 06:00:00;2016-04-27;0.5;Y
2016-04-28 06:00:01;2016-04-29 06:00:00;2016-04-28;5.0;Y
2016-04-29 06:00:01;2016-04-30 06:00:00;2016-04-29;0.0;Y
2016-04-30 06:00:01;2016-05-01 06:00:00;2016-04-30;0.0;Y
2016-05-01 06:00:01;2016-05-02 06:00:00;2016-05-01;0.0;Y
2016-05-02 06:00:01;2016-05-03 06:00:00;2016-05-02;0.0;Y
2016-05-03 06:00:01;2016-05-04 06:00:00;2016-05-03;0.0;Y
2016-05-04 06:00:01;2016-05-05 06:00:00;2016-05-04;0.0;Y
2016-05-05 06:00:01;2016-05-06 06:00:00;2016-05-05;0.0;Y
2016-05-06 06:00:01;2016-05-07 06:00:00;2016-05-06;0.0;Y
2016-05-07 06:00:01;2016-05-08 06:00:00;2016-05-07;0.0;Y
2016-05-08 06:00:01;2016-05-09 06:00:00;2016-05-08;0.0;Y
2016-05-09 06:00:01;2016-05-10 06:00:00;2016-05-09;0.0;Y
2016-05-10 06:00:01;2016-05-11 06:00:00;2016-05-10;0.2;Y
2016-05-11 06:00:01;2016-05-12 06:00:00;2016-05-11;0.0;Y
2016-05-12 06:00:01;2016-05-13 06:00:00;2016-05-12;0.0;Y
2016-05-13 06:00:01;2016-05-14 06:00:00;2016-05-13;0.0;Y
2016-05-14 06:00:01;2016-05-15 06:00:00;2016-05-14;0.0;Y
2016-05-15 06:00:01;2016-05-16 06:00:00;2016-05-15;3.0;Y
2016-05-16 06:00:01;2016-05-17 06:00:00;2016-05-16;1.0;Y
2016-05-17 06:00:01;2016-05-18 06:00:00;2016-05-17;0.0;Y
2016-05-18 06:00:01;2016-05-19 06:00:00;2016-05-18;0.0;Y
2016-05-19 06:00:01;2016-05-20 06:00:00;2016-05-19;0.0;Y
2016-05-20 06:00:01;2016-05-21 06:00:00;2016-05-20;0.9;Y
2016-05-21 06:00:01;2016-05-22 06:00:00;2016-05-21;0.0;Y
2016-05-22 06:00:01;2016-05-23 06:00:00;2016-05-22;0.0;Y
2016-05-23 06:00:01;2016-05-24 06:00:00;2016-05-23;0.0;Y
2016-05-24 06:00:01;2016-05-25 06:00:00;2016-05-24;0.0;Y
2016-05-25 06:00:01;2016-05-26 06:00:00;2016-05-25;6.0;Y
2016-05-26 06:00:01;2016-05-27 06:00:00;2016-05-26;5.9;Y
2016-05-27 06:00:01;2016-05-28 06:00:00;2016-05-27;4.1;Y
2016-05-28 06:00:01;2016-05-29 06:00:00;2016-05-28;0.0;Y
2016-05-29 06:00:01;2016-05-30 06:00:00;2016-05-29;0.0;Y
2016-05-30 06:00:01;2016-05-31 06:00:00;2016-05-30;0.0;Y
2016-05-31 06:00:01;2016-06-01 06:00:00;2016-05-31;0.0;Y
2016-06-01 06:00:01;2016-06-02 06:00:00;2016-06-01;0.0;Y
2016-06-02 06:00:01;2016-06-03 06:00:00;2016-06-02;0.0;Y
2016-06-03 06:00:01;2016-06-04 06:00:00;2016-06-03;0.0;Y
2016-06-04 06:00:01;2016-06-05 06:00:00;2016-06-04;0.0;Y
2016-06-05 06:00:01;2016-06-06 06:00:00;2016-06-05;0.0;Y
2016-06-06 06:00:01;2016-06-07 06:00:00;2016-06-06;0.0;Y
2016-06-07 06:00:01;2016-06-08 06:00:00;2016-06-07;4.0;Y
2016-06-08 06:00:01;2016-06-09 06:00:00;2016-06-08;0.4;Y
2016-06-09 06:00:01;2016-06-10 06:00:00;2016-06-09;0.0;Y
2016-06-10 06:00:01;2016-06-11 06:00:00;2016-06-10;0.6;Y
2016-06-11 06:00:01;2016-06-12 06:00:00;2016-06-11;0.0;Y
2016-06-12 06:00:01;2016-06-13 06:00:00;2016-06-12;0.0;Y
2016-06-13 06:00:01;2016-06-14 06:00:00;2016-06-13;0.5;Y
2016-06-14 06:00:01;2016-06-15 06:00:00;2016-06-14;0.0;Y
2016-06-15 06:00:01;2016-06-16 06:00:00;2016-06-15;0.0;Y
2016-06-16 06:00:01;2016-06-17 06:00:00;2016-06-16;6.9;Y
2016-06-17 06:00:01;2016-06-18 06:00:00;2016-06-17;11.7;Y
2016-06-18 06:00:01;2016-06-19 06:00:00;2016-06-18;7.3;Y
2016-06-19 06:00:01;2016-06-20 06:00:00;2016-06-19;0.3;Y
2016-06-20 06:00:01;2016-06-21 06:00:00;2016-06-20;0.1;Y
2016-06-21 06:00:01;2016-06-22 06:00:00;2016-06-21;3.0;Y
2016-06-22 06:00:01;2016-06-23 06:00:00;2016-06-22;0.0;Y
2016-06-23 06:00:01;2016-06-24 06:00:00;2016-06-23;6.6;Y
2016-06-24 06:00:01;2016-06-25 06:00:00;2016-06-24;0.3;Y
2016-06-25 06:00:01;2016-06-26 06:00:00;2016-06-25;0.0;Y
2016-06-26 06:00:01;2016-06-27 06:00:00;2016-06-26;0.5;Y
2016-06-27 06:00:01;2016-06-28 06:00:00;2016-06-27;0.0;Y
2016-06-28 06:00:01;2016-06-29 06:00:00;2016-06-28;0.1;Y
2016-06-29 06:00:01;2016-06-30 06:00:00;2016-06-29;0.0;Y
2016-06-30 06:00:01;2016-07-01 06:00:00;2016-06-30;1.0;Y
2016-07-01 06:00:01;2016-07-02 06:00:00;2016-07-01;3.0;Y
2016-07-02 06:00:01;2016-07-03 06:00:00;2016-07-02;10.0;Y
2016-07-03 06:00:01;2016-07-04 06:00:00;2016-07-03;0.0;Y
2016-07-04 06:00:01;2016-07-05 06:00:00;2016-07-04;3.0;Y
2016-07-05 06:00:01;2016-07-06 06:00:00;2016-07-05;5.0;Y
2016-07-06 06:00:01;2016-07-07 06:00:00;2016-07-06;0.0;Y
2016-07-07 06:00:01;2016-07-08 06:00:00;2016-07-07;0.0;Y
2016-07-08 06:00:01;2016-07-09 06:00:00;2016-07-08;0.0;Y
2016-07-09 06:00:01;2016-07-10 06:00:00;2016-07-09;9.0;Y
2016-07-10 06:00:01;2016-07-11 06:00:00;2016-07-10;0.0;Y
2016-07-11 06:00:01;2016-07-12 06:00:00;2016-07-11;6.3;Y
2016-07-12 06:00:01;2016-07-13 06:00:00;2016-07-12;2.0;Y
2016-07-13 06:00:01;2016-07-14 06:00:00;2016-07-13;0.0;Y
2016-07-14 06:00:01;2016-07-15 06:00:00;2016-07-14;0.0;Y
2016-07-15 06:00:01;2016-07-16 06:00:00;2016-07-15;0.0;Y
2016-07-16 06:00:01;2016-07-17 06:00:00;2016-07-16;0.0;Y
2016-07-17 06:00:01;2016-07-18 06:00:00;2016-07-17;0.0;Y
2016-07-18 06:00:01;2016-07-19 06:00:00;2016-07-18;0.1;Y
2016-07-19 06:00:01;2016-07-20 06:00:00;2016-07-19;0.0;Y
2016-07-20 06:00:01;2016-07-21 06:00:00;2016-07-20;0.0;Y
2016-07-21 06:00:01;2016-07-22 06:00:00;2016-07-21;0.0;Y
2016-07-22 06:00:01;2016-07-23 06:00:00;2016-07-22;0.0;Y
2016-07-23 06:00:01;2016-07-24 06:00:00;2016-07-23;0.0;Y
2016-07-24 06:00:01;2016-07-25 06:00:00;2016-07-24;0.2;Y
2016-07-25 06:00:01;2016-07-26 06:00:00;2016-07-25;0.0;Y
2016-07-26 06:00:01;2016-07-27 06:00:00;2016-07-26;3.0;Y
2016-07-27 06:00:01;2016-07-28 06:00:00;2016-07-27;0.0;Y
2016-07-28 06:00:01;2016-07-29 06:00:00;2016-07-28;0.4;Y
2016-07-29 06:00:01;2016-07-30 06:00:00;2016-07-29;0.0;Y
2016-07-30 06:00:01;2016-07-31 06:00:00;2016-07-30;20.0;Y
2016-07-31 06:00:01;2016-08-01 06:00:00;2016-07-31;0.0;Y
2016-08-01 06:00:01;2016-08-02 06:00:00;2016-08-01;0.1;Y
2016-08-02 06:00:01;2016-08-03 06:00:00;2016-08-02;0.0;Y
2016-08-03 06:00:01;2016-08-04 06:00:00;2016-08-03;9.0;Y
2016-08-04 06:00:01;2016-08-05 06:00:00;2016-08-04;0.8;Y
2016-08-05 06:00:01;2016-08-06 06:00:00;2016-08-05;0.0;Y
2016-08-06 06:00:01;2016-08-07 06:00:00;2016-08-06;0.0;Y
2016-08-07 06:00:01;2016-08-08 06:00:00;2016-08-07;0.0;Y
2016-08-08 06:00:01;2016-08-09 06:00:00;2016-08-08;0.7;Y
2016-08-09 06:00:01;2016-08-10 06:00:00;2016-08-09;0.0;Y
2016-08-10 06:00:01;2016-08-11 06:00:00;2016-08-10;3.0;Y
2016-08-11 06:00:01;2016-08-12 06:00:00;2016-08-11;0.4;Y
2016-08-12 06:00:01;2016-08-13 06:00:00;2016-08-12;1.0;Y
2016-08-13 06:00:01;2016-08-14 06:00:00;2016-08-13;0.0;Y
2016-08-14 06:00:01;2016-08-15 06:00:00;2016-08-14;3.0;Y
2016-08-15 06:00:01;2016-08-16 06:00:00;2016-08-15;0.0;Y
2016-08-16 06:00:01;2016-08-17 06:00:00;2016-08-16;0.0;Y
2016-08-17 06:00:01;2016-08-18 06:00:00;2016-08-17;0.5;Y
2016-08-18 06:00:01;2016-08-19 06:00:00;2016-08-18;9.0;Y
2016-08-19 06:00:01;2016-08-20 06:00:00;2016-08-19;0.1;Y
2016-08-20 06:00:01;2016-08-21 06:00:00;2016-08-20;0.8;Y
2016-08-21 06:00:01;2016-08-22 06:00:00;2016-08-21;0.0;Y
2016-08-22 06:00:01;2016-08-23 06:00:00;2016-08-22;0.9;Y
2016-08-23 06:00:01;2016-08-24 06:00:00;2016-08-23;0.0;Y
2016-08-24 06:00:01;2016-08-25 06:00:00;2016-08-24;0.0;Y
2016-08-25 06:00:01;2016-08-26 06:00:00;2016-08-25;14.0;Y
2016-08-26 06:00:01;2016-08-27 06:00:00;2016-08-26;0.1;Y
2016-08-27 06:00:01;2016-08-28 06:00:00;2016-08-27;0.0;Y
2016-08-28 06:00:01;2016-08-29 06:00:00;2016-08-28;7.3;Y
2016-08-29 06:00:01;2016-08-30 06:00:00;2016-08-29;22.0;Y
2016-08-30 06:00:01;2016-08-31 06:00:00;2016-08-30;0.0;Y
2016-08-31 06:00:01;2016-09-01 06:00:00;2016-08-31;0.0;Y
2016-09-01 06:00:01;2016-09-02 06:00:00;2016-09-01;0.0;Y
2016-09-02 06:00:01;2016-09-03 06:00:00;2016-09-02;0.1;Y
2016-09-03 06:00:01;2016-09-04 06:00:00;2016-09-03;1.1;Y
2016-09-04 06:00:01;2016-09-05 06:00:00;2016-09-04;0.1;Y
2016-09-05 06:00:01;2016-09-06 06:00:00;2016-09-05;0.0;Y
2016-09-06 06:00:01;2016-09-07 06:00:00;2016-09-06;0.0;Y
2016-09-07 06:00:01;2016-09-08 06:00:00;2016-09-07;0.0;Y
2016-09-08 06:00:01;2016-09-09 06:00:00;2016-09-08;0.0;Y
2016-09-09 06:00:01;2016-09-10 06:00:00;2016-09-09;0.0;Y
2016-09-10 06:00:01;2016-09-11 06:00:00;2016-09-10;0.0;Y
2016-09-11 06:00:01;2016-09-12 06:00:00;2016-09-11;0.0;Y
2016-09-12 06:00:01;2016-09-13 06:00:00;2016-09-12;0.0;Y
2016-09-13 06:00:01;2016-09-14 06:00:00;2016-09-13;0.0;Y
2016-09-14 06:00:01;2016-09-15 06:00:00;2016-09-14;0.0;Y
2016-09-15 06:00:01;2016-09-16 06:00:00;2016-09-15;0.0;Y
2016-09-16 06:00:01;2016-09-17 06:00:00;2016-09-16;0.0;Y
2016-09-17 06:00:01;2016-09-18 06:00:00;2016-09-17;0.0;Y
2016-09-18 06:00:01;2016-09-19 06:00:00;2016-09-18;0.0;Y
2016-09-19 06:00:01;2016-09-20 06:00:00;2016-09-19;0.0;Y
2016-09-20 06:00:01;2016-09-21 06:00:00;2016-09-20;0.0;Y
2016-09-21 06:00:01;2016-09-22 06:00:00;2016-09-21;0.0;Y
2016-09-22 06:00:01;2016-09-23 06:00:00;2016-09-22;0.0;Y
2016-09-23 06:00:01;2016-09-24 06:00:00;2016-09-23;0.3;Y
2016-09-24 06:00:01;2016-09-25 06:00:00;2016-09-24;0.0;Y
2016-09-25 06:00:01;2016-09-26 06:00:00;2016-09-25;0.0;Y
2016-09-26 06:00:01;2016-09-27 06:00:00;2016-09-26;0.0;Y
2016-09-27 06:00:01;2016-09-28 06:00:00;2016-09-27;5.0;Y
2016-09-28 06:00:01;2016-09-29 06:00:00;2016-09-28;1.0;Y
2016-09-29 06:00:01;2016-09-30 06:00:00;2016-09-29;3.0;Y
2016-09-30 06:00:01;2016-10-01 06:00:00;2016-09-30;0.0;Y
2016-10-01 06:00:01;2016-10-02 06:00:00;2016-10-01;0.0;Y
2016-10-02 06:00:01;2016-10-03 06:00:00;2016-10-02;0.0;Y
2016-10-03 06:00:01;2016-10-04 06:00:00;2016-10-03;0.0;Y
2016-10-04 06:00:01;2016-10-05 06:00:00;2016-10-04;0.4;Y
2016-10-05 06:00:01;2016-10-06 06:00:00;2016-10-05;0.0;Y
2016-10-06 06:00:01;2016-10-07 06:00:00;2016-10-06;0.0;Y
2016-10-07 06:00:01;2016-10-08 06:00:00;2016-10-07;0.0;Y
2016-10-08 06:00:01;2016-10-09 06:00:00;2016-10-08;0.1;Y
2016-10-09 06:00:01;2016-10-10 06:00:00;2016-10-09;0.0;Y
2016-10-10 06:00:01;2016-10-11 06:00:00;2016-10-10;0.0;Y
2016-10-11 06:00:01;2016-10-12 06:00:00;2016-10-11;0.0;Y
2016-10-12 06:00:01;2016-10-13 06:00:00;2016-10-12;0.0;Y
2016-10-13 06:00:01;2016-10-14 06:00:00;2016-10-13;0.0;Y
2016-10-14 06:00:01;2016-10-15 06:00:00;2016-10-14;0.0;Y
2016-10-15 06:00:01;2016-10-16 06:00:00;2016-10-15;0.0;Y
2016-10-16 06:00:01;2016-10-17 06:00:00;2016-10-16;0.0;Y
2016-10-17 06:00:01;2016-10-18 06:00:00;2016-10-17;0.0;Y
2016-10-18 06:00:01;2016-10-19 06:00:00;2016-10-18;0.6;Y
2016-10-19 06:00:01;2016-10-20 06:00:00;2016-10-19;0.0;Y
2016-10-20 06:00:01;2016-10-21 06:00:00;2016-10-20;0.0;Y
2016-10-21 06:00:01;2016-10-22 06:00:00;2016-10-21;0.0;Y
2016-10-22 06:00:01;2016-10-23 06:00:00;2016-10-22;1.0;Y
2016-10-23 06:00:01;2016-10-24 06:00:00;2016-10-23;2.7;Y
2016-10-24 06:00:01;2016-10-25 06:00:00;2016-10-24;4.0;Y
2016-10-25 06:00:01;2016-10-26 06:00:00;2016-10-25;2.0;Y
2016-10-26 06:00:01;2016-10-27 06:00:00;2016-10-26;2.0;Y
2016-10-27 06:00:01;2016-10-28 06:00:00;2016-10-27;0.5;Y
2016-10-28 06:00:01;2016-10-29 06:00:00;2016-10-28;0.0;Y
2016-10-29 06:00:01;2016-10-30 06:00:00;2016-10-29;0.0;Y
2016-10-30 06:00:01;2016-10-31 06:00:00;2016-10-30;0.0;Y
2016-10-31 06:00:01;2016-11-01 06:00:00;2016-10-31;3.0;Y
2016-11-01 06:00:01;2016-11-02 06:00:00;2016-11-01;21.0;Y
2016-11-02 06:00:01;2016-11-03 06:00:00;2016-11-02;2.1;Y
2016-11-03 06:00:01;2016-11-04 06:00:00;2016-11-03;0.2;Y
2016-11-04 06:00:01;2016-11-05 06:00:00;2016-11-04;0.0;Y
2016-11-05 06:00:01;2016-11-06 06:00:00;2016-11-05;0.0;Y
2016-11-06 06:00:01;2016-11-07 06:00:00;2016-11-06;0.1;Y
2016-11-07 06:00:01;2016-11-08 06:00:00;2016-11-07;0.9;Y
2016-11-08 06:00:01;2016-11-09 06:00:00;2016-11-08;1.5;Y
2016-11-09 06:00:01;2016-11-10 06:00:00;2016-11-09;8.5;Y
2016-11-10 06:00:01;2016-11-11 06:00:00;2016-11-10;1.0;Y
2016-11-11 06:00:01;2016-11-12 06:00:00;2016-11-11;0.0;Y
2016-11-12 06:00:01;2016-11-13 06:00:00;2016-11-12;0.0;Y
2016-11-13 06:00:01;2016-11-14 06:00:00;2016-11-13;0.1;Y
2016-11-14 06:00:01;2016-11-15 06:00:00;2016-11-14;1.0;Y
2016-11-15 06:00:01;2016-11-16 06:00:00;2016-11-15;6.0;Y
2016-11-16 06:00:01;2016-11-17 06:00:00;2016-11-16;2.0;Y
2016-11-17 06:00:01;2016-11-18 06:00:00;2016-11-17;0.0;Y
2016-11-18 06:00:01;2016-11-19 06:00:00;2016-11-18;4.1;Y
2016-11-19 06:00:01;2016-11-20 06:00:00;2016-11-19;2.1;Y
2016-11-20 06:00:01;2016-11-21 06:00:00;2016-11-20;2.0;Y
2016-11-21 06:00:01;2016-11-22 06:00:00;2016-11-21;3.0;Y
2016-11-22 06:00:01;2016-11-23 06:00:00;2016-11-22;0.0;Y
2016-11-23 06:00:01;2016-11-24 06:00:00;2016-11-23;3.0;Y
2016-11-24 06:00:01;2016-11-25 06:00:00;2016-11-24;0.0;Y
2016-11-25 06:00:01;2016-11-26 06:00:00;2016-11-25;2.0;Y
2016-11-26 06:00:01;2016-11-27 06:00:00;2016-11-26;0.1;Y
2016-11-27 06:00:01;2016-11-28 06:00:00;2016-11-27;1.0;Y
2016-11-28 06:00:01;2016-11-29 06:00:00;2016-11-28;1.1;Y
2016-11-29 06:00:01;2016-11-30 06:00:00;2016-11-29;0.0;Y
2016-11-30 06:00:01;2016-12-01 06:00:00;2016-11-30;0.0;Y
2016-12-01 06:00:01;2016-12-02 06:00:00;2016-12-01;0.0;Y
2016-12-02 06:00:01;2016-12-03 06:00:00;2016-12-02;0.0;Y
2016-12-03 06:00:01;2016-12-04 06:00:00;2016-12-03;0.0;Y
2016-12-04 06:00:01;2016-12-05 06:00:00;2016-12-04;0.0;Y
2016-12-05 06:00:01;2016-12-06 06:00:00;2016-12-05;0.0;Y
2016-12-06 06:00:01;2016-12-07 06:00:00;2016-12-06;0.0;Y
2016-12-07 06:00:01;2016-12-08 06:00:00;2016-12-07;1.1;Y
2016-12-08 06:00:01;2016-12-09 06:00:00;2016-12-08;0.0;Y
2016-12-09 06:00:01;2016-12-10 06:00:00;2016-12-09;0.8;Y
2016-12-10 06:00:01;2016-12-11 06:00:00;2016-12-10;7.0;Y
2016-12-11 06:00:01;2016-12-12 06:00:00;2016-12-11;2.0;Y
2016-12-12 06:00:01;2016-12-13 06:00:00;2016-12-12;0.0;Y
2016-12-13 06:00:01;2016-12-14 06:00:00;2016-12-13;4.0;Y
2016-12-14 06:00:01;2016-12-15 06:00:00;2016-12-14;0.0;Y
2016-12-15 06:00:01;2016-12-16 06:00:00;2016-12-15;0.0;Y
2016-12-16 06:00:01;2016-12-17 06:00:00;2016-12-16;0.0;Y
2016-12-17 06:00:01;2016-12-18 06:00:00;2016-12-17;0.0;Y
2016-12-18 06:00:01;2016-12-19 06:00:00;2016-12-18;0.0;Y
2016-12-19 06:00:01;2016-12-20 06:00:00;2016-12-19;0.0;Y
2016-12-20 06:00:01;2016-12-21 06:00:00;2016-12-20;0.0;Y
2016-12-21 06:00:01;2016-12-22 06:00:00;2016-12-21;0.0;Y
2016-12-22 06:00:01;2016-12-23 06:00:00;2016-12-22;0.0;Y
2016-12-23 06:00:01;2016-12-24 06:00:00;2016-12-23;0.9;Y
2016-12-24 06:00:01;2016-12-25 06:00:00;2016-12-24;0.0;Y
2016-12-25 06:00:01;2016-12-26 06:00:00;2016-12-25;0.2;Y
2016-12-26 06:00:01;2016-12-27 06:00:00;2016-12-26;0.9;Y
2016-12-27 06:00:01;2016-12-28 06:00:00;2016-12-27;1.0;Y
2016-12-28 06:00:01;2016-12-29 06:00:00;2016-12-28;0.0;Y
2016-12-29 06:00:01;2016-12-30 06:00:00;2016-12-29;0.0;Y
2016-12-30 06:00:01;2016-12-31 06:00:00;2016-12-30;0.0;Y
2016-12-31 06:00:01;2017-01-01 06:00:00;2016-12-31;0.0;Y
2017-01-01 06:00:01;2017-01-02 06:00:00;2017-01-01;0.0;Y
2017-01-02 06:00:01;2017-01-03 06:00:00;2017-01-02;0.0;Y
2017-01-03 06:00:01;2017-01-04 06:00:00;2017-01-03;7.0;Y
2017-01-04 06:00:01;2017-01-05 06:00:00;2017-01-04;0.0;Y
2017-01-05 06:00:01;2017-01-06 06:00:00;2017-01-05;0.0;Y
2017-01-06 06:00:01;2017-01-07 06:00:00;2017-01-06;4.1;Y
2017-01-07 06:00:01;2017-01-08 06:00:00;2017-01-07;1.0;Y
2017-01-08 06:00:01;2017-01-09 06:00:00;2017-01-08;0.0;Y
2017-01-09 06:00:01;2017-01-10 06:00:00;2017-01-09;0.0;Y
2017-01-10 06:00:01;2017-01-11 06:00:00;2017-01-10;0.4;Y
2017-01-11 06:00:01;2017-01-12 06:00:00;2017-01-11;7.0;Y
2017-01-12 06:00:01;2017-01-13 06:00:00;2017-01-12;0.0;Y
2017-01-13 06:00:01;2017-01-14 06:00:00;2017-01-13;0.0;Y
2017-01-14 06:00:01;2017-01-15 06:00:00;2017-01-14;0.0;Y
2017-01-15 06:00:01;2017-01-16 06:00:00;2017-01-15;0.0;Y
2017-01-16 06:00:01;2017-01-17 06:00:00;2017-01-16;0.0;Y
2017-01-17 06:00:01;2017-01-18 06:00:00;2017-01-17;0.0;Y
2017-01-18 06:00:01;2017-01-19 06:00:00;2017-01-18;0.0;Y
2017-01-19 06:00:01;2017-01-20 06:00:00;2017-01-19;0.0;Y
2017-01-20 06:00:01;2017-01-21 06:00:00;2017-01-20;0.0;Y
2017-01-21 06:00:01;2017-01-22 06:00:00;2017-01-21;0.0;Y
2017-01-22 06:00:01;2017-01-23 06:00:00;2017-01-22;0.0;Y
2017-01-23 06:00:01;2017-01-24 06:00:00;2017-01-23;0.0;Y
2017-01-24 06:00:01;2017-01-25 06:00:00;2017-01-24;0.0;Y
2017-01-25 06:00:01;2017-01-26 06:00:00;2017-01-25;0.0;Y
2017-01-26 06:00:01;2017-01-27 06:00:00;2017-01-26;0.0;Y
2017-01-27 06:00:01;2017-01-28 06:00:00;2017-01-27;0.0;Y
2017-01-28 06:00:01;2017-01-29 06:00:00;2017-01-28;0.0;Y
2017-01-29 06:00:01;2017-01-30 06:00:00;2017-01-29;0.0;Y
2017-01-30 06:00:01;2017-01-31 06:00:00;2017-01-30;0.0;Y
2017-01-31 06:00:01;2017-02-01 06:00:00;2017-01-31;0.0;Y
2017-02-01 06:00:01;2017-02-02 06:00:00;2017-02-01;0.0;Y
2017-02-02 06:00:01;2017-02-03 06:00:00;2017-02-02;0.0;Y
2017-02-03 06:00:01;2017-02-04 06:00:00;2017-02-03;0.8;Y
2017-02-04 06:00:01;2017-02-05 06:00:00;2017-02-04;0.1;Y
2017-02-05 06:00:01;2017-02-06 06:00:00;2017-02-05;0.0;Y
2017-02-06 06:00:01;2017-02-07 06:00:00;2017-02-06;0.0;Y
2017-02-07 06:00:01;2017-02-08 06:00:00;2017-02-07;0.0;Y
2017-02-08 06:00:01;2017-02-09 06:00:00;2017-02-08;0.0;Y
2017-02-09 06:00:01;2017-02-10 06:00:00;2017-02-09;0.0;Y
2017-02-10 06:00:01;2017-02-11 06:00:00;2017-02-10;0.0;Y
2017-02-11 06:00:01;2017-02-12 06:00:00;2017-02-11;0.0;Y
2017-02-12 06:00:01;2017-02-13 06:00:00;2017-02-12;0.0;Y
2017-02-13 06:00:01;2017-02-14 06:00:00;2017-02-13;0.0;Y
2017-02-14 06:00:01;2017-02-15 06:00:00;2017-02-14;0.0;Y
2017-02-15 06:00:01;2017-02-16 06:00:00;2017-02-15;0.0;Y
2017-02-16 06:00:01;2017-02-17 06:00:00;2017-02-16;0.0;Y
2017-02-17 06:00:01;2017-02-18 06:00:00;2017-02-17;0.0;Y
2017-02-18 06:00:01;2017-02-19 06:00:00;2017-02-18;0.0;Y
2017-02-19 06:00:01;2017-02-20 06:00:00;2017-02-19;3.0;Y
2017-02-20 06:00:01;2017-02-21 06:00:00;2017-02-20;1.0;Y
2017-02-21 06:00:01;2017-02-22 06:00:00;2017-02-21;0.6;Y
2017-02-22 06:00:01;2017-02-23 06:00:00;2017-02-22;6.1;Y
2017-02-23 06:00:01;2017-02-24 06:00:00;2017-02-23;0.0;Y
2017-02-24 06:00:01;2017-02-25 06:00:00;2017-02-24;0.0;Y
2017-02-25 06:00:01;2017-02-26 06:00:00;2017-02-25;1.0;Y
2017-02-26 06:00:01;2017-02-27 06:00:00;2017-02-26;0.0;Y
2017-02-27 06:00:01;2017-02-28 06:00:00;2017-02-27;4.9;Y
2017-02-28 06:00:01;2017-03-01 06:00:00;2017-02-28;0.1;Y
2017-03-01 06:00:01;2017-03-02 06:00:00;2017-03-01;0.5;Y
2017-03-02 06:00:01;2017-03-03 06:00:00;2017-03-02;0.0;Y
2017-03-03 06:00:01;2017-03-04 06:00:00;2017-03-03;1.1;Y
2017-03-04 06:00:01;2017-03-05 06:00:00;2017-03-04;1.0;Y
2017-03-05 06:00:01;2017-03-06 06:00:00;2017-03-05;0.0;Y
2017-03-06 06:00:01;2017-03-07 06:00:00;2017-03-06;0.0;Y
2017-03-07 06:00:01;2017-03-08 06:00:00;2017-03-07;10.0;Y
2017-03-08 06:00:01;2017-03-09 06:00:00;2017-03-08;2.2;Y
2017-03-09 06:00:01;2017-03-10 06:00:00;2017-03-09;0.0;Y
2017-03-10 06:00:01;2017-03-11 06:00:00;2017-03-10;0.0;Y
2017-03-11 06:00:01;2017-03-12 06:00:00;2017-03-11;0.0;Y
2017-03-12 06:00:01;2017-03-13 06:00:00;2017-03-12;0.0;Y
2017-03-13 06:00:01;2017-03-14 06:00:00;2017-03-13;0.0;Y
2017-03-14 06:00:01;2017-03-15 06:00:00;2017-03-14;0.0;Y
2017-03-15 06:00:01;2017-03-16 06:00:00;2017-03-15;0.0;Y
2017-03-16 06:00:01;2017-03-17 06:00:00;2017-03-16;2.0;Y
2017-03-17 06:00:01;2017-03-18 06:00:00;2017-03-17;0.0;Y
2017-03-18 06:00:01;2017-03-19 06:00:00;2017-03-18;0.0;Y
2017-03-19 06:00:01;2017-03-20 06:00:00;2017-03-19;0.0;Y
2017-03-20 06:00:01;2017-03-21 06:00:00;2017-03-20;5.6;Y
2017-03-21 06:00:01;2017-03-22 06:00:00;2017-03-21;1.0;Y
2017-03-22 06:00:01;2017-03-23 06:00:00;2017-03-22;0.0;Y
2017-03-23 06:00:01;2017-03-24 06:00:00;2017-03-23;0.0;Y
2017-03-24 06:00:01;2017-03-25 06:00:00;2017-03-24;0.0;Y
2017-03-25 06:00:01;2017-03-26 06:00:00;2017-03-25;0.0;Y
2017-03-26 06:00:01;2017-03-27 06:00:00;2017-03-26;0.0;Y
2017-03-27 06:00:01;2017-03-28 06:00:00;2017-03-27;0.0;Y
2017-03-28 06:00:01;2017-03-29 06:00:00;2017-03-28;0.0;Y
2017-03-29 06:00:01;2017-03-30 06:00:00;2017-03-29;0.0;Y
2017-03-30 06:00:01;2017-03-31 06:00:00;2017-03-30;1.3;Y
2017-03-31 06:00:01;2017-04-01 06:00:00;2017-03-31;3.0;Y
2017-04-01 06:00:01;2017-04-02 06:00:00;2017-04-01;0.2;Y
2017-04-02 06:00:01;2017-04-03 06:00:00;2017-04-02;0.0;Y
2017-04-03 06:00:01;2017-04-04 06:00:00;2017-04-03;0.0;Y
2017-04-04 06:00:01;2017-04-05 06:00:00;2017-04-04;0.0;Y
2017-04-05 06:00:01;2017-04-06 06:00:00;2017-04-05;0.3;Y
2017-04-06 06:00:01;2017-04-07 06:00:00;2017-04-06;0.1;Y
2017-04-07 06:00:01;2017-04-08 06:00:00;2017-04-07;0.0;Y
2017-04-08 06:00:01;2017-04-09 06:00:00;2017-04-08;0.0;Y
2017-04-09 06:00:01;2017-04-10 06:00:00;2017-04-09;0.0;Y
2017-04-10 06:00:01;2017-04-11 06:00:00;2017-04-10;2.0;Y
2017-04-11 06:00:01;2017-04-12 06:00:00;2017-04-11;0.0;Y
2017-04-12 06:00:01;2017-04-13 06:00:00;2017-04-12;0.1;Y
2017-04-13 06:00:01;2017-04-14 06:00:00;2017-04-13;0.0;Y
2017-04-14 06:00:01;2017-04-15 06:00:00;2017-04-14;0.0;Y
2017-04-15 06:00:01;2017-04-16 06:00:00;2017-04-15;0.1;Y
2017-04-16 06:00:01;2017-04-17 06:00:00;2017-04-16;0.0;Y
2017-04-17 06:00:01;2017-04-18 06:00:00;2017-04-17;1.1;Y
2017-04-18 06:00:01;2017-04-19 06:00:00;2017-04-18;0.0;Y
2017-04-19 06:00:01;2017-04-20 06:00:00;2017-04-19;0.0;Y
2017-04-20 06:00:01;2017-04-21 06:00:00;2017-04-20;0.0;Y
2017-04-21 06:00:01;2017-04-22 06:00:00;2017-04-21;1.0;Y
2017-04-22 06:00:01;2017-04-23 06:00:00;2017-04-22;0.0;Y
2017-04-23 06:00:01;2017-04-24 06:00:00;2017-04-23;0.0;Y
2017-04-24 06:00:01;2017-04-25 06:00:00;2017-04-24;11.0;Y
2017-04-25 06:00:01;2017-04-26 06:00:00;2017-04-25;3.2;Y
2017-04-26 06:00:01;2017-04-27 06:00:00;2017-04-26;7.0;Y
2017-04-27 06:00:01;2017-04-28 06:00:00;2017-04-27;0.1;Y
2017-04-28 06:00:01;2017-04-29 06:00:00;2017-04-28;0.0;Y
2017-04-29 06:00:01;2017-04-30 06:00:00;2017-04-29;0.0;Y
2017-04-30 06:00:01;2017-05-01 06:00:00;2017-04-30;0.0;Y
2017-05-01 06:00:01;2017-05-02 06:00:00;2017-05-01;0.0;Y
2017-05-02 06:00:01;2017-05-03 06:00:00;2017-05-02;0.0;Y
2017-05-03 06:00:01;2017-05-04 06:00:00;2017-05-03;0.0;Y
2017-05-04 06:00:01;2017-05-05 06:00:00;2017-05-04;0.0;Y
2017-05-05 06:00:01;2017-05-06 06:00:00;2017-05-05;0.0;Y
2017-05-06 06:00:01;2017-05-07 06:00:00;2017-05-06;0.0;Y
2017-05-07 06:00:01;2017-05-08 06:00:00;2017-05-07;0.4;Y
2017-05-08 06:00:01;2017-05-09 06:00:00;2017-05-08;0.2;Y
2017-05-09 06:00:01;2017-05-10 06:00:00;2017-05-09;0.9;Y
2017-05-10 06:00:01;2017-05-11 06:00:00;2017-05-10;0.0;Y
2017-05-11 06:00:01;2017-05-12 06:00:00;2017-05-11;0.0;Y
2017-05-12 06:00:01;2017-05-13 06:00:00;2017-05-12;0.0;Y
2017-05-13 06:00:01;2017-05-14 06:00:00;2017-05-13;0.0;Y
2017-05-14 06:00:01;2017-05-15 06:00:00;2017-05-14;0.6;Y
2017-05-15 06:00:01;2017-05-16 06:00:00;2017-05-15;0.0;Y
2017-05-16 06:00:01;2017-05-17 06:00:00;2017-05-16;0.0;Y
2017-05-17 06:00:01;2017-05-18 06:00:00;2017-05-17;1.0;Y
2017-05-18 06:00:01;2017-05-19 06:00:00;2017-05-18;0.0;Y
2017-05-19 06:00:01;2017-05-20 06:00:00;2017-05-19;0.0;Y
2017-05-20 06:00:01;2017-05-21 06:00:00;2017-05-20;0.8;Y
2017-05-21 06:00:01;2017-05-22 06:00:00;2017-05-21;0.0;Y
2017-05-22 06:00:01;2017-05-23 06:00:00;2017-05-22;0.0;Y
2017-05-23 06:00:01;2017-05-24 06:00:00;2017-05-23;0.0;Y
2017-05-24 06:00:01;2017-05-25 06:00:00;2017-05-24;0.0;Y
2017-05-25 06:00:01;2017-05-26 06:00:00;2017-05-25;0.0;Y
2017-05-26 06:00:01;2017-05-27 06:00:00;2017-05-26;0.0;Y
2017-05-27 06:00:01;2017-05-28 06:00:00;2017-05-27;0.0;Y
2017-05-28 06:00:01;2017-05-29 06:00:00;2017-05-28;0.0;Y
2017-05-29 06:00:01;2017-05-30 06:00:00;2017-05-29;2.0;Y
2017-05-30 06:00:01;2017-05-31 06:00:00;2017-05-30;7.0;Y
2017-05-31 06:00:01;2017-06-01 06:00:00;2017-05-31;0.0;Y
2017-06-01 06:00:01;2017-06-02 06:00:00;2017-06-01;0.2;Y
2017-06-02 06:00:01;2017-06-03 06:00:00;2017-06-02;0.0;Y
2017-06-03 06:00:01;2017-06-04 06:00:00;2017-06-03;1.0;Y
2017-06-04 06:00:01;2017-06-05 06:00:00;2017-06-04;8.0;Y
2017-06-05 06:00:01;2017-06-06 06:00:00;2017-06-05;0.8;Y
2017-06-06 06:00:01;2017-06-07 06:00:00;2017-06-06;0.0;Y
2017-06-07 06:00:01;2017-06-08 06:00:00;2017-06-07;4.2;Y
2017-06-08 06:00:01;2017-06-09 06:00:00;2017-06-08;0.9;Y
2017-06-09 06:00:01;2017-06-10 06:00:00;2017-06-09;0.0;Y
2017-06-10 06:00:01;2017-06-11 06:00:00;2017-06-10;9.0;Y
2017-06-11 06:00:01;2017-06-12 06:00:00;2017-06-11;2.0;Y
2017-06-12 06:00:01;2017-06-13 06:00:00;2017-06-12;1.3;Y
2017-06-13 06:00:01;2017-06-14 06:00:00;2017-06-13;0.7;Y
2017-06-14 06:00:01;2017-06-15 06:00:00;2017-06-14;0.0;Y
2017-06-15 06:00:01;2017-06-16 06:00:00;2017-06-15;4.0;Y
2017-06-16 06:00:01;2017-06-17 06:00:00;2017-06-16;0.0;Y
2017-06-17 06:00:01;2017-06-18 06:00:00;2017-06-17;0.0;Y
2017-06-18 06:00:01;2017-06-19 06:00:00;2017-06-18;0.1;Y
2017-06-19 06:00:01;2017-06-20 06:00:00;2017-06-19;3.0;Y
2017-06-20 06:00:01;2017-06-21 06:00:00;2017-06-20;0.8;Y
2017-06-21 06:00:01;2017-06-22 06:00:00;2017-06-21;0.0;Y
2017-06-22 06:00:01;2017-06-23 06:00:00;2017-06-22;0.0;Y
2017-06-23 06:00:01;2017-06-24 06:00:00;2017-06-23;8.0;Y
2017-06-24 06:00:01;2017-06-25 06:00:00;2017-06-24;0.2;Y
2017-06-25 06:00:01;2017-06-26 06:00:00;2017-06-25;3.5;Y
2017-06-26 06:00:01;2017-06-27 06:00:00;2017-06-26;2.0;Y
2017-06-27 06:00:01;2017-06-28 06:00:00;2017-06-27;0.0;Y
2017-06-28 06:00:01;2017-06-29 06:00:00;2017-06-28;0.0;Y
2017-06-29 06:00:01;2017-06-30 06:00:00;2017-06-29;0.0;Y
2017-06-30 06:00:01;2017-07-01 06:00:00;2017-06-30;0.0;Y
2017-07-01 06:00:01;2017-07-02 06:00:00;2017-07-01;0.0;Y
2017-07-02 06:00:01;2017-07-03 06:00:00;2017-07-02;2.1;Y
2017-07-03 06:00:01;2017-07-04 06:00:00;2017-07-03;8.0;Y
2017-07-04 06:00:01;2017-07-05 06:00:00;2017-07-04;0.0;Y
2017-07-05 06:00:01;2017-07-06 06:00:00;2017-07-05;0.0;Y
2017-07-06 06:00:01;2017-07-07 06:00:00;2017-07-06;0.0;Y
2017-07-07 06:00:01;2017-07-08 06:00:00;2017-07-07;0.0;Y
2017-07-08 06:00:01;2017-07-09 06:00:00;2017-07-08;0.0;Y
2017-07-09 06:00:01;2017-07-10 06:00:00;2017-07-09;1.0;Y
2017-07-10 06:00:01;2017-07-11 06:00:00;2017-07-10;0.2;Y
2017-07-11 06:00:01;2017-07-12 06:00:00;2017-07-11;0.1;Y
2017-07-12 06:00:01;2017-07-13 06:00:00;2017-07-12;0.0;Y
2017-07-13 06:00:01;2017-07-14 06:00:00;2017-07-13;0.0;Y
2017-07-14 06:00:01;2017-07-15 06:00:00;2017-07-14;0.0;Y
2017-07-15 06:00:01;2017-07-16 06:00:00;2017-07-15;0.0;Y
2017-07-16 06:00:01;2017-07-17 06:00:00;2017-07-16;3.0;Y
2017-07-17 06:00:01;2017-07-18 06:00:00;2017-07-17;0.3;Y
2017-07-18 06:00:01;2017-07-19 06:00:00;2017-07-18;0.6;Y
2017-07-19 06:00:01;2017-07-20 06:00:00;2017-07-19;0.0;Y
2017-07-20 06:00:01;2017-07-21 06:00:00;2017-07-20;0.0;Y
2017-07-21 06:00:01;2017-07-22 06:00:00;2017-07-21;0.0;Y
2017-07-22 06:00:01;2017-07-23 06:00:00;2017-07-22;0.7;Y
2017-07-23 06:00:01;2017-07-24 06:00:00;2017-07-23;0.0;Y
2017-07-24 06:00:01;2017-07-25 06:00:00;2017-07-24;0.0;Y
2017-07-25 06:00:01;2017-07-26 06:00:00;2017-07-25;0.0;Y
2017-07-26 06:00:01;2017-07-27 06:00:00;2017-07-26;0.0;Y
2017-07-27 06:00:01;2017-07-28 06:00:00;2017-07-27;0.2;Y
2017-07-28 06:00:01;2017-07-29 06:00:00;2017-07-28;5.0;Y
2017-07-29 06:00:01;2017-07-30 06:00:00;2017-07-29;0.0;Y
2017-07-30 06:00:01;2017-07-31 06:00:00;2017-07-30;0.0;Y
2017-07-31 06:00:01;2017-08-01 06:00:00;2017-07-31;0.0;Y
2017-08-01 06:00:01;2017-08-02 06:00:00;2017-08-01;0.0;Y
2017-08-02 06:00:01;2017-08-03 06:00:00;2017-08-02;0.1;Y
2017-08-03 06:00:01;2017-08-04 06:00:00;2017-08-03;3.0;Y
2017-08-04 06:00:01;2017-08-05 06:00:00;2017-08-04;10.0;Y
2017-08-05 06:00:01;2017-08-06 06:00:00;2017-08-05;1.5;Y
2017-08-06 06:00:01;2017-08-07 06:00:00;2017-08-06;1.1;Y
2017-08-07 06:00:01;2017-08-08 06:00:00;2017-08-07;0.1;Y
2017-08-08 06:00:01;2017-08-09 06:00:00;2017-08-08;0.0;Y
2017-08-09 06:00:01;2017-08-10 06:00:00;2017-08-09;0.4;Y
2017-08-10 06:00:01;2017-08-11 06:00:00;2017-08-10;0.0;Y
2017-08-11 06:00:01;2017-08-12 06:00:00;2017-08-11;0.0;Y
2017-08-12 06:00:01;2017-08-13 06:00:00;2017-08-12;0.7;Y
2017-08-13 06:00:01;2017-08-14 06:00:00;2017-08-13;2.0;Y
2017-08-14 06:00:01;2017-08-15 06:00:00;2017-08-14;0.0;Y
2017-08-15 06:00:01;2017-08-16 06:00:00;2017-08-15;0.0;Y
2017-08-16 06:00:01;2017-08-17 06:00:00;2017-08-16;0.4;Y
2017-08-17 06:00:01;2017-08-18 06:00:00;2017-08-17;0.0;Y
2017-08-18 06:00:01;2017-08-19 06:00:00;2017-08-18;10.0;Y
2017-08-19 06:00:01;2017-08-20 06:00:00;2017-08-19;7.0;Y
2017-08-20 06:00:01;2017-08-21 06:00:00;2017-08-20;0.0;Y
2017-08-21 06:00:01;2017-08-22 06:00:00;2017-08-21;1.0;Y
2017-08-22 06:00:01;2017-08-23 06:00:00;2017-08-22;0.1;Y
2017-08-23 06:00:01;2017-08-24 06:00:00;2017-08-23;0.0;Y
2017-08-24 06:00:01;2017-08-25 06:00:00;2017-08-24;16.0;Y
2017-08-25 06:00:01;2017-08-26 06:00:00;2017-08-25;3.0;Y
2017-08-26 06:00:01;2017-08-27 06:00:00;2017-08-26;0.0;Y
2017-08-27 06:00:01;2017-08-28 06:00:00;2017-08-27;0.0;Y
2017-08-28 06:00:01;2017-08-29 06:00:00;2017-08-28;0.0;Y
2017-08-29 06:00:01;2017-08-30 06:00:00;2017-08-29;0.5;Y
2017-08-30 06:00:01;2017-08-31 06:00:00;2017-08-30;5.0;Y
2017-08-31 06:00:01;2017-09-01 06:00:00;2017-08-31;9.0;Y
2017-09-01 06:00:01;2017-09-02 06:00:00;2017-09-01;0.0;Y
2017-09-02 06:00:01;2017-09-03 06:00:00;2017-09-02;12.0;Y
2017-09-03 06:00:01;2017-09-04 06:00:00;2017-09-03;0.7;Y
2017-09-04 06:00:01;2017-09-05 06:00:00;2017-09-04;0.9;Y
2017-09-05 06:00:01;2017-09-06 06:00:00;2017-09-05;0.0;Y
2017-09-06 06:00:01;2017-09-07 06:00:00;2017-09-06;0.0;Y
2017-09-07 06:00:01;2017-09-08 06:00:00;2017-09-07;0.0;Y
2017-09-08 06:00:01;2017-09-09 06:00:00;2017-09-08;2.0;Y
2017-09-09 06:00:01;2017-09-10 06:00:00;2017-09-09;13.9;Y
2017-09-10 06:00:01;2017-09-11 06:00:00;2017-09-10;0.1;Y
2017-09-11 06:00:01;2017-09-12 06:00:00;2017-09-11;13.0;Y
2017-09-12 06:00:01;2017-09-13 06:00:00;2017-09-12;0.1;Y
2017-09-13 06:00:01;2017-09-14 06:00:00;2017-09-13;2.0;Y
2017-09-14 06:00:01;2017-09-15 06:00:00;2017-09-14;0.4;Y
2017-09-15 06:00:01;2017-09-16 06:00:00;2017-09-15;6.0;Y
2017-09-16 06:00:01;2017-09-17 06:00:00;2017-09-16;0.0;Y
2017-09-17 06:00:01;2017-09-18 06:00:00;2017-09-17;0.0;Y
2017-09-18 06:00:01;2017-09-19 06:00:00;2017-09-18;2.6;Y
2017-09-19 06:00:01;2017-09-20 06:00:00;2017-09-19;0.0;Y
2017-09-20 06:00:01;2017-09-21 06:00:00;2017-09-20;18.0;Y
2017-09-21 06:00:01;2017-09-22 06:00:00;2017-09-21;0.4;Y
2017-09-22 06:00:01;2017-09-23 06:00:00;2017-09-22;2.0;Y
2017-09-23 06:00:01;2017-09-24 06:00:00;2017-09-23;0.1;Y
2017-09-24 06:00:01;2017-09-25 06:00:00;2017-09-24;0.0;Y
2017-09-25 06:00:01;2017-09-26 06:00:00;2017-09-25;0.1;Y
2017-09-26 06:00:01;2017-09-27 06:00:00;2017-09-26;0.1;Y
2017-09-27 06:00:01;2017-09-28 06:00:00;2017-09-27;0.0;Y
2017-09-28 06:00:01;2017-09-29 06:00:00;2017-09-28;0.0;Y
2017-09-29 06:00:01;2017-09-30 06:00:00;2017-09-29;0.0;Y
2017-09-30 06:00:01;2017-10-01 06:00:00;2017-09-30;0.0;Y
2017-10-01 06:00:01;2017-10-02 06:00:00;2017-10-01;0.0;Y
2017-10-02 06:00:01;2017-10-03 06:00:00;2017-10-02;10.0;Y
2017-10-03 06:00:01;2017-10-04 06:00:00;2017-10-03;2.0;Y
2017-10-04 06:00:01;2017-10-05 06:00:00;2017-10-04;0.0;Y
2017-10-05 06:00:01;2017-10-06 06:00:00;2017-10-05;0.0;Y
2017-10-06 06:00:01;2017-10-07 06:00:00;2017-10-06;1.0;Y
2017-10-07 06:00:01;2017-10-08 06:00:00;2017-10-07;4.0;Y
2017-10-08 06:00:01;2017-10-09 06:00:00;2017-10-08;17.0;Y
2017-10-09 06:00:01;2017-10-10 06:00:00;2017-10-09;5.0;Y
2017-10-10 06:00:01;2017-10-11 06:00:00;2017-10-10;0.5;Y
2017-10-11 06:00:01;2017-10-12 06:00:00;2017-10-11;7.0;Y
2017-10-12 06:00:01;2017-10-13 06:00:00;2017-10-12;12.0;Y
2017-10-13 06:00:01;2017-10-14 06:00:00;2017-10-13;6.1;Y
2017-10-14 06:00:01;2017-10-15 06:00:00;2017-10-14;0.1;Y
2017-10-15 06:00:01;2017-10-16 06:00:00;2017-10-15;0.0;Y
2017-10-16 06:00:01;2017-10-17 06:00:00;2017-10-16;3.0;Y
2017-10-17 06:00:01;2017-10-18 06:00:00;2017-10-17;3.0;Y
2017-10-18 06:00:01;2017-10-19 06:00:00;2017-10-18;0.0;Y
2017-10-19 06:00:01;2017-10-20 06:00:00;2017-10-19;0.0;Y
2017-10-20 06:00:01;2017-10-21 06:00:00;2017-10-20;0.0;Y
2017-10-21 06:00:01;2017-10-22 06:00:00;2017-10-21;0.0;Y
2017-10-22 06:00:01;2017-10-23 06:00:00;2017-10-22;0.0;Y
2017-10-23 06:00:01;2017-10-24 06:00:00;2017-10-23;0.2;Y
2017-10-24 06:00:01;2017-10-25 06:00:00;2017-10-24;2.0;Y
2017-10-25 06:00:01;2017-10-26 06:00:00;2017-10-25;10.1;Y
2017-10-26 06:00:01;2017-10-27 06:00:00;2017-10-26;0.4;Y
2017-10-27 06:00:01;2017-10-28 06:00:00;2017-10-27;3.0;Y
2017-10-28 06:00:01;2017-10-29 06:00:00;2017-10-28;0.6;Y
2017-10-29 06:00:01;2017-10-30 06:00:00;2017-10-29;0.0;Y
2017-10-30 06:00:01;2017-10-31 06:00:00;2017-10-30;0.0;Y
2017-10-31 06:00:01;2017-11-01 06:00:00;2017-10-31;0.0;Y
2017-11-01 06:00:01;2017-11-02 06:00:00;2017-11-01;9.0;Y
2017-11-02 06:00:01;2017-11-03 06:00:00;2017-11-02;0.1;Y
2017-11-03 06:00:01;2017-11-04 06:00:00;2017-11-03;0.0;Y
2017-11-04 06:00:01;2017-11-05 06:00:00;2017-11-04;0.2;Y
2017-11-05 06:00:01;2017-11-06 06:00:00;2017-11-05;0.2;Y
2017-11-06 06:00:01;2017-11-07 06:00:00;2017-11-06;0.0;Y
2017-11-07 06:00:01;2017-11-08 06:00:00;2017-11-07;0.0;Y
2017-11-08 06:00:01;2017-11-09 06:00:00;2017-11-08;0.0;Y
2017-11-09 06:00:01;2017-11-10 06:00:00;2017-11-09;0.3;Y
2017-11-10 06:00:01;2017-11-11 06:00:00;2017-11-10;11.0;Y
2017-11-11 06:00:01;2017-11-12 06:00:00;2017-11-11;4.0;Y
2017-11-12 06:00:01;2017-11-13 06:00:00;2017-11-12;0.0;Y
2017-11-13 06:00:01;2017-11-14 06:00:00;2017-11-13;0.0;Y
2017-11-14 06:00:01;2017-11-15 06:00:00;2017-11-14;0.4;Y
2017-11-15 06:00:01;2017-11-16 06:00:00;2017-11-15;0.3;Y
2017-11-16 06:00:01;2017-11-17 06:00:00;2017-11-16;2.0;Y
2017-11-17 06:00:01;2017-11-18 06:00:00;2017-11-17;0.0;Y
2017-11-18 06:00:01;2017-11-19 06:00:00;2017-11-18;4.0;Y
2017-11-19 06:00:01;2017-11-20 06:00:00;2017-11-19;2.0;Y
2017-11-20 06:00:01;2017-11-21 06:00:00;2017-11-20;0.0;Y
2017-11-21 06:00:01;2017-11-22 06:00:00;2017-11-21;0.0;Y
2017-11-22 06:00:01;2017-11-23 06:00:00;2017-11-22;8.0;Y
2017-11-23 06:00:01;2017-11-24 06:00:00;2017-11-23;3.7;Y
2017-11-24 06:00:01;2017-11-25 06:00:00;2017-11-24;0.0;Y
2017-11-25 06:00:01;2017-11-26 06:00:00;2017-11-25;0.0;Y
2017-11-26 06:00:01;2017-11-27 06:00:00;2017-11-26;5.0;Y
2017-11-27 06:00:01;2017-11-28 06:00:00;2017-11-27;1.6;Y
2017-11-28 06:00:01;2017-11-29 06:00:00;2017-11-28;8.0;Y
2017-11-29 06:00:01;2017-11-30 06:00:00;2017-11-29;4.2;Y
2017-11-30 06:00:01;2017-12-01 06:00:00;2017-11-30;0.6;Y
2017-12-01 06:00:01;2017-12-02 06:00:00;2017-12-01;0.7;Y
2017-12-02 06:00:01;2017-12-03 06:00:00;2017-12-02;0.1;Y
2017-12-03 06:00:01;2017-12-04 06:00:00;2017-12-03;0.0;Y
2017-12-04 06:00:01;2017-12-05 06:00:00;2017-12-04;0.0;Y
2017-12-05 06:00:01;2017-12-06 06:00:00;2017-12-05;0.0;Y
2017-12-06 06:00:01;2017-12-07 06:00:00;2017-12-06;1.0;Y
2017-12-07 06:00:01;2017-12-08 06:00:00;2017-12-07;3.0;Y
2017-12-08 06:00:01;2017-12-09 06:00:00;2017-12-08;0.0;Y
2017-12-09 06:00:01;2017-12-10 06:00:00;2017-12-09;0.1;Y
2017-12-10 06:00:01;2017-12-11 06:00:00;2017-12-10;0.0;Y
2017-12-11 06:00:01;2017-12-12 06:00:00;2017-12-11;6.7;Y
2017-12-12 06:00:01;2017-12-13 06:00:00;2017-12-12;5.0;Y
2017-12-13 06:00:01;2017-12-14 06:00:00;2017-12-13;6.0;Y
2017-12-14 06:00:01;2017-12-15 06:00:00;2017-12-14;2.4;Y
2017-12-15 06:00:01;2017-12-16 06:00:00;2017-12-15;0.5;Y
2017-12-16 06:00:01;2017-12-17 06:00:00;2017-12-16;0.1;Y
2017-12-17 06:00:01;2017-12-18 06:00:00;2017-12-17;0.0;Y
2017-12-18 06:00:01;2017-12-19 06:00:00;2017-12-18;0.7;Y
2017-12-19 06:00:01;2017-12-20 06:00:00;2017-12-19;0.0;Y
2017-12-20 06:00:01;2017-12-21 06:00:00;2017-12-20;0.6;Y
2017-12-21 06:00:01;2017-12-22 06:00:00;2017-12-21;0.0;Y
2017-12-22 06:00:01;2017-12-23 06:00:00;2017-12-22;0.6;Y
2017-12-23 06:00:01;2017-12-24 06:00:00;2017-12-23;0.8;Y
2017-12-24 06:00:01;2017-12-25 06:00:00;2017-12-24;0.0;Y
2017-12-25 06:00:01;2017-12-26 06:00:00;2017-12-25;4.5;Y
2017-12-26 06:00:01;2017-12-27 06:00:00;2017-12-26;4.0;Y
2017-12-27 06:00:01;2017-12-28 06:00:00;2017-12-27;0.6;Y
2017-12-28 06:00:01;2017-12-29 06:00:00;2017-12-28;5.0;Y
2017-12-29 06:00:01;2017-12-30 06:00:00;2017-12-29;0.0;Y
2017-12-30 06:00:01;2017-12-31 06:00:00;2017-12-30;0.0;Y
2017-12-31 06:00:01;2018-01-01 06:00:00;2017-12-31;4.0;Y
2018-01-01 06:00:01;2018-01-02 06:00:00;2018-01-01;7.3;Y
2018-01-02 06:00:01;2018-01-03 06:00:00;2018-01-02;0.2;Y
2018-01-03 06:00:01;2018-01-04 06:00:00;2018-01-03;0.2;Y
2018-01-04 06:00:01;2018-01-05 06:00:00;2018-01-04;1.7;Y
2018-01-05 06:00:01;2018-01-06 06:00:00;2018-01-05;0.2;Y
2018-01-06 06:00:01;2018-01-07 06:00:00;2018-01-06;0.0;Y
2018-01-07 06:00:01;2018-01-08 06:00:00;2018-01-07;0.0;Y
2018-01-08 06:00:01;2018-01-09 06:00:00;2018-01-08;0.0;Y
2018-01-09 06:00:01;2018-01-10 06:00:00;2018-01-09;0.0;Y
2018-01-10 06:00:01;2018-01-11 06:00:00;2018-01-10;0.0;Y
2018-01-11 06:00:01;2018-01-12 06:00:00;2018-01-11;0.0;Y
2018-01-12 06:00:01;2018-01-13 06:00:00;2018-01-12;0.0;Y
2018-01-13 06:00:01;2018-01-14 06:00:00;2018-01-13;0.0;Y
2018-01-14 06:00:01;2018-01-15 06:00:00;2018-01-14;0.0;Y
2018-01-15 06:00:01;2018-01-16 06:00:00;2018-01-15;0.0;Y
2018-01-16 06:00:01;2018-01-17 06:00:00;2018-01-16;5.0;Y
2018-01-17 06:00:01;2018-01-18 06:00:00;2018-01-17;0.6;Y
2018-01-18 06:00:01;2018-01-19 06:00:00;2018-01-18;0.1;Y
2018-01-19 06:00:01;2018-01-20 06:00:00;2018-01-19;0.0;Y
2018-01-20 06:00:01;2018-01-21 06:00:00;2018-01-20;0.0;Y
2018-01-21 06:00:01;2018-01-22 06:00:00;2018-01-21;0.0;Y
2018-01-22 06:00:01;2018-01-23 06:00:00;2018-01-22;0.0;Y
2018-01-23 06:00:01;2018-01-24 06:00:00;2018-01-23;9.0;Y
2018-01-24 06:00:01;2018-01-25 06:00:00;2018-01-24;2.3;Y
2018-01-25 06:00:01;2018-01-26 06:00:00;2018-01-25;0.0;Y
2018-01-26 06:00:01;2018-01-27 06:00:00;2018-01-26;3.1;Y
2018-01-27 06:00:01;2018-01-28 06:00:00;2018-01-27;2.0;Y
2018-01-28 06:00:01;2018-01-29 06:00:00;2018-01-28;0.4;Y
2018-01-29 06:00:01;2018-01-30 06:00:00;2018-01-29;4.0;Y
2018-01-30 06:00:01;2018-01-31 06:00:00;2018-01-30;0.2;Y
2018-01-31 06:00:01;2018-02-01 06:00:00;2018-01-31;14.0;Y
2018-02-01 06:00:01;2018-02-02 06:00:00;2018-02-01;3.2;Y
2018-02-02 06:00:01;2018-02-03 06:00:00;2018-02-02;0.9;Y
2018-02-03 06:00:01;2018-02-04 06:00:00;2018-02-03;0.0;Y
2018-02-04 06:00:01;2018-02-05 06:00:00;2018-02-04;0.0;Y
2018-02-05 06:00:01;2018-02-06 06:00:00;2018-02-05;0.0;Y
2018-02-06 06:00:01;2018-02-07 06:00:00;2018-02-06;0.0;Y
2018-02-07 06:00:01;2018-02-08 06:00:00;2018-02-07;0.0;Y
2018-02-08 06:00:01;2018-02-09 06:00:00;2018-02-08;0.0;Y
2018-02-09 06:00:01;2018-02-10 06:00:00;2018-02-09;0.0;Y
2018-02-10 06:00:01;2018-02-11 06:00:00;2018-02-10;0.0;Y
2018-02-11 06:00:01;2018-02-12 06:00:00;2018-02-11;1.1;Y
2018-02-12 06:00:01;2018-02-13 06:00:00;2018-02-12;3.0;Y
2018-02-13 06:00:01;2018-02-14 06:00:00;2018-02-13;0.6;Y
2018-02-14 06:00:01;2018-02-15 06:00:00;2018-02-14;0.0;Y
2018-02-15 06:00:01;2018-02-16 06:00:00;2018-02-15;0.0;Y
2018-02-16 06:00:01;2018-02-17 06:00:00;2018-02-16;0.4;Y
2018-02-17 06:00:01;2018-02-18 06:00:00;2018-02-17;0.1;Y
2018-02-18 06:00:01;2018-02-19 06:00:00;2018-02-18;2.7;Y
2018-02-19 06:00:01;2018-02-20 06:00:00;2018-02-19;0.0;Y
2018-02-20 06:00:01;2018-02-21 06:00:00;2018-02-20;0.0;Y
2018-02-21 06:00:01;2018-02-22 06:00:00;2018-02-21;0.0;Y
2018-02-22 06:00:01;2018-02-23 06:00:00;2018-02-22;0.0;Y
2018-02-23 06:00:01;2018-02-24 06:00:00;2018-02-23;0.0;Y
2018-02-24 06:00:01;2018-02-25 06:00:00;2018-02-24;0.0;Y
2018-02-25 06:00:01;2018-02-26 06:00:00;2018-02-25;0.2;Y
2018-02-26 06:00:01;2018-02-27 06:00:00;2018-02-26;6.2;Y
2018-02-27 06:00:01;2018-02-28 06:00:00;2018-02-27;0.0;Y
2018-02-28 06:00:01;2018-03-01 06:00:00;2018-02-28;0.0;Y
2018-03-01 06:00:01;2018-03-02 06:00:00;2018-03-01;0.0;Y
2018-03-02 06:00:01;2018-03-03 06:00:00;2018-03-02;0.0;Y
2018-03-03 06:00:01;2018-03-04 06:00:00;2018-03-03;0.0;Y
2018-03-04 06:00:01;2018-03-05 06:00:00;2018-03-04;0.0;Y
2018-03-05 06:00:01;2018-03-06 06:00:00;2018-03-05;0.2;Y
2018-03-06 06:00:01;2018-03-07 06:00:00;2018-03-06;0.0;Y
2018-03-07 06:00:01;2018-03-08 06:00:00;2018-03-07;0.0;Y
2018-03-08 06:00:01;2018-03-09 06:00:00;2018-03-08;6.0;Y
2018-03-09 06:00:01;2018-03-10 06:00:00;2018-03-09;8.0;Y
2018-03-10 06:00:01;2018-03-11 06:00:00;2018-03-10;0.5;Y
2018-03-11 06:00:01;2018-03-12 06:00:00;2018-03-11;1.0;Y
2018-03-12 06:00:01;2018-03-13 06:00:00;2018-03-12;0.2;Y
2018-03-13 06:00:01;2018-03-14 06:00:00;2018-03-13;3.0;Y
2018-03-14 06:00:01;2018-03-15 06:00:00;2018-03-14;0.0;Y
2018-03-15 06:00:01;2018-03-16 06:00:00;2018-03-15;0.0;Y
2018-03-16 06:00:01;2018-03-17 06:00:00;2018-03-16;0.0;Y
2018-03-17 06:00:01;2018-03-18 06:00:00;2018-03-17;0.0;Y
2018-03-18 06:00:01;2018-03-19 06:00:00;2018-03-18;0.0;Y
2018-03-19 06:00:01;2018-03-20 06:00:00;2018-03-19;0.3;Y
2018-03-20 06:00:01;2018-03-21 06:00:00;2018-03-20;0.0;Y
2018-03-21 06:00:01;2018-03-22 06:00:00;2018-03-21;0.0;Y
2018-03-22 06:00:01;2018-03-23 06:00:00;2018-03-22;0.0;Y
2018-03-23 06:00:01;2018-03-24 06:00:00;2018-03-23;0.0;Y
2018-03-24 06:00:01;2018-03-25 06:00:00;2018-03-24;0.0;Y
2018-03-25 06:00:01;2018-03-26 06:00:00;2018-03-25;0.0;Y
2018-03-26 06:00:01;2018-03-27 06:00:00;2018-03-26;0.0;Y
2018-03-27 06:00:01;2018-03-28 06:00:00;2018-03-27;0.0;Y
2018-03-28 06:00:01;2018-03-29 06:00:00;2018-03-28;0.0;Y
2018-03-29 06:00:01;2018-03-30 06:00:00;2018-03-29;0.0;Y
2018-03-30 06:00:01;2018-03-31 06:00:00;2018-03-30;0.0;Y
2018-03-31 06:00:01;2018-04-01 06:00:00;2018-03-31;0.0;Y
2018-04-01 06:00:01;2018-04-02 06:00:00;2018-04-01;0.0;Y
2018-04-02 06:00:01;2018-04-03 06:00:00;2018-04-02;0.0;Y
2018-04-03 06:00:01;2018-04-04 06:00:00;2018-04-03;0.0;Y
2018-04-04 06:00:01;2018-04-05 06:00:00;2018-04-04;5.0;Y
2018-04-05 06:00:01;2018-04-06 06:00:00;2018-04-05;9.0;Y
2018-04-06 06:00:01;2018-04-07 06:00:00;2018-04-06;1.0;Y
2018-04-07 06:00:01;2018-04-08 06:00:00;2018-04-07;0.0;Y
2018-04-08 06:00:01;2018-04-09 06:00:00;2018-04-08;0.0;Y
2018-04-09 06:00:01;2018-04-10 06:00:00;2018-04-09;8.1;Y
2018-04-10 06:00:01;2018-04-11 06:00:00;2018-04-10;0.0;Y
2018-04-11 06:00:01;2018-04-12 06:00:00;2018-04-11;0.0;Y
2018-04-12 06:00:01;2018-04-13 06:00:00;2018-04-12;0.0;Y
2018-04-13 06:00:01;2018-04-14 06:00:00;2018-04-13;0.0;Y
2018-04-14 06:00:01;2018-04-15 06:00:00;2018-04-14;0.0;Y
2018-04-15 06:00:01;2018-04-16 06:00:00;2018-04-15;1.0;Y
2018-04-16 06:00:01;2018-04-17 06:00:00;2018-04-16;0.0;Y
2018-04-17 06:00:01;2018-04-18 06:00:00;2018-04-17;0.0;Y
2018-04-18 06:00:01;2018-04-19 06:00:00;2018-04-18;0.1;Y
2018-04-19 06:00:01;2018-04-20 06:00:00;2018-04-19;0.0;Y
2018-04-20 06:00:01;2018-04-21 06:00:00;2018-04-20;0.0;Y
2018-04-21 06:00:01;2018-04-22 06:00:00;2018-04-21;0.0;Y
2018-04-22 06:00:01;2018-04-23 06:00:00;2018-04-22;0.0;Y
2018-04-23 06:00:01;2018-04-24 06:00:00;2018-04-23;2.0;Y
2018-04-24 06:00:01;2018-04-25 06:00:00;2018-04-24;0.2;Y
2018-04-25 06:00:01;2018-04-26 06:00:00;2018-04-25;1.1;Y
2018-04-26 06:00:01;2018-04-27 06:00:00;2018-04-26;0.1;Y
2018-04-27 06:00:01;2018-04-28 06:00:00;2018-04-27;0.8;Y
2018-04-28 06:00:01;2018-04-29 06:00:00;2018-04-28;0.4;Y
2018-04-29 06:00:01;2018-04-30 06:00:00;2018-04-29;0.0;Y
2018-04-30 06:00:01;2018-05-01 06:00:00;2018-04-30;5.0;Y
2018-05-01 06:00:01;2018-05-02 06:00:00;2018-05-01;1.3;Y
2018-05-02 06:00:01;2018-05-03 06:00:00;2018-05-02;0.0;Y
2018-05-03 06:00:01;2018-05-04 06:00:00;2018-05-03;6.2;Y
2018-05-04 06:00:01;2018-05-05 06:00:00;2018-05-04;0.0;Y
2018-05-05 06:00:01;2018-05-06 06:00:00;2018-05-05;0.0;Y
2018-05-06 06:00:01;2018-05-07 06:00:00;2018-05-06;0.0;Y
2018-05-07 06:00:01;2018-05-08 06:00:00;2018-05-07;0.0;Y
2018-05-08 06:00:01;2018-05-09 06:00:00;2018-05-08;0.0;Y
2018-05-09 06:00:01;2018-05-10 06:00:00;2018-05-09;0.0;Y
2018-05-10 06:00:01;2018-05-11 06:00:00;2018-05-10;0.0;Y
2018-05-11 06:00:01;2018-05-12 06:00:00;2018-05-11;0.0;Y
2018-05-12 06:00:01;2018-05-13 06:00:00;2018-05-12;0.0;Y
2018-05-13 06:00:01;2018-05-14 06:00:00;2018-05-13;0.0;Y
2018-05-14 06:00:01;2018-05-15 06:00:00;2018-05-14;0.0;Y
2018-05-15 06:00:01;2018-05-16 06:00:00;2018-05-15;0.0;Y
2018-05-16 06:00:01;2018-05-17 06:00:00;2018-05-16;0.0;Y
2018-05-17 06:00:01;2018-05-18 06:00:00;2018-05-17;0.0;Y
2018-05-18 06:00:01;2018-05-19 06:00:00;2018-05-18;0.0;Y
2018-05-19 06:00:01;2018-05-20 06:00:00;2018-05-19;0.0;Y
2018-05-20 06:00:01;2018-05-21 06:00:00;2018-05-20;0.0;Y
2018-05-21 06:00:01;2018-05-22 06:00:00;2018-05-21;0.0;Y
2018-05-22 06:00:01;2018-05-23 06:00:00;2018-05-22;0.0;Y
2018-05-23 06:00:01;2018-05-24 06:00:00;2018-05-23;0.0;Y
2018-05-24 06:00:01;2018-05-25 06:00:00;2018-05-24;0.0;Y
2018-05-25 06:00:01;2018-05-26 06:00:00;2018-05-25;0.0;Y
2018-05-26 06:00:01;2018-05-27 06:00:00;2018-05-26;0.0;Y
2018-05-27 06:00:01;2018-05-28 06:00:00;2018-05-27;0.0;Y
2018-05-28 06:00:01;2018-05-29 06:00:00;2018-05-28;0.0;Y
2018-05-29 06:00:01;2018-05-30 06:00:00;2018-05-29;0.0;Y
2018-05-30 06:00:01;2018-05-31 06:00:00;2018-05-30;0.0;Y
2018-05-31 06:00:01;2018-06-01 06:00:00;2018-05-31;0.0;Y
2018-06-01 06:00:01;2018-06-02 06:00:00;2018-06-01;0.0;Y
2018-06-02 06:00:01;2018-06-03 06:00:00;2018-06-02;0.0;Y
2018-06-03 06:00:01;2018-06-04 06:00:00;2018-06-03;0.0;Y
2018-06-04 06:00:01;2018-06-05 06:00:00;2018-06-04;0.0;Y
2018-06-05 06:00:01;2018-06-06 06:00:00;2018-06-05;0.0;Y
2018-06-06 06:00:01;2018-06-07 06:00:00;2018-06-06;0.0;Y
2018-06-07 06:00:01;2018-06-08 06:00:00;2018-06-07;0.0;Y
2018-06-08 06:00:01;2018-06-09 06:00:00;2018-06-08;0.0;Y
2018-06-09 06:00:01;2018-06-10 06:00:00;2018-06-09;0.0;Y
2018-06-10 06:00:01;2018-06-11 06:00:00;2018-06-10;0.8;Y
2018-06-11 06:00:01;2018-06-12 06:00:00;2018-06-11;5.0;Y
2018-06-12 06:00:01;2018-06-13 06:00:00;2018-06-12;0.0;Y
2018-06-13 06:00:01;2018-06-14 06:00:00;2018-06-13;0.2;Y
2018-06-14 06:00:01;2018-06-15 06:00:00;2018-06-14;0.0;Y
2018-06-15 06:00:01;2018-06-16 06:00:00;2018-06-15;0.0;Y
2018-06-16 06:00:01;2018-06-17 06:00:00;2018-06-16;0.0;Y
2018-06-17 06:00:01;2018-06-18 06:00:00;2018-06-17;0.6;Y
2018-06-18 06:00:01;2018-06-19 06:00:00;2018-06-18;0.6;Y
2018-06-19 06:00:01;2018-06-20 06:00:00;2018-06-19;0.3;Y
2018-06-20 06:00:01;2018-06-21 06:00:00;2018-06-20;0.0;Y
2018-06-21 06:00:01;2018-06-22 06:00:00;2018-06-21;15.0;Y
2018-06-22 06:00:01;2018-06-23 06:00:00;2018-06-22;0.2;Y
2018-06-23 06:00:01;2018-06-24 06:00:00;2018-06-23;0.0;Y
2018-06-24 06:00:01;2018-06-25 06:00:00;2018-06-24;0.0;Y
2018-06-25 06:00:01;2018-06-26 06:00:00;2018-06-25;0.0;Y
2018-06-26 06:00:01;2018-06-27 06:00:00;2018-06-26;0.0;Y
2018-06-27 06:00:01;2018-06-28 06:00:00;2018-06-27;0.0;Y
2018-06-28 06:00:01;2018-06-29 06:00:00;2018-06-28;3.0;Y
2018-06-29 06:00:01;2018-06-30 06:00:00;2018-06-29;0.0;Y
2018-06-30 06:00:01;2018-07-01 06:00:00;2018-06-30;0.0;Y
2018-07-01 06:00:01;2018-07-02 06:00:00;2018-07-01;0.0;Y
2018-07-02 06:00:01;2018-07-03 06:00:00;2018-07-02;0.0;Y
2018-07-03 06:00:01;2018-07-04 06:00:00;2018-07-03;0.0;Y
2018-07-04 06:00:01;2018-07-05 06:00:00;2018-07-04;0.0;Y
2018-07-05 06:00:01;2018-07-06 06:00:00;2018-07-05;0.0;Y
2018-07-06 06:00:01;2018-07-07 06:00:00;2018-07-06;0.0;Y
2018-07-07 06:00:01;2018-07-08 06:00:00;2018-07-07;0.0;Y
2018-07-08 06:00:01;2018-07-09 06:00:00;2018-07-08;0.0;Y
2018-07-09 06:00:01;2018-07-10 06:00:00;2018-07-09;0.0;Y
2018-07-10 06:00:01;2018-07-11 06:00:00;2018-07-10;0.0;Y
2018-07-11 06:00:01;2018-07-12 06:00:00;2018-07-11;0.0;Y
2018-07-12 06:00:01;2018-07-13 06:00:00;2018-07-12;0.0;Y
2018-07-13 06:00:01;2018-07-14 06:00:00;2018-07-13;0.0;Y
2018-07-14 06:00:01;2018-07-15 06:00:00;2018-07-14;0.0;Y
2018-07-15 06:00:01;2018-07-16 06:00:00;2018-07-15;0.0;Y
2018-07-16 06:00:01;2018-07-17 06:00:00;2018-07-16;0.0;Y
2018-07-17 06:00:01;2018-07-18 06:00:00;2018-07-17;0.0;Y
2018-07-18 06:00:01;2018-07-19 06:00:00;2018-07-18;0.0;Y
2018-07-19 06:00:01;2018-07-20 06:00:00;2018-07-19;0.0;Y
2018-07-20 06:00:01;2018-07-21 06:00:00;2018-07-20;1.0;Y
2018-07-21 06:00:01;2018-07-22 06:00:00;2018-07-21;2.0;Y
2018-07-22 06:00:01;2018-07-23 06:00:00;2018-07-22;0.0;Y
2018-07-23 06:00:01;2018-07-24 06:00:00;2018-07-23;0.0;Y
2018-07-24 06:00:01;2018-07-25 06:00:00;2018-07-24;0.0;Y
2018-07-25 06:00:01;2018-07-26 06:00:00;2018-07-25;0.0;Y
2018-07-26 06:00:01;2018-07-27 06:00:00;2018-07-26;0.0;Y
2018-07-27 06:00:01;2018-07-28 06:00:00;2018-07-27;0.0;Y
2018-07-28 06:00:01;2018-07-29 06:00:00;2018-07-28;7.0;Y
2018-07-29 06:00:01;2018-07-30 06:00:00;2018-07-29;70.0;Y
2018-07-30 06:00:01;2018-07-31 06:00:00;2018-07-30;1.5;Y
2018-07-31 06:00:01;2018-08-01 06:00:00;2018-07-31;0.0;Y
2018-08-01 06:00:01;2018-08-02 06:00:00;2018-08-01;0.0;Y
2018-08-02 06:00:01;2018-08-03 06:00:00;2018-08-02;12.0;Y
2018-08-03 06:00:01;2018-08-04 06:00:00;2018-08-03;0.0;Y
2018-08-04 06:00:01;2018-08-05 06:00:00;2018-08-04;0.2;Y
2018-08-05 06:00:01;2018-08-06 06:00:00;2018-08-05;5.0;Y
2018-08-06 06:00:01;2018-08-07 06:00:00;2018-08-06;0.0;Y
2018-08-07 06:00:01;2018-08-08 06:00:00;2018-08-07;0.0;Y
2018-08-08 06:00:01;2018-08-09 06:00:00;2018-08-08;2.0;Y
2018-08-09 06:00:01;2018-08-10 06:00:00;2018-08-09;0.0;Y
2018-08-10 06:00:01;2018-08-11 06:00:00;2018-08-10;1.0;Y
2018-08-11 06:00:01;2018-08-12 06:00:00;2018-08-11;8.0;Y
2018-08-12 06:00:01;2018-08-13 06:00:00;2018-08-12;9.0;Y
2018-08-13 06:00:01;2018-08-14 06:00:00;2018-08-13;0.0;Y
2018-08-14 06:00:01;2018-08-15 06:00:00;2018-08-14;0.4;Y
2018-08-15 06:00:01;2018-08-16 06:00:00;2018-08-15;0.0;Y
2018-08-16 06:00:01;2018-08-17 06:00:00;2018-08-16;0.0;Y
2018-08-17 06:00:01;2018-08-18 06:00:00;2018-08-17;32.0;Y
2018-08-18 06:00:01;2018-08-19 06:00:00;2018-08-18;2.0;Y
2018-08-19 06:00:01;2018-08-20 06:00:00;2018-08-19;0.0;Y
2018-08-20 06:00:01;2018-08-21 06:00:00;2018-08-20;0.0;Y
2018-08-21 06:00:01;2018-08-22 06:00:00;2018-08-21;0.0;Y
2018-08-22 06:00:01;2018-08-23 06:00:00;2018-08-22;0.0;Y
2018-08-23 06:00:01;2018-08-24 06:00:00;2018-08-23;0.2;Y
2018-08-24 06:00:01;2018-08-25 06:00:00;2018-08-24;1.4;Y
2018-08-25 06:00:01;2018-08-26 06:00:00;2018-08-25;7.0;Y
2018-08-26 06:00:01;2018-08-27 06:00:00;2018-08-26;0.2;Y
2018-08-27 06:00:01;2018-08-28 06:00:00;2018-08-27;1.0;Y
2018-08-28 06:00:01;2018-08-29 06:00:00;2018-08-28;0.0;Y
2018-08-29 06:00:01;2018-08-30 06:00:00;2018-08-29;0.1;Y
2018-08-30 06:00:01;2018-08-31 06:00:00;2018-08-30;18.6;Y
2018-08-31 06:00:01;2018-09-01 06:00:00;2018-08-31;0.5;Y
2018-09-01 06:00:01;2018-09-02 06:00:00;2018-09-01;0.0;Y
2018-09-02 06:00:01;2018-09-03 06:00:00;2018-09-02;0.0;Y
2018-09-03 06:00:01;2018-09-04 06:00:00;2018-09-03;0.0;Y
2018-09-04 06:00:01;2018-09-05 06:00:00;2018-09-04;0.0;Y
2018-09-05 06:00:01;2018-09-06 06:00:00;2018-09-05;0.0;Y
2018-09-06 06:00:01;2018-09-07 06:00:00;2018-09-06;0.0;Y
2018-09-07 06:00:01;2018-09-08 06:00:00;2018-09-07;0.0;Y
2018-09-08 06:00:01;2018-09-09 06:00:00;2018-09-08;0.0;Y
2018-09-09 06:00:01;2018-09-10 06:00:00;2018-09-09;0.1;Y
2018-09-10 06:00:01;2018-09-11 06:00:00;2018-09-10;4.2;Y
2018-09-11 06:00:01;2018-09-12 06:00:00;2018-09-11;6.5;Y
2018-09-12 06:00:01;2018-09-13 06:00:00;2018-09-12;0.0;Y
2018-09-13 06:00:01;2018-09-14 06:00:00;2018-09-13;0.0;Y
2018-09-14 06:00:01;2018-09-15 06:00:00;2018-09-14;0.4;Y
2018-09-15 06:00:01;2018-09-16 06:00:00;2018-09-15;0.0;Y
2018-09-16 06:00:01;2018-09-17 06:00:00;2018-09-16;6.0;Y
2018-09-17 06:00:01;2018-09-18 06:00:00;2018-09-17;0.0;Y
2018-09-18 06:00:01;2018-09-19 06:00:00;2018-09-18;0.2;Y
2018-09-19 06:00:01;2018-09-20 06:00:00;2018-09-19;0.0;Y
2018-09-20 06:00:01;2018-09-21 06:00:00;2018-09-20;0.9;Y
2018-09-21 06:00:01;2018-09-22 06:00:00;2018-09-21;5.1;Y
2018-09-22 06:00:01;2018-09-23 06:00:00;2018-09-22;1.0;Y
2018-09-23 06:00:01;2018-09-24 06:00:00;2018-09-23;0.0;Y
2018-09-24 06:00:01;2018-09-25 06:00:00;2018-09-24;0.0;Y
2018-09-25 06:00:01;2018-09-26 06:00:00;2018-09-25;2.0;Y
2018-09-26 06:00:01;2018-09-27 06:00:00;2018-09-26;3.1;Y
2018-09-27 06:00:01;2018-09-28 06:00:00;2018-09-27;13.0;Y
2018-09-28 06:00:01;2018-09-29 06:00:00;2018-09-28;0.4;Y
2018-09-29 06:00:01;2018-09-30 06:00:00;2018-09-29;0.0;Y
2018-09-30 06:00:01;2018-10-01 06:00:00;2018-09-30;2.0;Y
2018-10-01 06:00:01;2018-10-02 06:00:00;2018-10-01;0.0;Y
2018-10-02 06:00:01;2018-10-03 06:00:00;2018-10-02;0.8;Y
2018-10-03 06:00:01;2018-10-04 06:00:00;2018-10-03;0.3;Y
2018-10-04 06:00:01;2018-10-05 06:00:00;2018-10-04;0.5;Y
2018-10-05 06:00:01;2018-10-06 06:00:00;2018-10-05;0.0;Y
2018-10-06 06:00:01;2018-10-07 06:00:00;2018-10-06;0.0;Y
2018-10-07 06:00:01;2018-10-08 06:00:00;2018-10-07;0.0;Y
2018-10-08 06:00:01;2018-10-09 06:00:00;2018-10-08;1.8;Y
2018-10-09 06:00:01;2018-10-10 06:00:00;2018-10-09;0.0;Y
2018-10-10 06:00:01;2018-10-11 06:00:00;2018-10-10;0.0;Y
2018-10-11 06:00:01;2018-10-12 06:00:00;2018-10-11;0.0;Y
2018-10-12 06:00:01;2018-10-13 06:00:00;2018-10-12;0.0;Y
2018-10-13 06:00:01;2018-10-14 06:00:00;2018-10-13;0.0;Y
2018-10-14 06:00:01;2018-10-15 06:00:00;2018-10-14;0.0;Y
2018-10-15 06:00:01;2018-10-16 06:00:00;2018-10-15;0.0;Y
2018-10-16 06:00:01;2018-10-17 06:00:00;2018-10-16;0.5;Y
2018-10-17 06:00:01;2018-10-18 06:00:00;2018-10-17;0.0;Y
2018-10-18 06:00:01;2018-10-19 06:00:00;2018-10-18;0.0;Y
2018-10-19 06:00:01;2018-10-20 06:00:00;2018-10-19;0.0;Y
2018-10-20 06:00:01;2018-10-21 06:00:00;2018-10-20;0.0;Y
2018-10-21 06:00:01;2018-10-22 06:00:00;2018-10-21;1.1;Y
2018-10-22 06:00:01;2018-10-23 06:00:00;2018-10-22;6.0;Y
2018-10-23 06:00:01;2018-10-24 06:00:00;2018-10-23;0.2;Y
2018-10-24 06:00:01;2018-10-25 06:00:00;2018-10-24;0.0;Y
2018-10-25 06:00:01;2018-10-26 06:00:00;2018-10-25;0.0;Y
2018-10-26 06:00:01;2018-10-27 06:00:00;2018-10-26;0.0;Y
2018-10-27 06:00:01;2018-10-28 06:00:00;2018-10-27;1.0;Y
2018-10-28 06:00:01;2018-10-29 06:00:00;2018-10-28;0.2;Y
2018-10-29 06:00:01;2018-10-30 06:00:00;2018-10-29;0.9;Y
2018-10-30 06:00:01;2018-10-31 06:00:00;2018-10-30;12.0;Y
2018-10-31 06:00:01;2018-11-01 06:00:00;2018-10-31;0.3;Y
2018-11-01 06:00:01;2018-11-02 06:00:00;2018-11-01;0.0;Y
2018-11-02 06:00:01;2018-11-03 06:00:00;2018-11-02;0.6;Y
2018-11-03 06:00:01;2018-11-04 06:00:00;2018-11-03;0.0;Y
2018-11-04 06:00:01;2018-11-05 06:00:00;2018-11-04;0.0;Y
2018-11-05 06:00:01;2018-11-06 06:00:00;2018-11-05;0.3;Y
2018-11-06 06:00:01;2018-11-07 06:00:00;2018-11-06;0.3;Y
2018-11-07 06:00:01;2018-11-08 06:00:00;2018-11-07;0.1;Y
2018-11-08 06:00:01;2018-11-09 06:00:00;2018-11-08;0.2;Y
2018-11-09 06:00:01;2018-11-10 06:00:00;2018-11-09;0.4;Y
2018-11-10 06:00:01;2018-11-11 06:00:00;2018-11-10;0.2;Y
2018-11-11 06:00:01;2018-11-12 06:00:00;2018-11-11;2.0;Y
2018-11-12 06:00:01;2018-11-13 06:00:00;2018-11-12;0.3;Y
2018-11-13 06:00:01;2018-11-14 06:00:00;2018-11-13;0.0;Y
2018-11-14 06:00:01;2018-11-15 06:00:00;2018-11-14;0.0;Y
2018-11-15 06:00:01;2018-11-16 06:00:00;2018-11-15;0.0;Y
2018-11-16 06:00:01;2018-11-17 06:00:00;2018-11-16;0.0;Y
2018-11-17 06:00:01;2018-11-18 06:00:00;2018-11-17;0.0;Y
2018-11-18 06:00:01;2018-11-19 06:00:00;2018-11-18;0.0;Y
2018-11-19 06:00:01;2018-11-20 06:00:00;2018-11-19;0.0;Y
2018-11-20 06:00:01;2018-11-21 06:00:00;2018-11-20;0.0;Y
2018-11-21 06:00:01;2018-11-22 06:00:00;2018-11-21;0.0;Y
2018-11-22 06:00:01;2018-11-23 06:00:00;2018-11-22;0.0;Y
2018-11-23 06:00:01;2018-11-24 06:00:00;2018-11-23;0.0;Y
2018-11-24 06:00:01;2018-11-25 06:00:00;2018-11-24;0.0;Y
2018-11-25 06:00:01;2018-11-26 06:00:00;2018-11-25;0.0;Y
2018-11-26 06:00:01;2018-11-27 06:00:00;2018-11-26;0.0;Y
2018-11-27 06:00:01;2018-11-28 06:00:00;2018-11-27;0.0;Y
2018-11-28 06:00:01;2018-11-29 06:00:00;2018-11-28;0.0;Y
2018-11-29 06:00:01;2018-11-30 06:00:00;2018-11-29;8.0;Y
2018-11-30 06:00:01;2018-12-01 06:00:00;2018-11-30;9.0;Y
2018-12-01 06:00:01;2018-12-02 06:00:00;2018-12-01;5.9;Y
2018-12-02 06:00:01;2018-12-03 06:00:00;2018-12-02;3.1;Y
2018-12-03 06:00:01;2018-12-04 06:00:00;2018-12-03;4.0;Y
2018-12-04 06:00:01;2018-12-05 06:00:00;2018-12-04;1.5;Y
2018-12-05 06:00:01;2018-12-06 06:00:00;2018-12-05;0.0;Y
2018-12-06 06:00:01;2018-12-07 06:00:00;2018-12-06;3.0;Y
2018-12-07 06:00:01;2018-12-08 06:00:00;2018-12-07;2.0;Y
2018-12-08 06:00:01;2018-12-09 06:00:00;2018-12-08;4.0;Y
2018-12-09 06:00:01;2018-12-10 06:00:00;2018-12-09;2.2;Y
2018-12-10 06:00:01;2018-12-11 06:00:00;2018-12-10;1.1;Y
2018-12-11 06:00:01;2018-12-12 06:00:00;2018-12-11;0.0;Y
2018-12-12 06:00:01;2018-12-13 06:00:00;2018-12-12;0.1;Y
2018-12-13 06:00:01;2018-12-14 06:00:00;2018-12-13;0.1;Y
2018-12-14 06:00:01;2018-12-15 06:00:00;2018-12-14;0.1;Y
2018-12-15 06:00:01;2018-12-16 06:00:00;2018-12-15;0.0;Y
2018-12-16 06:00:01;2018-12-17 06:00:00;2018-12-16;2.0;Y
2018-12-17 06:00:01;2018-12-18 06:00:00;2018-12-17;0.0;Y
2018-12-18 06:00:01;2018-12-19 06:00:00;2018-12-18;0.2;Y
2018-12-19 06:00:01;2018-12-20 06:00:00;2018-12-19;0.0;Y
2018-12-20 06:00:01;2018-12-21 06:00:00;2018-12-20;0.0;Y
2018-12-21 06:00:01;2018-12-22 06:00:00;2018-12-21;1.0;Y
2018-12-22 06:00:01;2018-12-23 06:00:00;2018-12-22;1.4;Y
2018-12-23 06:00:01;2018-12-24 06:00:00;2018-12-23;0.1;Y
2018-12-24 06:00:01;2018-12-25 06:00:00;2018-12-24;0.2;Y
2018-12-25 06:00:01;2018-12-26 06:00:00;2018-12-25;0.1;Y
2018-12-26 06:00:01;2018-12-27 06:00:00;2018-12-26;0.0;Y
2018-12-27 06:00:01;2018-12-28 06:00:00;2018-12-27;0.0;Y
2018-12-28 06:00:01;2018-12-29 06:00:00;2018-12-28;0.0;Y
2018-12-29 06:00:01;2018-12-30 06:00:00;2018-12-29;0.0;Y
2018-12-30 06:00:01;2018-12-31 06:00:00;2018-12-30;0.0;Y
2018-12-31 06:00:01;2019-01-01 06:00:00;2018-12-31;0.0;Y
2019-01-01 06:00:01;2019-01-02 06:00:00;2019-01-01;0.5;Y
2019-01-02 06:00:01;2019-01-03 06:00:00;2019-01-02;0.0;Y
2019-01-03 06:00:01;2019-01-04 06:00:00;2019-01-03;0.8;Y
2019-01-04 06:00:01;2019-01-05 06:00:00;2019-01-04;2.0;Y
2019-01-05 06:00:01;2019-01-06 06:00:00;2019-01-05;0.1;Y
2019-01-06 06:00:01;2019-01-07 06:00:00;2019-01-06;0.0;Y
2019-01-07 06:00:01;2019-01-08 06:00:00;2019-01-07;3.1;Y
2019-01-08 06:00:01;2019-01-09 06:00:00;2019-01-08;10.0;Y
2019-01-09 06:00:01;2019-01-10 06:00:00;2019-01-09;0.0;Y
2019-01-10 06:00:01;2019-01-11 06:00:00;2019-01-10;0.4;Y
2019-01-11 06:00:01;2019-01-12 06:00:00;2019-01-11;0.0;Y
2019-01-12 06:00:01;2019-01-13 06:00:00;2019-01-12;0.0;Y
2019-01-13 06:00:01;2019-01-14 06:00:00;2019-01-13;0.2;Y
2019-01-14 06:00:01;2019-01-15 06:00:00;2019-01-14;0.0;Y
2019-01-15 06:00:01;2019-01-16 06:00:00;2019-01-15;0.0;Y
2019-01-16 06:00:01;2019-01-17 06:00:00;2019-01-16;11.0;Y
2019-01-17 06:00:01;2019-01-18 06:00:00;2019-01-17;0.1;Y
2019-01-18 06:00:01;2019-01-19 06:00:00;2019-01-18;0.0;Y
2019-01-19 06:00:01;2019-01-20 06:00:00;2019-01-19;0.0;Y
2019-01-20 06:00:01;2019-01-21 06:00:00;2019-01-20;0.0;Y
2019-01-21 06:00:01;2019-01-22 06:00:00;2019-01-21;0.0;Y
2019-01-22 06:00:01;2019-01-23 06:00:00;2019-01-22;0.4;Y
2019-01-23 06:00:01;2019-01-24 06:00:00;2019-01-23;0.0;Y
2019-01-24 06:00:01;2019-01-25 06:00:00;2019-01-24;0.0;Y
2019-01-25 06:00:01;2019-01-26 06:00:00;2019-01-25;1.0;Y
2019-01-26 06:00:01;2019-01-27 06:00:00;2019-01-26;0.0;Y
2019-01-27 06:00:01;2019-01-28 06:00:00;2019-01-27;0.6;Y
2019-01-28 06:00:01;2019-01-29 06:00:00;2019-01-28;0.8;Y
2019-01-29 06:00:01;2019-01-30 06:00:00;2019-01-29;2.0;Y
2019-01-30 06:00:01;2019-01-31 06:00:00;2019-01-30;0.0;Y
2019-01-31 06:00:01;2019-02-01 06:00:00;2019-01-31;0.1;Y
2019-02-01 06:00:01;2019-02-02 06:00:00;2019-02-01;5.0;Y
2019-02-02 06:00:01;2019-02-03 06:00:00;2019-02-02;7.1;Y
2019-02-03 06:00:01;2019-02-04 06:00:00;2019-02-03;1.0;Y
2019-02-04 06:00:01;2019-02-05 06:00:00;2019-02-04;2.7;Y
2019-02-05 06:00:01;2019-02-06 06:00:00;2019-02-05;3.0;Y
2019-02-06 06:00:01;2019-02-07 06:00:00;2019-02-06;0.5;Y
2019-02-07 06:00:01;2019-02-08 06:00:00;2019-02-07;2.0;Y
2019-02-08 06:00:01;2019-02-09 06:00:00;2019-02-08;5.0;Y
2019-02-09 06:00:01;2019-02-10 06:00:00;2019-02-09;3.5;Y
2019-02-10 06:00:01;2019-02-11 06:00:00;2019-02-10;0.2;Y
2019-02-11 06:00:01;2019-02-12 06:00:00;2019-02-11;0.0;Y
2019-02-12 06:00:01;2019-02-13 06:00:00;2019-02-12;1.0;Y
2019-02-13 06:00:01;2019-02-14 06:00:00;2019-02-13;0.0;Y
2019-02-14 06:00:01;2019-02-15 06:00:00;2019-02-14;0.0;Y
2019-02-15 06:00:01;2019-02-16 06:00:00;2019-02-15;0.0;Y
2019-02-16 06:00:01;2019-02-17 06:00:00;2019-02-16;0.0;Y
2019-02-17 06:00:01;2019-02-18 06:00:00;2019-02-17;0.0;Y
2019-02-18 06:00:01;2019-02-19 06:00:00;2019-02-18;0.0;Y
2019-02-19 06:00:01;2019-02-20 06:00:00;2019-02-19;0.2;Y
2019-02-20 06:00:01;2019-02-21 06:00:00;2019-02-20;0.0;Y
2019-02-21 06:00:01;2019-02-22 06:00:00;2019-02-21;0.0;Y
2019-02-22 06:00:01;2019-02-23 06:00:00;2019-02-22;0.0;Y
2019-02-23 06:00:01;2019-02-24 06:00:00;2019-02-23;0.0;Y
2019-02-24 06:00:01;2019-02-25 06:00:00;2019-02-24;0.0;Y
2019-02-25 06:00:01;2019-02-26 06:00:00;2019-02-25;0.0;Y
2019-02-26 06:00:01;2019-02-27 06:00:00;2019-02-26;0.0;Y
2019-02-27 06:00:01;2019-02-28 06:00:00;2019-02-27;0.0;Y
2019-02-28 06:00:01;2019-03-01 06:00:00;2019-02-28;0.0;Y
2019-03-01 06:00:01;2019-03-02 06:00:00;2019-03-01;0.0;Y
2019-03-02 06:00:01;2019-03-03 06:00:00;2019-03-02;0.8;Y
2019-03-03 06:00:01;2019-03-04 06:00:00;2019-03-03;8.2;Y
2019-03-04 06:00:01;2019-03-05 06:00:00;2019-03-04;1.2;Y
2019-03-05 06:00:01;2019-03-06 06:00:00;2019-03-05;0.1;Y
2019-03-06 06:00:01;2019-03-07 06:00:00;2019-03-06;2.0;Y
2019-03-07 06:00:01;2019-03-08 06:00:00;2019-03-07;3.0;Y
2019-03-08 06:00:01;2019-03-09 06:00:00;2019-03-08;3.9;Y
2019-03-09 06:00:01;2019-03-10 06:00:00;2019-03-09;0.2;Y
2019-03-10 06:00:01;2019-03-11 06:00:00;2019-03-10;0.0;Y
2019-03-11 06:00:01;2019-03-12 06:00:00;2019-03-11;0.0;Y
2019-03-12 06:00:01;2019-03-13 06:00:00;2019-03-12;0.4;Y
2019-03-13 06:00:01;2019-03-14 06:00:00;2019-03-13;3.2;Y
2019-03-14 06:00:01;2019-03-15 06:00:00;2019-03-14;1.0;Y
2019-03-15 06:00:01;2019-03-16 06:00:00;2019-03-15;5.0;Y
2019-03-16 06:00:01;2019-03-17 06:00:00;2019-03-16;0.9;Y
2019-03-17 06:00:01;2019-03-18 06:00:00;2019-03-17;9.2;Y
2019-03-18 06:00:01;2019-03-19 06:00:00;2019-03-18;2.0;Y
2019-03-19 06:00:01;2019-03-20 06:00:00;2019-03-19;0.0;Y
2019-03-20 06:00:01;2019-03-21 06:00:00;2019-03-20;0.6;Y
2019-03-21 06:00:01;2019-03-22 06:00:00;2019-03-21;1.6;Y
2019-03-22 06:00:01;2019-03-23 06:00:00;2019-03-22;0.0;Y
2019-03-23 06:00:01;2019-03-24 06:00:00;2019-03-23;0.0;Y
2019-03-24 06:00:01;2019-03-25 06:00:00;2019-03-24;0.0;Y
2019-03-25 06:00:01;2019-03-26 06:00:00;2019-03-25;0.0;Y
2019-03-26 06:00:01;2019-03-27 06:00:00;2019-03-26;0.0;Y
2019-03-27 06:00:01;2019-03-28 06:00:00;2019-03-27;0.0;Y
2019-03-28 06:00:01;2019-03-29 06:00:00;2019-03-28;0.0;Y
2019-03-29 06:00:01;2019-03-30 06:00:00;2019-03-29;0.0;Y
2019-03-30 06:00:01;2019-03-31 06:00:00;2019-03-30;0.2;Y
2019-03-31 06:00:01;2019-04-01 06:00:00;2019-03-31;1.0;Y
2019-04-01 06:00:01;2019-04-02 06:00:00;2019-04-01;0.0;Y
2019-04-02 06:00:01;2019-04-03 06:00:00;2019-04-02;0.0;Y
2019-04-03 06:00:01;2019-04-04 06:00:00;2019-04-03;0.0;Y
2019-04-04 06:00:01;2019-04-05 06:00:00;2019-04-04;0.0;Y
2019-04-05 06:00:01;2019-04-06 06:00:00;2019-04-05;0.1;Y
2019-04-06 06:00:01;2019-04-07 06:00:00;2019-04-06;1.0;Y
2019-04-07 06:00:01;2019-04-08 06:00:00;2019-04-07;0.7;Y
2019-04-08 06:00:01;2019-04-09 06:00:00;2019-04-08;0.0;Y
2019-04-09 06:00:01;2019-04-10 06:00:00;2019-04-09;0.3;Y
2019-04-10 06:00:01;2019-04-11 06:00:00;2019-04-10;0.0;Y
2019-04-11 06:00:01;2019-04-12 06:00:00;2019-04-11;0.0;Y
2019-04-12 06:00:01;2019-04-13 06:00:00;2019-04-12;0.0;Y
2019-04-13 06:00:01;2019-04-14 06:00:00;2019-04-13;0.0;Y
2019-04-14 06:00:01;2019-04-15 06:00:00;2019-04-14;0.0;Y
2019-04-15 06:00:01;2019-04-16 06:00:00;2019-04-15;0.0;Y
2019-04-16 06:00:01;2019-04-17 06:00:00;2019-04-16;0.0;Y
2019-04-17 06:00:01;2019-04-18 06:00:00;2019-04-17;0.0;Y
2019-04-18 06:00:01;2019-04-19 06:00:00;2019-04-18;0.0;Y
2019-04-19 06:00:01;2019-04-20 06:00:00;2019-04-19;0.0;Y
2019-04-20 06:00:01;2019-04-21 06:00:00;2019-04-20;0.0;Y
2019-04-21 06:00:01;2019-04-22 06:00:00;2019-04-21;0.0;Y
2019-04-22 06:00:01;2019-04-23 06:00:00;2019-04-22;0.0;Y
2019-04-23 06:00:01;2019-04-24 06:00:00;2019-04-23;0.0;Y
2019-04-24 06:00:01;2019-04-25 06:00:00;2019-04-24;0.0;Y
2019-04-25 06:00:01;2019-04-26 06:00:00;2019-04-25;0.0;Y
2019-04-26 06:00:01;2019-04-27 06:00:00;2019-04-26;0.0;Y
2019-04-27 06:00:01;2019-04-28 06:00:00;2019-04-27;0.0;Y
2019-04-28 06:00:01;2019-04-29 06:00:00;2019-04-28;0.0;Y
2019-04-29 06:00:01;2019-04-30 06:00:00;2019-04-29;0.0;Y
2019-04-30 06:00:01;2019-05-01 06:00:00;2019-04-30;0.0;Y
2019-05-01 06:00:01;2019-05-02 06:00:00;2019-05-01;11.0;Y
2019-05-02 06:00:01;2019-05-03 06:00:00;2019-05-02;2.1;Y
2019-05-03 06:00:01;2019-05-04 06:00:00;2019-05-03;0.0;Y
2019-05-04 06:00:01;2019-05-05 06:00:00;2019-05-04;0.0;Y
2019-05-05 06:00:01;2019-05-06 06:00:00;2019-05-05;0.0;Y
2019-05-06 06:00:01;2019-05-07 06:00:00;2019-05-06;2.2;Y
2019-05-07 06:00:01;2019-05-08 06:00:00;2019-05-07;3.5;Y
2019-05-08 06:00:01;2019-05-09 06:00:00;2019-05-08;0.7;Y
2019-05-09 06:00:01;2019-05-10 06:00:00;2019-05-09;0.0;Y
2019-05-10 06:00:01;2019-05-11 06:00:00;2019-05-10;0.0;Y
2019-05-11 06:00:01;2019-05-12 06:00:00;2019-05-11;0.0;Y
2019-05-12 06:00:01;2019-05-13 06:00:00;2019-05-12;1.0;Y
2019-05-13 06:00:01;2019-05-14 06:00:00;2019-05-13;0.0;Y
2019-05-14 06:00:01;2019-05-15 06:00:00;2019-05-14;0.0;Y
2019-05-15 06:00:01;2019-05-16 06:00:00;2019-05-15;0.0;Y
2019-05-16 06:00:01;2019-05-17 06:00:00;2019-05-16;0.0;Y
2019-05-17 06:00:01;2019-05-18 06:00:00;2019-05-17;0.0;Y
2019-05-18 06:00:01;2019-05-19 06:00:00;2019-05-18;0.3;Y
2019-05-19 06:00:01;2019-05-20 06:00:00;2019-05-19;0.2;Y
2019-05-20 06:00:01;2019-05-21 06:00:00;2019-05-20;0.0;Y
2019-05-21 06:00:01;2019-05-22 06:00:00;2019-05-21;0.0;Y
2019-05-22 06:00:01;2019-05-23 06:00:00;2019-05-22;0.2;Y
2019-05-23 06:00:01;2019-05-24 06:00:00;2019-05-23;13.0;Y
2019-05-24 06:00:01;2019-05-25 06:00:00;2019-05-24;6.0;Y
2019-05-25 06:00:01;2019-05-26 06:00:00;2019-05-25;1.1;Y
2019-05-26 06:00:01;2019-05-27 06:00:00;2019-05-26;7.0;Y
2019-05-27 06:00:01;2019-05-28 06:00:00;2019-05-27;3.3;Y
2019-05-28 06:00:01;2019-05-29 06:00:00;2019-05-28;2.2;Y
2019-05-29 06:00:01;2019-05-30 06:00:00;2019-05-29;0.0;Y
2019-05-30 06:00:01;2019-05-31 06:00:00;2019-05-30;1.0;Y
2019-05-31 06:00:01;2019-06-01 06:00:00;2019-05-31;0.0;Y
2019-06-01 06:00:01;2019-06-02 06:00:00;2019-06-01;5.0;Y
2019-06-02 06:00:01;2019-06-03 06:00:00;2019-06-02;0.0;Y
2019-06-03 06:00:01;2019-06-04 06:00:00;2019-06-03;3.8;Y
2019-06-04 06:00:01;2019-06-05 06:00:00;2019-06-04;0.0;Y
2019-06-05 06:00:01;2019-06-06 06:00:00;2019-06-05;0.0;Y
2019-06-06 06:00:01;2019-06-07 06:00:00;2019-06-06;0.0;Y
2019-06-07 06:00:01;2019-06-08 06:00:00;2019-06-07;0.0;Y
2019-06-08 06:00:01;2019-06-09 06:00:00;2019-06-08;0.4;Y
2019-06-09 06:00:01;2019-06-10 06:00:00;2019-06-09;1.0;Y
2019-06-10 06:00:01;2019-06-11 06:00:00;2019-06-10;0.0;Y
2019-06-11 06:00:01;2019-06-12 06:00:00;2019-06-11;0.0;Y
2019-06-12 06:00:01;2019-06-13 06:00:00;2019-06-12;14.5;Y
2019-06-13 06:00:01;2019-06-14 06:00:00;2019-06-13;3.3;Y
2019-06-14 06:00:01;2019-06-15 06:00:00;2019-06-14;0.0;Y
2019-06-15 06:00:01;2019-06-16 06:00:00;2019-06-15;0.0;Y
2019-06-16 06:00:01;2019-06-17 06:00:00;2019-06-16;0.0;Y
2019-06-17 06:00:01;2019-06-18 06:00:00;2019-06-17;0.0;Y
2019-06-18 06:00:01;2019-06-19 06:00:00;2019-06-18;1.6;Y
2019-06-19 06:00:01;2019-06-20 06:00:00;2019-06-19;0.1;Y
2019-06-20 06:00:01;2019-06-21 06:00:00;2019-06-20;0.0;Y
2019-06-21 06:00:01;2019-06-22 06:00:00;2019-06-21;0.0;Y
2019-06-22 06:00:01;2019-06-23 06:00:00;2019-06-22;0.0;Y
2019-06-23 06:00:01;2019-06-24 06:00:00;2019-06-23;0.0;Y
2019-06-24 06:00:01;2019-06-25 06:00:00;2019-06-24;0.0;Y
2019-06-25 06:00:01;2019-06-26 06:00:00;2019-06-25;4.0;Y
2019-06-26 06:00:01;2019-06-27 06:00:00;2019-06-26;4.0;Y
2019-06-27 06:00:01;2019-06-28 06:00:00;2019-06-27;0.0;Y
2019-06-28 06:00:01;2019-06-29 06:00:00;2019-06-28;0.0;Y
2019-06-29 06:00:01;2019-06-30 06:00:00;2019-06-29;0.0;Y
2019-06-30 06:00:01;2019-07-01 06:00:00;2019-06-30;0.0;Y
2019-07-01 06:00:01;2019-07-02 06:00:00;2019-07-01;3.0;Y
2019-07-02 06:00:01;2019-07-03 06:00:00;2019-07-02;2.1;Y
2019-07-03 06:00:01;2019-07-04 06:00:00;2019-07-03;1.0;Y
2019-07-04 06:00:01;2019-07-05 06:00:00;2019-07-04;12.0;Y
2019-07-05 06:00:01;2019-07-06 06:00:00;2019-07-05;5.0;Y
2019-07-06 06:00:01;2019-07-07 06:00:00;2019-07-06;3.0;Y
2019-07-07 06:00:01;2019-07-08 06:00:00;2019-07-07;0.0;Y
2019-07-08 06:00:01;2019-07-09 06:00:00;2019-07-08;0.1;Y
2019-07-09 06:00:01;2019-07-10 06:00:00;2019-07-09;0.7;Y
2019-07-10 06:00:01;2019-07-11 06:00:00;2019-07-10;0.0;Y
2019-07-11 06:00:01;2019-07-12 06:00:00;2019-07-11;0.0;Y
2019-07-12 06:00:01;2019-07-13 06:00:00;2019-07-12;4.0;Y
2019-07-13 06:00:01;2019-07-14 06:00:00;2019-07-13;0.0;Y
2019-07-14 06:00:01;2019-07-15 06:00:00;2019-07-14;0.8;Y
2019-07-15 06:00:01;2019-07-16 06:00:00;2019-07-15;20.0;Y
2019-07-16 06:00:01;2019-07-17 06:00:00;2019-07-16;0.4;Y
2019-07-17 06:00:01;2019-07-18 06:00:00;2019-07-17;0.0;Y
2019-07-18 06:00:01;2019-07-19 06:00:00;2019-07-18;0.0;Y
2019-07-19 06:00:01;2019-07-20 06:00:00;2019-07-19;0.4;Y
2019-07-20 06:00:01;2019-07-21 06:00:00;2019-07-20;0.0;Y
2019-07-21 06:00:01;2019-07-22 06:00:00;2019-07-21;8.0;Y
2019-07-22 06:00:01;2019-07-23 06:00:00;2019-07-22;0.0;Y
2019-07-23 06:00:01;2019-07-24 06:00:00;2019-07-23;0.0;Y
2019-07-24 06:00:01;2019-07-25 06:00:00;2019-07-24;0.0;Y
2019-07-25 06:00:01;2019-07-26 06:00:00;2019-07-25;0.0;Y
2019-07-26 06:00:01;2019-07-27 06:00:00;2019-07-26;0.0;Y
2019-07-27 06:00:01;2019-07-28 06:00:00;2019-07-27;0.0;Y
2019-07-28 06:00:01;2019-07-29 06:00:00;2019-07-28;0.0;Y
2019-07-29 06:00:01;2019-07-30 06:00:00;2019-07-29;5.0;G
2019-07-30 06:00:01;2019-07-31 06:00:00;2019-07-30;0.0;Y
2019-07-31 06:00:01;2019-08-01 06:00:00;2019-07-31;0.0;Y
2019-08-01 06:00:01;2019-08-02 06:00:00;2019-08-01;0.0;Y
2019-08-02 06:00:01;2019-08-03 06:00:00;2019-08-02;0.0;Y
2019-08-03 06:00:01;2019-08-04 06:00:00;2019-08-03;3.0;Y
2019-08-04 06:00:01;2019-08-05 06:00:00;2019-08-04;0.0;Y
2019-08-05 06:00:01;2019-08-06 06:00:00;2019-08-05;0.4;Y
2019-08-06 06:00:01;2019-08-07 06:00:00;2019-08-06;5.2;G
2019-08-07 06:00:01;2019-08-08 06:00:00;2019-08-07;0.0;Y
2019-08-08 06:00:01;2019-08-09 06:00:00;2019-08-08;4.1;Y
2019-08-09 06:00:01;2019-08-10 06:00:00;2019-08-09;0.1;Y
2019-08-10 06:00:01;2019-08-11 06:00:00;2019-08-10;13.0;Y
2019-08-11 06:00:01;2019-08-12 06:00:00;2019-08-11;7.2;Y
2019-08-12 06:00:01;2019-08-13 06:00:00;2019-08-12;3.0;Y
2019-08-13 06:00:01;2019-08-14 06:00:00;2019-08-13;0.0;Y
2019-08-14 06:00:01;2019-08-15 06:00:00;2019-08-14;0.0;Y
2019-08-15 06:00:01;2019-08-16 06:00:00;2019-08-15;0.6;Y
2019-08-16 06:00:01;2019-08-17 06:00:00;2019-08-16;0.8;Y
2019-08-17 06:00:01;2019-08-18 06:00:00;2019-08-17;3.0;Y
2019-08-18 06:00:01;2019-08-19 06:00:00;2019-08-18;13.0;G
2019-08-19 06:00:01;2019-08-20 06:00:00;2019-08-19;0.0;Y
2019-08-20 06:00:01;2019-08-21 06:00:00;2019-08-20;0.0;Y
2019-08-21 06:00:01;2019-08-22 06:00:00;2019-08-21;0.0;Y
2019-08-22 06:00:01;2019-08-23 06:00:00;2019-08-22;2.8;Y
2019-08-23 06:00:01;2019-08-24 06:00:00;2019-08-23;6.1;Y
2019-08-24 06:00:01;2019-08-25 06:00:00;2019-08-24;0.1;Y
2019-08-25 06:00:01;2019-08-26 06:00:00;2019-08-25;0.0;Y
2019-08-26 06:00:01;2019-08-27 06:00:00;2019-08-26;0.0;Y
2019-08-27 06:00:01;2019-08-28 06:00:00;2019-08-27;0.0;Y
2019-08-28 06:00:01;2019-08-29 06:00:00;2019-08-28;0.0;Y
2019-08-29 06:00:01;2019-08-30 06:00:00;2019-08-29;0.1;Y
2019-08-30 06:00:01;2019-08-31 06:00:00;2019-08-30;0.0;Y
2019-08-31 06:00:01;2019-09-01 06:00:00;2019-08-31;0.0;Y
2019-09-01 06:00:01;2019-09-02 06:00:00;2019-09-01;6.0;Y
2019-09-02 06:00:01;2019-09-03 06:00:00;2019-09-02;0.1;Y
2019-09-03 06:00:01;2019-09-04 06:00:00;2019-09-03;0.2;Y
2019-09-04 06:00:01;2019-09-05 06:00:00;2019-09-04;3.0;Y
2019-09-05 06:00:01;2019-09-06 06:00:00;2019-09-05;0.0;Y
2019-09-06 06:00:01;2019-09-07 06:00:00;2019-09-06;0.1;Y
2019-09-07 06:00:01;2019-09-08 06:00:00;2019-09-07;0.4;Y
2019-09-08 06:00:01;2019-09-09 06:00:00;2019-09-08;8.0;Y
2019-09-09 06:00:01;2019-09-10 06:00:00;2019-09-09;0.7;Y
2019-09-10 06:00:01;2019-09-11 06:00:00;2019-09-10;0.3;Y
2019-09-11 06:00:01;2019-09-12 06:00:00;2019-09-11;1.2;Y
2019-09-12 06:00:01;2019-09-13 06:00:00;2019-09-12;0.0;Y
2019-09-13 06:00:01;2019-09-14 06:00:00;2019-09-13;0.3;Y
2019-09-14 06:00:01;2019-09-15 06:00:00;2019-09-14;5.0;Y
2019-09-15 06:00:01;2019-09-16 06:00:00;2019-09-15;7.0;Y
2019-09-16 06:00:01;2019-09-17 06:00:00;2019-09-16;0.2;Y
2019-09-17 06:00:01;2019-09-18 06:00:00;2019-09-17;0.0;Y
2019-09-18 06:00:01;2019-09-19 06:00:00;2019-09-18;0.0;Y
2019-09-19 06:00:01;2019-09-20 06:00:00;2019-09-19;0.0;Y
2019-09-20 06:00:01;2019-09-21 06:00:00;2019-09-20;0.1;Y
2019-09-21 06:00:01;2019-09-22 06:00:00;2019-09-21;0.0;Y
2019-09-22 06:00:01;2019-09-23 06:00:00;2019-09-22;0.0;Y
2019-09-23 06:00:01;2019-09-24 06:00:00;2019-09-23;0.0;Y
2019-09-24 06:00:01;2019-09-25 06:00:00;2019-09-24;0.0;Y
2019-09-25 06:00:01;2019-09-26 06:00:00;2019-09-25;0.0;Y
2019-09-26 06:00:01;2019-09-27 06:00:00;2019-09-26;0.0;Y
2019-09-27 06:00:01;2019-09-28 06:00:00;2019-09-27;0.0;Y
2019-09-28 06:00:01;2019-09-29 06:00:00;2019-09-28;3.4;Y
2019-09-29 06:00:01;2019-09-30 06:00:00;2019-09-29;0.0;Y
2019-09-30 06:00:01;2019-10-01 06:00:00;2019-09-30;9.4;Y
2019-10-01 06:00:01;2019-10-02 06:00:00;2019-10-01;0.0;Y
2019-10-02 06:00:01;2019-10-03 06:00:00;2019-10-02;6.0;Y
2019-10-03 06:00:01;2019-10-04 06:00:00;2019-10-03;0.5;Y
2019-10-04 06:00:01;2019-10-05 06:00:00;2019-10-04;0.2;Y
2019-10-05 06:00:01;2019-10-06 06:00:00;2019-10-05;0.0;Y
2019-10-06 06:00:01;2019-10-07 06:00:00;2019-10-06;0.0;Y
2019-10-07 06:00:01;2019-10-08 06:00:00;2019-10-07;2.0;Y
2019-10-08 06:00:01;2019-10-09 06:00:00;2019-10-08;0.3;Y
2019-10-09 06:00:01;2019-10-10 06:00:00;2019-10-09;2.0;Y
2019-10-10 06:00:01;2019-10-11 06:00:00;2019-10-10;0.5;Y
2019-10-11 06:00:01;2019-10-12 06:00:00;2019-10-11;3.6;Y
2019-10-12 06:00:01;2019-10-13 06:00:00;2019-10-12;4.1;Y
2019-10-13 06:00:01;2019-10-14 06:00:00;2019-10-13;5.0;Y
2019-10-14 06:00:01;2019-10-15 06:00:00;2019-10-14;5.0;Y
2019-10-15 06:00:01;2019-10-16 06:00:00;2019-10-15;4.5;Y
2019-10-16 06:00:01;2019-10-17 06:00:00;2019-10-16;0.9;G
2019-10-17 06:00:01;2019-10-18 06:00:00;2019-10-17;0.5;Y
2019-10-18 06:00:01;2019-10-19 06:00:00;2019-10-18;9.0;Y
2019-10-19 06:00:01;2019-10-20 06:00:00;2019-10-19;5.0;Y
2019-10-20 06:00:01;2019-10-21 06:00:00;2019-10-20;4.0;Y
2019-10-21 06:00:01;2019-10-22 06:00:00;2019-10-21;0.2;Y
2019-10-22 06:00:01;2019-10-23 06:00:00;2019-10-22;0.0;Y
2019-10-23 06:00:01;2019-10-24 06:00:00;2019-10-23;0.0;Y
2019-10-24 06:00:01;2019-10-25 06:00:00;2019-10-24;0.0;Y
2019-10-25 06:00:01;2019-10-26 06:00:00;2019-10-25;4.0;Y
2019-10-26 06:00:01;2019-10-27 06:00:00;2019-10-26;4.0;Y
2019-10-27 06:00:01;2019-10-28 06:00:00;2019-10-27;0.0;Y
2019-10-28 06:00:01;2019-10-29 06:00:00;2019-10-28;0.0;Y
2019-10-29 06:00:01;2019-10-30 06:00:00;2019-10-29;0.0;Y
2019-10-30 06:00:01;2019-10-31 06:00:00;2019-10-30;0.0;Y
2019-10-31 06:00:01;2019-11-01 06:00:00;2019-10-31;0.0;Y
2019-11-01 06:00:01;2019-11-02 06:00:00;2019-11-01;0.0;Y
2019-11-02 06:00:01;2019-11-03 06:00:00;2019-11-02;0.0;Y
2019-11-03 06:00:01;2019-11-04 06:00:00;2019-11-03;0.0;Y
2019-11-04 06:00:01;2019-11-05 06:00:00;2019-11-04;0.0;Y
2019-11-05 06:00:01;2019-11-06 06:00:00;2019-11-05;0.0;Y
2019-11-06 06:00:01;2019-11-07 06:00:00;2019-11-06;0.0;Y
2019-11-07 06:00:01;2019-11-08 06:00:00;2019-11-07;0.1;Y
2019-11-08 06:00:01;2019-11-09 06:00:00;2019-11-08;4.2;Y
2019-11-09 06:00:01;2019-11-10 06:00:00;2019-11-09;3.1;Y
2019-11-10 06:00:01;2019-11-11 06:00:00;2019-11-10;0.6;Y
2019-11-11 06:00:01;2019-11-12 06:00:00;2019-11-11;2.0;Y
2019-11-12 06:00:01;2019-11-13 06:00:00;2019-11-12;4.0;Y
2019-11-13 06:00:01;2019-11-14 06:00:00;2019-11-13;0.3;Y
2019-11-14 06:00:01;2019-11-15 06:00:00;2019-11-14;2.0;Y
2019-11-15 06:00:01;2019-11-16 06:00:00;2019-11-15;0.0;Y
2019-11-16 06:00:01;2019-11-17 06:00:00;2019-11-16;8.0;Y
2019-11-17 06:00:01;2019-11-18 06:00:00;2019-11-17;0.5;Y
2019-11-18 06:00:01;2019-11-19 06:00:00;2019-11-18;0.3;Y
2019-11-19 06:00:01;2019-11-20 06:00:00;2019-11-19;3.0;Y
2019-11-20 06:00:01;2019-11-21 06:00:00;2019-11-20;0.0;G
2019-11-21 06:00:01;2019-11-22 06:00:00;2019-11-21;0.3;G
2019-11-22 06:00:01;2019-11-23 06:00:00;2019-11-22;3.9;G
2019-11-23 06:00:01;2019-11-24 06:00:00;2019-11-23;0.7;G
2019-11-24 06:00:01;2019-11-25 06:00:00;2019-11-24;0.0;G
2019-11-25 06:00:01;2019-11-26 06:00:00;2019-11-25;0.1;G
2019-11-26 06:00:01;2019-11-27 06:00:00;2019-11-26;11.0;G
2019-11-27 06:00:01;2019-11-28 06:00:00;2019-11-27;6.1;G
2019-11-28 06:00:01;2019-11-29 06:00:00;2019-11-28;17.9;G
2019-11-29 06:00:01;2019-11-30 06:00:00;2019-11-29;0.4;G
2019-11-30 06:00:01;2019-12-01 06:00:00;2019-11-30;0.2;G
2019-12-01 06:00:01;2019-12-02 06:00:00;2019-12-01;0.0;G
2019-12-02 06:00:01;2019-12-03 06:00:00;2019-12-02;0.0;G
2019-12-03 06:00:01;2019-12-04 06:00:00;2019-12-03;0.3;G
2019-12-04 06:00:01;2019-12-05 06:00:00;2019-12-04;0.0;G
2019-12-05 06:00:01;2019-12-06 06:00:00;2019-12-05;4.5;G
2019-12-06 06:00:01;2019-12-07 06:00:00;2019-12-06;4.8;G
2019-12-07 06:00:01;2019-12-08 06:00:00;2019-12-07;1.5;G
2019-12-08 06:00:01;2019-12-09 06:00:00;2019-12-08;5.4;G
2019-12-09 06:00:01;2019-12-10 06:00:00;2019-12-09;7.5;G
2019-12-10 06:00:01;2019-12-11 06:00:00;2019-12-10;2.0;G
2019-12-11 06:00:01;2019-12-12 06:00:00;2019-12-11;0.9;Y
2019-12-12 06:00:01;2019-12-13 06:00:00;2019-12-12;7.4;G
2019-12-13 06:00:01;2019-12-14 06:00:00;2019-12-13;2.4;G
2019-12-14 06:00:01;2019-12-15 06:00:00;2019-12-14;1.9;G
2019-12-15 06:00:01;2019-12-16 06:00:00;2019-12-15;0.7;G
2019-12-16 06:00:01;2019-12-17 06:00:00;2019-12-16;3.8;G
2019-12-17 06:00:01;2019-12-18 06:00:00;2019-12-17;6.9;G
2019-12-18 06:00:01;2019-12-19 06:00:00;2019-12-18;4.8;G
2019-12-19 06:00:01;2019-12-20 06:00:00;2019-12-19;0.5;G
2019-12-20 06:00:01;2019-12-21 06:00:00;2019-12-20;0.1;G
2019-12-21 06:00:01;2019-12-22 06:00:00;2019-12-21;10.0;G
2019-12-22 06:00:01;2019-12-23 06:00:00;2019-12-22;1.1;G
2019-12-23 06:00:01;2019-12-24 06:00:00;2019-12-23;0.0;G
2019-12-24 06:00:01;2019-12-25 06:00:00;2019-12-24;0.4;G
2019-12-25 06:00:01;2019-12-26 06:00:00;2019-12-25;0.7;G
2019-12-26 06:00:01;2019-12-27 06:00:00;2019-12-26;0.0;G
2019-12-27 06:00:01;2019-12-28 06:00:00;2019-12-27;0.2;G
2019-12-28 06:00:01;2019-12-29 06:00:00;2019-12-28;0.1;G
2019-12-29 06:00:01;2019-12-30 06:00:00;2019-12-29;0.0;G
2019-12-30 06:00:01;2019-12-31 06:00:00;2019-12-30;0.0;G
2019-12-31 06:00:01;2020-01-01 06:00:00;2019-12-31;0.0;G
2020-01-01 06:00:01;2020-01-02 06:00:00;2020-01-01;0.0;G
2020-01-02 06:00:01;2020-01-03 06:00:00;2020-01-02;0.0;G
2020-01-03 06:00:01;2020-01-04 06:00:00;2020-01-03;0.4;G
2020-01-04 06:00:01;2020-01-05 06:00:00;2020-01-04;0.0;G
2020-01-05 06:00:01;2020-01-06 06:00:00;2020-01-05;1.7;G
2020-01-06 06:00:01;2020-01-07 06:00:00;2020-01-06;0.0;G
2020-01-07 06:00:01;2020-01-08 06:00:00;2020-01-07;0.0;G
2020-01-08 06:00:01;2020-01-09 06:00:00;2020-01-08;0.0;G
2020-01-09 06:00:01;2020-01-10 06:00:00;2020-01-09;0.0;G
2020-01-10 06:00:01;2020-01-11 06:00:00;2020-01-10;0.0;G
2020-01-11 06:00:01;2020-01-12 06:00:00;2020-01-11;0.2;G
2020-01-12 06:00:01;2020-01-13 06:00:00;2020-01-12;0.0;G
2020-01-13 06:00:01;2020-01-14 06:00:00;2020-01-13;0.0;G
2020-01-14 06:00:01;2020-01-15 06:00:00;2020-01-14;8.7;G
2020-01-15 06:00:01;2020-01-16 06:00:00;2020-01-15;0.0;G
2020-01-16 06:00:01;2020-01-17 06:00:00;2020-01-16;0.0;G
2020-01-17 06:00:01;2020-01-18 06:00:00;2020-01-17;0.0;G
2020-01-18 06:00:01;2020-01-19 06:00:00;2020-01-18;0.0;G
2020-01-19 06:00:01;2020-01-20 06:00:00;2020-01-19;0.0;G
2020-01-20 06:00:01;2020-01-21 06:00:00;2020-01-20;0.0;G
2020-01-21 06:00:01;2020-01-22 06:00:00;2020-01-21;0.0;G
2020-01-22 06:00:01;2020-01-23 06:00:00;2020-01-22;0.0;G
2020-01-23 06:00:01;2020-01-24 06:00:00;2020-01-23;0.0;G
2020-01-24 06:00:01;2020-01-25 06:00:00;2020-01-24;0.0;G
2020-01-25 06:00:01;2020-01-26 06:00:00;2020-01-25;0.0;G
2020-01-26 06:00:01;2020-01-27 06:00:00;2020-01-26;0.0;G
2020-01-27 06:00:01;2020-01-28 06:00:00;2020-01-27;0.1;G
2020-01-28 06:00:01;2020-01-29 06:00:00;2020-01-28;2.7;G
2020-01-29 06:00:01;2020-01-30 06:00:00;2020-01-29;1.3;G
2020-01-30 06:00:01;2020-01-31 06:00:00;2020-01-30;0.1;G
2020-01-31 06:00:01;2020-02-01 06:00:00;2020-01-31;1.9;G
2020-02-01 06:00:01;2020-02-02 06:00:00;2020-02-01;3.5;G
2020-02-02 06:00:01;2020-02-03 06:00:00;2020-02-02;0.0;G
2020-02-03 06:00:01;2020-02-04 06:00:00;2020-02-03;0.0;G
2020-02-04 06:00:01;2020-02-05 06:00:00;2020-02-04;0.0;G
2020-02-05 06:00:01;2020-02-06 06:00:00;2020-02-05;0.0;G
2020-02-06 06:00:01;2020-02-07 06:00:00;2020-02-06;0.0;G
2020-02-07 06:00:01;2020-02-08 06:00:00;2020-02-07;0.0;G
2020-02-08 06:00:01;2020-02-09 06:00:00;2020-02-08;0.3;G
2020-02-09 06:00:01;2020-02-10 06:00:00;2020-02-09;3.4;G
2020-02-10 06:00:01;2020-02-11 06:00:00;2020-02-10;0.5;G
2020-02-11 06:00:01;2020-02-12 06:00:00;2020-02-11;0.1;G
2020-02-12 06:00:01;2020-02-13 06:00:00;2020-02-12;2.4;G
2020-02-13 06:00:01;2020-02-14 06:00:00;2020-02-13;0.0;G
2020-02-14 06:00:01;2020-02-15 06:00:00;2020-02-14;0.7;G
2020-02-15 06:00:01;2020-02-16 06:00:00;2020-02-15;3.4;G
2020-02-16 06:00:01;2020-02-17 06:00:00;2020-02-16;0.2;G
2020-02-17 06:00:01;2020-02-18 06:00:00;2020-02-17;0.1;G
2020-02-18 06:00:01;2020-02-19 06:00:00;2020-02-18;0.0;G
2020-02-19 06:00:01;2020-02-20 06:00:00;2020-02-19;0.0;G
2020-02-20 06:00:01;2020-02-21 06:00:00;2020-02-20;4.1;G
2020-02-21 06:00:01;2020-02-22 06:00:00;2020-02-21;0.3;G
2020-02-22 06:00:01;2020-02-23 06:00:00;2020-02-22;1.0;G
2020-02-23 06:00:01;2020-02-24 06:00:00;2020-02-23;0.0;G
2020-02-24 06:00:01;2020-02-25 06:00:00;2020-02-24;0.0;G
2020-02-25 06:00:01;2020-02-26 06:00:00;2020-02-25;0.0;G
2020-02-26 06:00:01;2020-02-27 06:00:00;2020-02-26;0.0;G
2020-02-27 06:00:01;2020-02-28 06:00:00;2020-02-27;0.5;G
2020-02-28 06:00:01;2020-02-29 06:00:00;2020-02-28;0.2;G
2020-02-29 06:00:01;2020-03-01 06:00:00;2020-02-29;5.2;G
2020-03-01 06:00:01;2020-03-02 06:00:00;2020-03-01;4.2;G
2020-03-02 06:00:01;2020-03-03 06:00:00;2020-03-02;2.4;G
2020-03-03 06:00:01;2020-03-04 06:00:00;2020-03-03;4.3;G
2020-03-04 06:00:01;2020-03-05 06:00:00;2020-03-04;6.8;G
2020-03-05 06:00:01;2020-03-06 06:00:00;2020-03-05;0.0;G
2020-03-06 06:00:01;2020-03-07 06:00:00;2020-03-06;0.0;G
2020-03-07 06:00:01;2020-03-08 06:00:00;2020-03-07;0.0;G
2020-03-08 06:00:01;2020-03-09 06:00:00;2020-03-08;0.0;G
2020-03-09 06:00:01;2020-03-10 06:00:00;2020-03-09;0.2;G
2020-03-10 06:00:01;2020-03-11 06:00:00;2020-03-10;0.8;G
2020-03-11 06:00:01;2020-03-12 06:00:00;2020-03-11;0.0;G
2020-03-12 06:00:01;2020-03-13 06:00:00;2020-03-12;0.0;G
2020-03-13 06:00:01;2020-03-14 06:00:00;2020-03-13;0.0;G
2020-03-14 06:00:01;2020-03-15 06:00:00;2020-03-14;0.0;G
2020-03-15 06:00:01;2020-03-16 06:00:00;2020-03-15;0.9;G
2020-03-16 06:00:01;2020-03-17 06:00:00;2020-03-16;0.0;G
2020-03-17 06:00:01;2020-03-18 06:00:00;2020-03-17;0.0;G
2020-03-18 06:00:01;2020-03-19 06:00:00;2020-03-18;1.2;G
2020-03-19 06:00:01;2020-03-20 06:00:00;2020-03-19;0.0;G
2020-03-20 06:00:01;2020-03-21 06:00:00;2020-03-20;0.0;G
2020-03-21 06:00:01;2020-03-22 06:00:00;2020-03-21;0.0;G
2020-03-22 06:00:01;2020-03-23 06:00:00;2020-03-22;0.0;G
2020-03-23 06:00:01;2020-03-24 06:00:00;2020-03-23;0.0;G
2020-03-24 06:00:01;2020-03-25 06:00:00;2020-03-24;0.0;G
2020-03-25 06:00:01;2020-03-26 06:00:00;2020-03-25;0.0;G
2020-03-26 06:00:01;2020-03-27 06:00:00;2020-03-26;0.0;G
2020-03-27 06:00:01;2020-03-28 06:00:00;2020-03-27;0.0;G
2020-03-28 06:00:01;2020-03-29 06:00:00;2020-03-28;0.0;G
2020-03-29 06:00:01;2020-03-30 06:00:00;2020-03-29;0.0;G
2020-03-30 06:00:01;2020-03-31 06:00:00;2020-03-30;0.4;G
2020-03-31 06:00:01;2020-04-01 06:00:00;2020-03-31;0.0;G
2020-04-01 06:00:01;2020-04-02 06:00:00;2020-04-01;0.0;G
2020-04-02 06:00:01;2020-04-03 06:00:00;2020-04-02;3.2;G
2020-04-03 06:00:01;2020-04-04 06:00:00;2020-04-03;0.0;G
2020-04-04 06:00:01;2020-04-05 06:00:00;2020-04-04;0.0;G
2020-04-05 06:00:01;2020-04-06 06:00:00;2020-04-05;0.0;G
2020-04-06 06:00:01;2020-04-07 06:00:00;2020-04-06;0.0;G
2020-04-07 06:00:01;2020-04-08 06:00:00;2020-04-07;2.0;G
2020-04-08 06:00:01;2020-04-09 06:00:00;2020-04-08;0.0;G
2020-04-09 06:00:01;2020-04-10 06:00:00;2020-04-09;0.0;G
2020-04-10 06:00:01;2020-04-11 06:00:00;2020-04-10;0.0;G
2020-04-11 06:00:01;2020-04-12 06:00:00;2020-04-11;0.8;G
2020-04-12 06:00:01;2020-04-13 06:00:00;2020-04-12;0.4;G
2020-04-13 06:00:01;2020-04-14 06:00:00;2020-04-13;0.0;G
2020-04-14 06:00:01;2020-04-15 06:00:00;2020-04-14;1.1;G
2020-04-15 06:00:01;2020-04-16 06:00:00;2020-04-15;0.0;G
2020-04-16 06:00:01;2020-04-17 06:00:00;2020-04-16;0.0;G
2020-04-17 06:00:01;2020-04-18 06:00:00;2020-04-17;0.0;G
2020-04-18 06:00:01;2020-04-19 06:00:00;2020-04-18;0.0;G
2020-04-19 06:00:01;2020-04-20 06:00:00;2020-04-19;0.0;G
2020-04-20 06:00:01;2020-04-21 06:00:00;2020-04-20;0.0;G
2020-04-21 06:00:01;2020-04-22 06:00:00;2020-04-21;0.0;G
2020-04-22 06:00:01;2020-04-23 06:00:00;2020-04-22;0.0;G
2020-04-23 06:00:01;2020-04-24 06:00:00;2020-04-23;0.0;G
2020-04-24 06:00:01;2020-04-25 06:00:00;2020-04-24;0.0;G
2020-04-25 06:00:01;2020-04-26 06:00:00;2020-04-25;0.0;G
2020-04-26 06:00:01;2020-04-27 06:00:00;2020-04-26;0.0;G
2020-04-27 06:00:01;2020-04-28 06:00:00;2020-04-27;9.1;G
2020-04-28 06:00:01;2020-04-29 06:00:00;2020-04-28;0.1;G
2020-04-29 06:00:01;2020-04-30 06:00:00;2020-04-29;0.0;G
2020-04-30 06:00:01;2020-05-01 06:00:00;2020-04-30;0.1;G
2020-05-01 06:00:01;2020-05-02 06:00:00;2020-05-01;4.0;G
2020-05-02 06:00:01;2020-05-03 06:00:00;2020-05-02;0.0;G
2020-05-03 06:00:01;2020-05-04 06:00:00;2020-05-03;1.1;G
2020-05-04 06:00:01;2020-05-05 06:00:00;2020-05-04;1.4;G
2020-05-05 06:00:01;2020-05-06 06:00:00;2020-05-05;0.0;G
2020-05-06 06:00:01;2020-05-07 06:00:00;2020-05-06;0.1;G
2020-05-07 06:00:01;2020-05-08 06:00:00;2020-05-07;0.0;G
2020-05-08 06:00:01;2020-05-09 06:00:00;2020-05-08;0.0;G
2020-05-09 06:00:01;2020-05-10 06:00:00;2020-05-09;0.0;G
2020-05-10 06:00:01;2020-05-11 06:00:00;2020-05-10;12.7;G
2020-05-11 06:00:01;2020-05-12 06:00:00;2020-05-11;0.3;G
2020-05-12 06:00:01;2020-05-13 06:00:00;2020-05-12;2.3;G
2020-05-13 06:00:01;2020-05-14 06:00:00;2020-05-13;2.3;G
2020-05-14 06:00:01;2020-05-15 06:00:00;2020-05-14;0.0;G
2020-05-15 06:00:01;2020-05-16 06:00:00;2020-05-15;0.8;G
2020-05-16 06:00:01;2020-05-17 06:00:00;2020-05-16;0.2;G
2020-05-17 06:00:01;2020-05-18 06:00:00;2020-05-17;1.6;G
2020-05-18 06:00:01;2020-05-19 06:00:00;2020-05-18;2.8;G
2020-05-19 06:00:01;2020-05-20 06:00:00;2020-05-19;0.1;G
2020-05-20 06:00:01;2020-05-21 06:00:00;2020-05-20;0.0;G
2020-05-21 06:00:01;2020-05-22 06:00:00;2020-05-21;0.0;G
2020-05-22 06:00:01;2020-05-23 06:00:00;2020-05-22;0.0;G
2020-05-23 06:00:01;2020-05-24 06:00:00;2020-05-23;4.0;G
2020-05-24 06:00:01;2020-05-25 06:00:00;2020-05-24;0.0;G
2020-05-25 06:00:01;2020-05-26 06:00:00;2020-05-25;0.0;G
2020-05-26 06:00:01;2020-05-27 06:00:00;2020-05-26;0.0;G
2020-05-27 06:00:01;2020-05-28 06:00:00;2020-05-27;7.5;G
2020-05-28 06:00:01;2020-05-29 06:00:00;2020-05-28;0.0;G
2020-05-29 06:00:01;2020-05-30 06:00:00;2020-05-29;0.0;G
2020-05-30 06:00:01;2020-05-31 06:00:00;2020-05-30;0.0;G
2020-05-31 06:00:01;2020-06-01 06:00:00;2020-05-31;0.0;G
2020-06-01 06:00:01;2020-06-02 06:00:00;2020-06-01;0.0;G
2020-06-02 06:00:01;2020-06-03 06:00:00;2020-06-02;0.0;G
2020-06-03 06:00:01;2020-06-04 06:00:00;2020-06-03;0.0;G
2020-06-04 06:00:01;2020-06-05 06:00:00;2020-06-04;0.0;G
2020-06-05 06:00:01;2020-06-06 06:00:00;2020-06-05;12.1;G
2020-06-06 06:00:01;2020-06-07 06:00:00;2020-06-06;1.1;G
2020-06-07 06:00:01;2020-06-08 06:00:00;2020-06-07;0.0;G
2020-06-08 06:00:01;2020-06-09 06:00:00;2020-06-08;0.0;G
2020-06-09 06:00:01;2020-06-10 06:00:00;2020-06-09;0.3;G
2020-06-10 06:00:01;2020-06-11 06:00:00;2020-06-10;0.0;G
2020-06-11 06:00:01;2020-06-12 06:00:00;2020-06-11;0.0;G
2020-06-12 06:00:01;2020-06-13 06:00:00;2020-06-12;0.0;G
2020-06-13 06:00:01;2020-06-14 06:00:00;2020-06-13;0.0;G
2020-06-14 06:00:01;2020-06-15 06:00:00;2020-06-14;0.0;G
2020-06-15 06:00:01;2020-06-16 06:00:00;2020-06-15;0.0;G
2020-06-16 06:00:01;2020-06-17 06:00:00;2020-06-16;24.8;G
2020-06-17 06:00:01;2020-06-18 06:00:00;2020-06-17;5.7;G
2020-06-18 06:00:01;2020-06-19 06:00:00;2020-06-18;0.0;G
2020-06-19 06:00:01;2020-06-20 06:00:00;2020-06-19;0.0;G
2020-06-20 06:00:01;2020-06-21 06:00:00;2020-06-20;0.0;G
2020-06-21 06:00:01;2020-06-22 06:00:00;2020-06-21;0.0;G
2020-06-22 06:00:01;2020-06-23 06:00:00;2020-06-22;0.0;G
2020-06-23 06:00:01;2020-06-24 06:00:00;2020-06-23;0.0;G
2020-06-24 06:00:01;2020-06-25 06:00:00;2020-06-24;0.0;G
2020-06-25 06:00:01;2020-06-26 06:00:00;2020-06-25;0.0;G
2020-06-26 06:00:01;2020-06-27 06:00:00;2020-06-26;0.0;G
2020-06-27 06:00:01;2020-06-28 06:00:00;2020-06-27;0.0;G
2020-06-28 06:00:01;2020-06-29 06:00:00;2020-06-28;8.2;G
2020-06-29 06:00:01;2020-06-30 06:00:00;2020-06-29;0.1;G
2020-06-30 06:00:01;2020-07-01 06:00:00;2020-06-30;2.6;G
2020-07-01 06:00:01;2020-07-02 06:00:00;2020-07-01;1.3;G
2020-07-02 06:00:01;2020-07-03 06:00:00;2020-07-02;3.2;G
2020-07-03 06:00:01;2020-07-04 06:00:00;2020-07-03;2.8;G
2020-07-04 06:00:01;2020-07-05 06:00:00;2020-07-04;0.4;G
2020-07-05 06:00:01;2020-07-06 06:00:00;2020-07-05;28.3;G
2020-07-06 06:00:01;2020-07-07 06:00:00;2020-07-06;2.8;G
2020-07-07 06:00:01;2020-07-08 06:00:00;2020-07-07;0.0;G
2020-07-08 06:00:01;2020-07-09 06:00:00;2020-07-08;2.3;G
2020-07-09 06:00:01;2020-07-10 06:00:00;2020-07-09;0.0;G
2020-07-10 06:00:01;2020-07-11 06:00:00;2020-07-10;0.1;G
2020-07-11 06:00:01;2020-07-12 06:00:00;2020-07-11;0.6;G
2020-07-12 06:00:01;2020-07-13 06:00:00;2020-07-12;3.8;G
2020-07-13 06:00:01;2020-07-14 06:00:00;2020-07-13;0.0;G
2020-07-14 06:00:01;2020-07-15 06:00:00;2020-07-14;5.3;G
2020-07-15 06:00:01;2020-07-16 06:00:00;2020-07-15;0.0;G
2020-07-16 06:00:01;2020-07-17 06:00:00;2020-07-16;0.9;G
2020-07-17 06:00:01;2020-07-18 06:00:00;2020-07-17;0.0;G
2020-07-18 06:00:01;2020-07-19 06:00:00;2020-07-18;0.0;G
2020-07-19 06:00:01;2020-07-20 06:00:00;2020-07-19;0.0;G
2020-07-20 06:00:01;2020-07-21 06:00:00;2020-07-20;3.4;G
2020-07-21 06:00:01;2020-07-22 06:00:00;2020-07-21;2.4;G
2020-07-22 06:00:01;2020-07-23 06:00:00;2020-07-22;0.0;G
2020-07-23 06:00:01;2020-07-24 06:00:00;2020-07-23;0.0;G
2020-07-24 06:00:01;2020-07-25 06:00:00;2020-07-24;0.0;G
2020-07-25 06:00:01;2020-07-26 06:00:00;2020-07-25;0.0;G
2020-07-26 06:00:01;2020-07-27 06:00:00;2020-07-26;11.6;G
2020-07-27 06:00:01;2020-07-28 06:00:00;2020-07-27;0.0;G
2020-07-28 06:00:01;2020-07-29 06:00:00;2020-07-28;5.1;G
2020-07-29 06:00:01;2020-07-30 06:00:00;2020-07-29;0.2;G
2020-07-30 06:00:01;2020-07-31 06:00:00;2020-07-30;14.7;G
2020-07-31 06:00:01;2020-08-01 06:00:00;2020-07-31;0.1;G
2020-08-01 06:00:01;2020-08-02 06:00:00;2020-08-01;0.0;G
2020-08-02 06:00:01;2020-08-03 06:00:00;2020-08-02;0.0;G
2020-08-03 06:00:01;2020-08-04 06:00:00;2020-08-03;0.0;G
2020-08-04 06:00:01;2020-08-05 06:00:00;2020-08-04;0.0;G
2020-08-05 06:00:01;2020-08-06 06:00:00;2020-08-05;0.0;G
2020-08-06 06:00:01;2020-08-07 06:00:00;2020-08-06;0.0;G
2020-08-07 06:00:01;2020-08-08 06:00:00;2020-08-07;0.0;G
2020-08-08 06:00:01;2020-08-09 06:00:00;2020-08-08;0.0;G
2020-08-09 06:00:01;2020-08-10 06:00:00;2020-08-09;0.0;G
2020-08-10 06:00:01;2020-08-11 06:00:00;2020-08-10;0.0;G
2020-08-11 06:00:01;2020-08-12 06:00:00;2020-08-11;0.0;G
2020-08-12 06:00:01;2020-08-13 06:00:00;2020-08-12;0.0;G
2020-08-13 06:00:01;2020-08-14 06:00:00;2020-08-13;1.0;G
2020-08-14 06:00:01;2020-08-15 06:00:00;2020-08-14;0.0;G
2020-08-15 06:00:01;2020-08-16 06:00:00;2020-08-15;0.0;G
2020-08-16 06:00:01;2020-08-17 06:00:00;2020-08-16;0.0;G
2020-08-17 06:00:01;2020-08-18 06:00:00;2020-08-17;0.0;G
2020-08-18 06:00:01;2020-08-19 06:00:00;2020-08-18;0.0;G
2020-08-19 06:00:01;2020-08-20 06:00:00;2020-08-19;0.0;G
2020-08-20 06:00:01;2020-08-21 06:00:00;2020-08-20;0.0;G
2020-08-21 06:00:01;2020-08-22 06:00:00;2020-08-21;0.1;G
2020-08-22 06:00:01;2020-08-23 06:00:00;2020-08-22;0.4;G
2020-08-23 06:00:01;2020-08-24 06:00:00;2020-08-23;0.0;G
2020-08-24 06:00:01;2020-08-25 06:00:00;2020-08-24;0.4;G
2020-08-25 06:00:01;2020-08-26 06:00:00;2020-08-25;0.2;G
2020-08-26 06:00:01;2020-08-27 06:00:00;2020-08-26;0.0;G
2020-08-27 06:00:01;2020-08-28 06:00:00;2020-08-27;0.0;G
2020-08-28 06:00:01;2020-08-29 06:00:00;2020-08-28;1.7;G
2020-08-29 06:00:01;2020-08-30 06:00:00;2020-08-29;7.5;G
2020-08-30 06:00:01;2020-08-31 06:00:00;2020-08-30;6.1;G
2020-08-31 06:00:01;2020-09-01 06:00:00;2020-08-31;2.6;G
2020-09-01 06:00:01;2020-09-02 06:00:00;2020-09-01;0.0;G
2020-09-02 06:00:01;2020-09-03 06:00:00;2020-09-02;0.3;G
2020-09-03 06:00:01;2020-09-04 06:00:00;2020-09-03;2.9;G
2020-09-04 06:00:01;2020-09-05 06:00:00;2020-09-04;0.1;G
2020-09-05 06:00:01;2020-09-06 06:00:00;2020-09-05;0.5;G
2020-09-06 06:00:01;2020-09-07 06:00:00;2020-09-06;0.0;G
2020-09-07 06:00:01;2020-09-08 06:00:00;2020-09-07;2.7;G
2020-09-08 06:00:01;2020-09-09 06:00:00;2020-09-08;1.7;G
2020-09-09 06:00:01;2020-09-10 06:00:00;2020-09-09;3.6;G
2020-09-10 06:00:01;2020-09-11 06:00:00;2020-09-10;0.1;G
2020-09-11 06:00:01;2020-09-12 06:00:00;2020-09-11;0.0;G
2020-09-12 06:00:01;2020-09-13 06:00:00;2020-09-12;4.5;G
2020-09-13 06:00:01;2020-09-14 06:00:00;2020-09-13;0.1;G
2020-09-14 06:00:01;2020-09-15 06:00:00;2020-09-14;0.0;G
2020-09-15 06:00:01;2020-09-16 06:00:00;2020-09-15;1.1;G
2020-09-16 06:00:01;2020-09-17 06:00:00;2020-09-16;0.1;G
2020-09-17 06:00:01;2020-09-18 06:00:00;2020-09-17;0.0;G
2020-09-18 06:00:01;2020-09-19 06:00:00;2020-09-18;0.0;G
2020-09-19 06:00:01;2020-09-20 06:00:00;2020-09-19;0.0;G
2020-09-20 06:00:01;2020-09-21 06:00:00;2020-09-20;0.0;G
2020-09-21 06:00:01;2020-09-22 06:00:00;2020-09-21;0.0;G
2020-09-22 06:00:01;2020-09-23 06:00:00;2020-09-22;0.0;G
2020-09-23 06:00:01;2020-09-24 06:00:00;2020-09-23;0.0;G
2020-09-24 06:00:01;2020-09-25 06:00:00;2020-09-24;1.1;G
2020-09-25 06:00:01;2020-09-26 06:00:00;2020-09-25;5.0;G
2020-09-26 06:00:01;2020-09-27 06:00:00;2020-09-26;9.2;G
2020-09-27 06:00:01;2020-09-28 06:00:00;2020-09-27;0.0;G
2020-09-28 06:00:01;2020-09-29 06:00:00;2020-09-28;0.0;G
2020-09-29 06:00:01;2020-09-30 06:00:00;2020-09-29;2.6;G
2020-09-30 06:00:01;2020-10-01 06:00:00;2020-09-30;0.0;G
2020-10-01 06:00:01;2020-10-02 06:00:00;2020-10-01;0.0;G
2020-10-02 06:00:01;2020-10-03 06:00:00;2020-10-02;0.0;G
2020-10-03 06:00:01;2020-10-04 06:00:00;2020-10-03;0.0;G
2020-10-04 06:00:01;2020-10-05 06:00:00;2020-10-04;2.8;G
2020-10-05 06:00:01;2020-10-06 06:00:00;2020-10-05;0.0;G
2020-10-06 06:00:01;2020-10-07 06:00:00;2020-10-06;22.9;G
2020-10-07 06:00:01;2020-10-08 06:00:00;2020-10-07;1.0;G
2020-10-08 06:00:01;2020-10-09 06:00:00;2020-10-08;2.4;G
2020-10-09 06:00:01;2020-10-10 06:00:00;2020-10-09;6.2;G
2020-10-10 06:00:01;2020-10-11 06:00:00;2020-10-10;4.2;G
2020-10-11 06:00:01;2020-10-12 06:00:00;2020-10-11;1.5;G
2020-10-12 06:00:01;2020-10-13 06:00:00;2020-10-12;0.0;G
2020-10-13 06:00:01;2020-10-14 06:00:00;2020-10-13;0.0;G
2020-10-14 06:00:01;2020-10-15 06:00:00;2020-10-14;0.0;G
2020-10-15 06:00:01;2020-10-16 06:00:00;2020-10-15;0.9;G
2020-10-16 06:00:01;2020-10-17 06:00:00;2020-10-16;1.4;G
2020-10-17 06:00:01;2020-10-18 06:00:00;2020-10-17;0.0;G
2020-10-18 06:00:01;2020-10-19 06:00:00;2020-10-18;0.0;G
2020-10-19 06:00:01;2020-10-20 06:00:00;2020-10-19;0.0;G
2020-10-20 06:00:01;2020-10-21 06:00:00;2020-10-20;5.9;G
2020-10-21 06:00:01;2020-10-22 06:00:00;2020-10-21;6.8;G
2020-10-22 06:00:01;2020-10-23 06:00:00;2020-10-22;10.5;G
2020-10-23 06:00:01;2020-10-24 06:00:00;2020-10-23;0.1;G
2020-10-24 06:00:01;2020-10-25 06:00:00;2020-10-24;6.2;G
2020-10-25 06:00:01;2020-10-26 06:00:00;2020-10-25;12.2;G
2020-10-26 06:00:01;2020-10-27 06:00:00;2020-10-26;14.4;G
2020-10-27 06:00:01;2020-10-28 06:00:00;2020-10-27;0.6;G
2020-10-28 06:00:01;2020-10-29 06:00:00;2020-10-28;2.5;G
2020-10-29 06:00:01;2020-10-30 06:00:00;2020-10-29;0.0;G
2020-10-30 06:00:01;2020-10-31 06:00:00;2020-10-30;0.0;G
2020-10-31 06:00:01;2020-11-01 06:00:00;2020-10-31;1.6;G
2020-11-01 06:00:01;2020-11-02 06:00:00;2020-11-01;4.1;G
2020-11-02 06:00:01;2020-11-03 06:00:00;2020-11-02;3.6;G
2020-11-03 06:00:01;2020-11-04 06:00:00;2020-11-03;0.0;G
2020-11-04 06:00:01;2020-11-05 06:00:00;2020-11-04;0.0;G
2020-11-05 06:00:01;2020-11-06 06:00:00;2020-11-05;0.0;G
2020-11-06 06:00:01;2020-11-07 06:00:00;2020-11-06;0.0;G
2020-11-07 06:00:01;2020-11-08 06:00:00;2020-11-07;0.0;G
2020-11-08 06:00:01;2020-11-09 06:00:00;2020-11-08;0.2;G
2020-11-09 06:00:01;2020-11-10 06:00:00;2020-11-09;0.0;G
2020-11-10 06:00:01;2020-11-11 06:00:00;2020-11-10;0.3;G
2020-11-11 06:00:01;2020-11-12 06:00:00;2020-11-11;0.0;G
2020-11-12 06:00:01;2020-11-13 06:00:00;2020-11-12;0.3;G
2020-11-13 06:00:01;2020-11-14 06:00:00;2020-11-13;0.4;G
2020-11-14 06:00:01;2020-11-15 06:00:00;2020-11-14;0.1;G
2020-11-15 06:00:01;2020-11-16 06:00:00;2020-11-15;0.0;G
2020-11-16 06:00:01;2020-11-17 06:00:00;2020-11-16;0.1;G
2020-11-17 06:00:01;2020-11-18 06:00:00;2020-11-17;1.6;G
2020-11-18 06:00:01;2020-11-19 06:00:00;2020-11-18;1.4;G
2020-11-19 06:00:01;2020-11-20 06:00:00;2020-11-19;3.5;G
2020-11-20 06:00:01;2020-11-21 06:00:00;2020-11-20;0.0;G
2020-11-21 06:00:01;2020-11-22 06:00:00;2020-11-21;7.9;G
2020-11-22 06:00:01;2020-11-23 06:00:00;2020-11-22;0.0;G
2020-11-23 06:00:01;2020-11-24 06:00:00;2020-11-23;0.0;G
2020-11-24 06:00:01;2020-11-25 06:00:00;2020-11-24;2.1;G
2020-11-25 06:00:01;2020-11-26 06:00:00;2020-11-25;2.2;G
2020-11-26 06:00:01;2020-11-27 06:00:00;2020-11-26;0.0;G
2020-11-27 06:00:01;2020-11-28 06:00:00;2020-11-27;0.0;G
2020-11-28 06:00:01;2020-11-29 06:00:00;2020-11-28;0.0;G
2020-11-29 06:00:01;2020-11-30 06:00:00;2020-11-29;0.0;G
2020-11-30 06:00:01;2020-12-01 06:00:00;2020-11-30;2.2;G
2020-12-01 06:00:01;2020-12-02 06:00:00;2020-12-01;0.3;G
2020-12-02 06:00:01;2020-12-03 06:00:00;2020-12-02;0.1;G
2020-12-03 06:00:01;2020-12-04 06:00:00;2020-12-03;1.0;G
2020-12-04 06:00:01;2020-12-05 06:00:00;2020-12-04;6.0;G
2020-12-05 06:00:01;2020-12-06 06:00:00;2020-12-05;0.0;G
2020-12-06 06:00:01;2020-12-07 06:00:00;2020-12-06;0.0;G
2020-12-07 06:00:01;2020-12-08 06:00:00;2020-12-07;0.0;G
2020-12-08 06:00:01;2020-12-09 06:00:00;2020-12-08;0.0;G
2020-12-09 06:00:01;2020-12-10 06:00:00;2020-12-09;0.0;G
2020-12-10 06:00:01;2020-12-11 06:00:00;2020-12-10;0.0;G
2020-12-11 06:00:01;2020-12-12 06:00:00;2020-12-11;1.1;G
2020-12-12 06:00:01;2020-12-13 06:00:00;2020-12-12;1.2;G
2020-12-13 06:00:01;2020-12-14 06:00:00;2020-12-13;0.0;G
2020-12-14 06:00:01;2020-12-15 06:00:00;2020-12-14;1.4;G
2020-12-15 06:00:01;2020-12-16 06:00:00;2020-12-15;2.3;G
2020-12-16 06:00:01;2020-12-17 06:00:00;2020-12-16;0.0;G
2020-12-17 06:00:01;2020-12-18 06:00:00;2020-12-17;6.7;G
2020-12-18 06:00:01;2020-12-19 06:00:00;2020-12-18;0.5;G
2020-12-19 06:00:01;2020-12-20 06:00:00;2020-12-19;0.3;G
2020-12-20 06:00:01;2020-12-21 06:00:00;2020-12-20;0.8;G
2020-12-21 06:00:01;2020-12-22 06:00:00;2020-12-21;0.0;G
2020-12-22 06:00:01;2020-12-23 06:00:00;2020-12-22;4.1;G
2020-12-23 06:00:01;2020-12-24 06:00:00;2020-12-23;0.0;G
2020-12-24 06:00:01;2020-12-25 06:00:00;2020-12-24;1.2;G
2020-12-25 06:00:01;2020-12-26 06:00:00;2020-12-25;5.1;G
2020-12-26 06:00:01;2020-12-27 06:00:00;2020-12-26;4.2;G
2020-12-27 06:00:01;2020-12-28 06:00:00;2020-12-27;0.5;G
2020-12-28 06:00:01;2020-12-29 06:00:00;2020-12-28;5.6;G
2020-12-29 06:00:01;2020-12-30 06:00:00;2020-12-29;1.3;G
2020-12-30 06:00:01;2020-12-31 06:00:00;2020-12-30;3.2;G
2020-12-31 06:00:01;2021-01-01 06:00:00;2020-12-31;0.1;G
2021-01-01 06:00:01;2021-01-02 06:00:00;2021-01-01;2.1;G
2021-01-02 06:00:01;2021-01-03 06:00:00;2021-01-02;0.1;G
2021-01-03 06:00:01;2021-01-04 06:00:00;2021-01-03;0.0;G
2021-01-04 06:00:01;2021-01-05 06:00:00;2021-01-04;0.7;G
2021-01-05 06:00:01;2021-01-06 06:00:00;2021-01-05;0.0;G
2021-01-06 06:00:01;2021-01-07 06:00:00;2021-01-06;0.0;G
2021-01-07 06:00:01;2021-01-08 06:00:00;2021-01-07;0.1;G
2021-01-08 06:00:01;2021-01-09 06:00:00;2021-01-08;0.0;G
2021-01-09 06:00:01;2021-01-10 06:00:00;2021-01-09;0.0;G
2021-01-10 06:00:01;2021-01-11 06:00:00;2021-01-10;2.7;G
2021-01-11 06:00:01;2021-01-12 06:00:00;2021-01-11;19.3;G
2021-01-12 06:00:01;2021-01-13 06:00:00;2021-01-12;0.1;G
2021-01-13 06:00:01;2021-01-14 06:00:00;2021-01-13;0.7;G
2021-01-14 06:00:01;2021-01-15 06:00:00;2021-01-14;0.4;G
2021-01-15 06:00:01;2021-01-16 06:00:00;2021-01-15;0.0;G
2021-01-16 06:00:01;2021-01-17 06:00:00;2021-01-16;0.0;G
2021-01-17 06:00:01;2021-01-18 06:00:00;2021-01-17;0.0;G
2021-01-18 06:00:01;2021-01-19 06:00:00;2021-01-18;0.0;G
2021-01-19 06:00:01;2021-01-20 06:00:00;2021-01-19;0.5;G
2021-01-20 06:00:01;2021-01-21 06:00:00;2021-01-20;5.6;G
2021-01-21 06:00:01;2021-01-22 06:00:00;2021-01-21;2.1;G
2021-01-22 06:00:01;2021-01-23 06:00:00;2021-01-22;3.9;G
2021-01-23 06:00:01;2021-01-24 06:00:00;2021-01-23;0.0;G
2021-01-24 06:00:01;2021-01-25 06:00:00;2021-01-24;0.0;G
2021-01-25 06:00:01;2021-01-26 06:00:00;2021-01-25;4.1;G
2021-01-26 06:00:01;2021-01-27 06:00:00;2021-01-26;0.0;G
2021-01-27 06:00:01;2021-01-28 06:00:00;2021-01-27;0.0;G
2021-01-28 06:00:01;2021-01-29 06:00:00;2021-01-28;4.0;G
2021-01-29 06:00:01;2021-01-30 06:00:00;2021-01-29;0.0;G
2021-01-30 06:00:01;2021-01-31 06:00:00;2021-01-30;0.0;G
2021-01-31 06:00:01;2021-02-01 06:00:00;2021-01-31;0.0;G
2021-02-01 06:00:01;2021-02-02 06:00:00;2021-02-01;0.1;G
2021-02-02 06:00:01;2021-02-03 06:00:00;2021-02-02;1.6;G
2021-02-03 06:00:01;2021-02-04 06:00:00;2021-02-03;0.1;G
2021-02-04 06:00:01;2021-02-05 06:00:00;2021-02-04;0.2;G
2021-02-05 06:00:01;2021-02-06 06:00:00;2021-02-05;0.2;G
2021-02-06 06:00:01;2021-02-07 06:00:00;2021-02-06;0.1;G
2021-02-07 06:00:01;2021-02-08 06:00:00;2021-02-07;0.0;G
2021-02-08 06:00:01;2021-02-09 06:00:00;2021-02-08;0.1;G
2021-02-09 06:00:01;2021-02-10 06:00:00;2021-02-09;0.0;G
2021-02-10 06:00:01;2021-02-11 06:00:00;2021-02-10;1.6;G
2021-02-11 06:00:01;2021-02-12 06:00:00;2021-02-11;0.1;G
2021-02-12 06:00:01;2021-02-13 06:00:00;2021-02-12;0.0;G
2021-02-13 06:00:01;2021-02-14 06:00:00;2021-02-13;0.0;G
2021-02-14 06:00:01;2021-02-15 06:00:00;2021-02-14;0.0;G
2021-02-15 06:00:01;2021-02-16 06:00:00;2021-02-15;0.0;G
2021-02-16 06:00:01;2021-02-17 06:00:00;2021-02-16;0.0;G
2021-02-17 06:00:01;2021-02-18 06:00:00;2021-02-17;0.0;G
2021-02-18 06:00:01;2021-02-19 06:00:00;2021-02-18;0.0;G
2021-02-19 06:00:01;2021-02-20 06:00:00;2021-02-19;0.0;G
2021-02-20 06:00:01;2021-02-21 06:00:00;2021-02-20;2.4;G
2021-02-21 06:00:01;2021-02-22 06:00:00;2021-02-21;0.1;G
2021-02-22 06:00:01;2021-02-23 06:00:00;2021-02-22;0.0;G
2021-02-23 06:00:01;2021-02-24 06:00:00;2021-02-23;0.2;G
2021-02-24 06:00:01;2021-02-25 06:00:00;2021-02-24;0.0;G
2021-02-25 06:00:01;2021-02-26 06:00:00;2021-02-25;0.0;G
2021-02-26 06:00:01;2021-02-27 06:00:00;2021-02-26;0.0;G
2021-02-27 06:00:01;2021-02-28 06:00:00;2021-02-27;0.0;G
2021-02-28 06:00:01;2021-03-01 06:00:00;2021-02-28;0.0;G
2021-03-01 06:00:01;2021-03-02 06:00:00;2021-03-01;0.0;G
2021-03-02 06:00:01;2021-03-03 06:00:00;2021-03-02;0.0;G
2021-03-03 06:00:01;2021-03-04 06:00:00;2021-03-03;0.0;G
2021-03-04 06:00:01;2021-03-05 06:00:00;2021-03-04;0.0;G
2021-03-05 06:00:01;2021-03-06 06:00:00;2021-03-05;0.0;G
2021-03-06 06:00:01;2021-03-07 06:00:00;2021-03-06;0.4;G
2021-03-07 06:00:01;2021-03-08 06:00:00;2021-03-07;0.0;G
2021-03-08 06:00:01;2021-03-09 06:00:00;2021-03-08;0.0;G
2021-03-09 06:00:01;2021-03-10 06:00:00;2021-03-09;0.0;G
2021-03-10 06:00:01;2021-03-11 06:00:00;2021-03-10;0.0;G
2021-03-11 06:00:01;2021-03-12 06:00:00;2021-03-11;5.0;G
2021-03-12 06:00:01;2021-03-13 06:00:00;2021-03-12;0.5;G
2021-03-13 06:00:01;2021-03-14 06:00:00;2021-03-13;0.0;G
2021-03-14 06:00:01;2021-03-15 06:00:00;2021-03-14;0.0;G
2021-03-15 06:00:01;2021-03-16 06:00:00;2021-03-15;0.0;G
2021-03-16 06:00:01;2021-03-17 06:00:00;2021-03-16;0.0;G
2021-03-17 06:00:01;2021-03-18 06:00:00;2021-03-17;0.0;G
2021-03-18 06:00:01;2021-03-19 06:00:00;2021-03-18;0.1;G
2021-03-19 06:00:01;2021-03-20 06:00:00;2021-03-19;0.0;G
2021-03-20 06:00:01;2021-03-21 06:00:00;2021-03-20;0.0;G
2021-03-21 06:00:01;2021-03-22 06:00:00;2021-03-21;0.0;G
2021-03-22 06:00:01;2021-03-23 06:00:00;2021-03-22;0.0;G
2021-03-23 06:00:01;2021-03-24 06:00:00;2021-03-23;0.0;G
2021-03-24 06:00:01;2021-03-25 06:00:00;2021-03-24;0.0;G
2021-03-25 06:00:01;2021-03-26 06:00:00;2021-03-25;0.0;G
2021-03-26 06:00:01;2021-03-27 06:00:00;2021-03-26;0.0;G
2021-03-27 06:00:01;2021-03-28 06:00:00;2021-03-27;0.0;G
2021-03-28 06:00:01;2021-03-29 06:00:00;2021-03-28;1.4;G
2021-03-29 06:00:01;2021-03-30 06:00:00;2021-03-29;0.6;G
2021-03-30 06:00:01;2021-03-31 06:00:00;2021-03-30;0.1;G
2021-03-31 06:00:01;2021-04-01 06:00:00;2021-03-31;1.2;G
2021-04-01 06:00:01;2021-04-02 06:00:00;2021-04-01;0.0;G
2021-04-02 06:00:01;2021-04-03 06:00:00;2021-04-02;0.1;G
2021-04-03 06:00:01;2021-04-04 06:00:00;2021-04-03;0.0;G
2021-04-04 06:00:01;2021-04-05 06:00:00;2021-04-04;2.2;G
2021-04-05 06:00:01;2021-04-06 06:00:00;2021-04-05;1.2;G
2021-04-06 06:00:01;2021-04-07 06:00:00;2021-04-06;1.2;G
2021-04-07 06:00:01;2021-04-08 06:00:00;2021-04-07;0.0;G
2021-04-08 06:00:01;2021-04-09 06:00:00;2021-04-08;0.8;G
2021-04-09 06:00:01;2021-04-10 06:00:00;2021-04-09;4.4;G
2021-04-10 06:00:01;2021-04-11 06:00:00;2021-04-10;0.0;G
2021-04-11 06:00:01;2021-04-12 06:00:00;2021-04-11;10.8;G
2021-04-12 06:00:01;2021-04-13 06:00:00;2021-04-12;0.0;G
2021-04-13 06:00:01;2021-04-14 06:00:00;2021-04-13;0.6;G
2021-04-14 06:00:01;2021-04-15 06:00:00;2021-04-14;0.0;G
2021-04-15 06:00:01;2021-04-16 06:00:00;2021-04-15;0.0;G
2021-04-16 06:00:01;2021-04-17 06:00:00;2021-04-16;0.0;G
2021-04-17 06:00:01;2021-04-18 06:00:00;2021-04-17;0.0;G
2021-04-18 06:00:01;2021-04-19 06:00:00;2021-04-18;0.0;G
2021-04-19 06:00:01;2021-04-20 06:00:00;2021-04-19;0.0;G
2021-04-20 06:00:01;2021-04-21 06:00:00;2021-04-20;0.0;G
2021-04-21 06:00:01;2021-04-22 06:00:00;2021-04-21;1.5;G
2021-04-22 06:00:01;2021-04-23 06:00:00;2021-04-22;9.5;G
2021-04-23 06:00:01;2021-04-24 06:00:00;2021-04-23;0.0;G
2021-04-24 06:00:01;2021-04-25 06:00:00;2021-04-24;0.1;G
2021-04-25 06:00:01;2021-04-26 06:00:00;2021-04-25;0.0;G
2021-04-26 06:00:01;2021-04-27 06:00:00;2021-04-26;0.0;G
2021-04-27 06:00:01;2021-04-28 06:00:00;2021-04-27;0.0;G
2021-04-28 06:00:01;2021-04-29 06:00:00;2021-04-28;0.0;G
2021-04-29 06:00:01;2021-04-30 06:00:00;2021-04-29;0.0;G
2021-04-30 06:00:01;2021-05-01 06:00:00;2021-04-30;0.0;G
2021-05-01 06:00:01;2021-05-02 06:00:00;2021-05-01;0.0;G
2021-05-02 06:00:01;2021-05-03 06:00:00;2021-05-02;0.0;G
2021-05-03 06:00:01;2021-05-04 06:00:00;2021-05-03;0.0;G
2021-05-04 06:00:01;2021-05-05 06:00:00;2021-05-04;0.2;G
2021-05-05 06:00:01;2021-05-06 06:00:00;2021-05-05;9.5;G
2021-05-06 06:00:01;2021-05-07 06:00:00;2021-05-06;0.0;G
2021-05-07 06:00:01;2021-05-08 06:00:00;2021-05-07;0.1;G
2021-05-08 06:00:01;2021-05-09 06:00:00;2021-05-08;0.3;G
2021-05-09 06:00:01;2021-05-10 06:00:00;2021-05-09;4.8;G
2021-05-10 06:00:01;2021-05-11 06:00:00;2021-05-10;0.1;G
2021-05-11 06:00:01;2021-05-12 06:00:00;2021-05-11;0.0;G
2021-05-12 06:00:01;2021-05-13 06:00:00;2021-05-12;0.0;G
2021-05-13 06:00:01;2021-05-14 06:00:00;2021-05-13;0.0;G
2021-05-14 06:00:01;2021-05-15 06:00:00;2021-05-14;2.6;G
2021-05-15 06:00:01;2021-05-16 06:00:00;2021-05-15;1.0;G
2021-05-16 06:00:01;2021-05-17 06:00:00;2021-05-16;7.5;G
2021-05-17 06:00:01;2021-05-18 06:00:00;2021-05-17;0.4;G
2021-05-18 06:00:01;2021-05-19 06:00:00;2021-05-18;0.0;G
2021-05-19 06:00:01;2021-05-20 06:00:00;2021-05-19;0.0;G
2021-05-20 06:00:01;2021-05-21 06:00:00;2021-05-20;0.0;G
2021-05-21 06:00:01;2021-05-22 06:00:00;2021-05-21;4.0;G
2021-05-22 06:00:01;2021-05-23 06:00:00;2021-05-22;5.2;G
2021-05-23 06:00:01;2021-05-24 06:00:00;2021-05-23;2.1;G
2021-05-24 06:00:01;2021-05-25 06:00:00;2021-05-24;0.4;G
2021-05-25 06:00:01;2021-05-26 06:00:00;2021-05-25;3.6;G
2021-05-26 06:00:01;2021-05-27 06:00:00;2021-05-26;30.6;G
2021-05-27 06:00:01;2021-05-28 06:00:00;2021-05-27;4.7;G
2021-05-28 06:00:01;2021-05-29 06:00:00;2021-05-28;0.0;G
2021-05-29 06:00:01;2021-05-30 06:00:00;2021-05-29;0.0;G
2021-05-30 06:00:01;2021-05-31 06:00:00;2021-05-30;0.0;G
2021-05-31 06:00:01;2021-06-01 06:00:00;2021-05-31;0.0;G
2021-06-01 06:00:01;2021-06-02 06:00:00;2021-06-01;0.0;G
2021-06-02 06:00:01;2021-06-03 06:00:00;2021-06-02;0.0;G
2021-06-03 06:00:01;2021-06-04 06:00:00;2021-06-03;0.0;G
2021-06-04 06:00:01;2021-06-05 06:00:00;2021-06-04;0.0;G
2021-06-05 06:00:01;2021-06-06 06:00:00;2021-06-05;0.0;G
2021-06-06 06:00:01;2021-06-07 06:00:00;2021-06-06;0.0;G
2021-06-07 06:00:01;2021-06-08 06:00:00;2021-06-07;3.9;G
2021-06-08 06:00:01;2021-06-09 06:00:00;2021-06-08;10.7;G
2021-06-09 06:00:01;2021-06-10 06:00:00;2021-06-09;0.2;G
2021-06-10 06:00:01;2021-06-11 06:00:00;2021-06-10;0.0;G
2021-06-11 06:00:01;2021-06-12 06:00:00;2021-06-11;11.1;G
2021-06-12 06:00:01;2021-06-13 06:00:00;2021-06-12;7.4;G
2021-06-13 06:00:01;2021-06-14 06:00:00;2021-06-13;0.0;G
2021-06-14 06:00:01;2021-06-15 06:00:00;2021-06-14;0.6;G
2021-06-15 06:00:01;2021-06-16 06:00:00;2021-06-15;0.0;G
2021-06-16 06:00:01;2021-06-17 06:00:00;2021-06-16;0.0;G
2021-06-17 06:00:01;2021-06-18 06:00:00;2021-06-17;0.0;G
2021-06-18 06:00:01;2021-06-19 06:00:00;2021-06-18;0.0;G
2021-06-19 06:00:01;2021-06-20 06:00:00;2021-06-19;0.0;G
2021-06-20 06:00:01;2021-06-21 06:00:00;2021-06-20;3.3;G
2021-06-21 06:00:01;2021-06-22 06:00:00;2021-06-21;0.0;G
2021-06-22 06:00:01;2021-06-23 06:00:00;2021-06-22;1.7;G
2021-06-23 06:00:01;2021-06-24 06:00:00;2021-06-23;0.5;G
2021-06-24 06:00:01;2021-06-25 06:00:00;2021-06-24;0.5;G
2021-06-25 06:00:01;2021-06-26 06:00:00;2021-06-25;3.1;G
2021-06-26 06:00:01;2021-06-27 06:00:00;2021-06-26;0.0;G
2021-06-27 06:00:01;2021-06-28 06:00:00;2021-06-27;2.1;G
2021-06-28 06:00:01;2021-06-29 06:00:00;2021-06-28;0.0;G
2021-06-29 06:00:01;2021-06-30 06:00:00;2021-06-29;0.4;G
2021-06-30 06:00:01;2021-07-01 06:00:00;2021-06-30;0.0;G
2021-07-01 06:00:01;2021-07-02 06:00:00;2021-07-01;0.0;G
2021-07-02 06:00:01;2021-07-03 06:00:00;2021-07-02;0.0;G
2021-07-03 06:00:01;2021-07-04 06:00:00;2021-07-03;0.0;G
2021-07-04 06:00:01;2021-07-05 06:00:00;2021-07-04;0.0;G
2021-07-05 06:00:01;2021-07-06 06:00:00;2021-07-05;3.6;G
2021-07-06 06:00:01;2021-07-07 06:00:00;2021-07-06;0.6;G
2021-07-07 06:00:01;2021-07-08 06:00:00;2021-07-07;2.0;G
2021-07-08 06:00:01;2021-07-09 06:00:00;2021-07-08;0.0;G
2021-07-09 06:00:01;2021-07-10 06:00:00;2021-07-09;2.0;G
2021-07-10 06:00:01;2021-07-11 06:00:00;2021-07-10;0.0;G
2021-07-11 06:00:01;2021-07-12 06:00:00;2021-07-11;0.0;G
2021-07-12 06:00:01;2021-07-13 06:00:00;2021-07-12;0.0;G
2021-07-13 06:00:01;2021-07-14 06:00:00;2021-07-13;0.0;G
2021-07-14 06:00:01;2021-07-15 06:00:00;2021-07-14;0.0;G
2021-07-15 06:00:01;2021-07-16 06:00:00;2021-07-15;0.0;G
2021-07-16 06:00:01;2021-07-17 06:00:00;2021-07-16;0.0;G
2021-07-17 06:00:01;2021-07-18 06:00:00;2021-07-17;0.0;G
2021-07-18 06:00:01;2021-07-19 06:00:00;2021-07-18;0.0;G
2021-07-19 06:00:01;2021-07-20 06:00:00;2021-07-19;0.0;G
2021-07-20 06:00:01;2021-07-21 06:00:00;2021-07-20;0.0;G
2021-07-21 06:00:01;2021-07-22 06:00:00;2021-07-21;0.0;G
2021-07-22 06:00:01;2021-07-23 06:00:00;2021-07-22;0.0;G
2021-07-23 06:00:01;2021-07-24 06:00:00;2021-07-23;0.0;G
2021-07-24 06:00:01;2021-07-25 06:00:00;2021-07-24;0.0;G
2021-07-25 06:00:01;2021-07-26 06:00:00;2021-07-25;0.0;G
2021-07-26 06:00:01;2021-07-27 06:00:00;2021-07-26;0.0;G
2021-07-27 06:00:01;2021-07-28 06:00:00;2021-07-27;4.1;G
2021-07-28 06:00:01;2021-07-29 06:00:00;2021-07-28;0.5;G
2021-07-29 06:00:01;2021-07-30 06:00:00;2021-07-29;2.1;G
2021-07-30 06:00:01;2021-07-31 06:00:00;2021-07-30;2.9;G
2021-07-31 06:00:01;2021-08-01 06:00:00;2021-07-31;1.5;G
2021-08-01 06:00:01;2021-08-02 06:00:00;2021-08-01;0.1;G
2021-08-02 06:00:01;2021-08-03 06:00:00;2021-08-02;0.0;G
2021-08-03 06:00:01;2021-08-04 06:00:00;2021-08-03;0.0;G
2021-08-04 06:00:01;2021-08-05 06:00:00;2021-08-04;0.0;G
2021-08-05 06:00:01;2021-08-06 06:00:00;2021-08-05;0.0;G
2021-08-06 06:00:01;2021-08-07 06:00:00;2021-08-06;0.0;G
2021-08-07 06:00:01;2021-08-08 06:00:00;2021-08-07;23.8;G
2021-08-08 06:00:01;2021-08-09 06:00:00;2021-08-08;0.2;G
2021-08-09 06:00:01;2021-08-10 06:00:00;2021-08-09;0.0;G
2021-08-10 06:00:01;2021-08-11 06:00:00;2021-08-10;0.0;G
2021-08-11 06:00:01;2021-08-12 06:00:00;2021-08-11;9.6;G
2021-08-12 06:00:01;2021-08-13 06:00:00;2021-08-12;11.5;G
2021-08-13 06:00:01;2021-08-14 06:00:00;2021-08-13;1.1;G
2021-08-14 06:00:01;2021-08-15 06:00:00;2021-08-14;2.7;G
2021-08-15 06:00:01;2021-08-16 06:00:00;2021-08-15;1.1;G
2021-08-16 06:00:01;2021-08-17 06:00:00;2021-08-16;3.0;G
2021-08-17 06:00:01;2021-08-18 06:00:00;2021-08-17;26.2;G
2021-08-18 06:00:01;2021-08-19 06:00:00;2021-08-18;9.3;G
2021-08-19 06:00:01;2021-08-20 06:00:00;2021-08-19;0.8;G
2021-08-20 06:00:01;2021-08-21 06:00:00;2021-08-20;0.3;G
2021-08-21 06:00:01;2021-08-22 06:00:00;2021-08-21;0.0;G
2021-08-22 06:00:01;2021-08-23 06:00:00;2021-08-22;0.0;G
2021-08-23 06:00:01;2021-08-24 06:00:00;2021-08-23;0.0;G
2021-08-24 06:00:01;2021-08-25 06:00:00;2021-08-24;5.0;G
2021-08-25 06:00:01;2021-08-26 06:00:00;2021-08-25;9.5;G
2021-08-26 06:00:01;2021-08-27 06:00:00;2021-08-26;10.6;G
2021-08-27 06:00:01;2021-08-28 06:00:00;2021-08-27;1.1;G
2021-08-28 06:00:01;2021-08-29 06:00:00;2021-08-28;0.1;G
2021-08-29 06:00:01;2021-08-30 06:00:00;2021-08-29;0.1;G
2021-08-30 06:00:01;2021-08-31 06:00:00;2021-08-30;0.0;G
2021-08-31 06:00:01;2021-09-01 06:00:00;2021-08-31;0.0;G
2021-09-01 06:00:01;2021-09-02 06:00:00;2021-09-01;0.4;G
2021-09-02 06:00:01;2021-09-03 06:00:00;2021-09-02;0.0;G
2021-09-03 06:00:01;2021-09-04 06:00:00;2021-09-03;0.0;G
2021-09-04 06:00:01;2021-09-05 06:00:00;2021-09-04;0.0;G
2021-09-05 06:00:01;2021-09-06 06:00:00;2021-09-05;0.0;G
2021-09-06 06:00:01;2021-09-07 06:00:00;2021-09-06;0.0;G
2021-09-07 06:00:01;2021-09-08 06:00:00;2021-09-07;0.0;G
2021-09-08 06:00:01;2021-09-09 06:00:00;2021-09-08;0.0;G
2021-09-09 06:00:01;2021-09-10 06:00:00;2021-09-09;0.0;G
2021-09-10 06:00:01;2021-09-11 06:00:00;2021-09-10;0.0;G
2021-09-11 06:00:01;2021-09-12 06:00:00;2021-09-11;2.8;G
2021-09-12 06:00:01;2021-09-13 06:00:00;2021-09-12;4.3;G
2021-09-13 06:00:01;2021-09-14 06:00:00;2021-09-13;0.0;G
2021-09-14 06:00:01;2021-09-15 06:00:00;2021-09-14;0.1;G
2021-09-15 06:00:01;2021-09-16 06:00:00;2021-09-15;0.1;G
2021-09-16 06:00:01;2021-09-17 06:00:00;2021-09-16;0.0;G
2021-09-17 06:00:01;2021-09-18 06:00:00;2021-09-17;0.1;G
2021-09-18 06:00:01;2021-09-19 06:00:00;2021-09-18;0.0;G
2021-09-19 06:00:01;2021-09-20 06:00:00;2021-09-19;0.0;G
2021-09-20 06:00:01;2021-09-21 06:00:00;2021-09-20;0.0;G
2021-09-21 06:00:01;2021-09-22 06:00:00;2021-09-21;1.1;G
2021-09-22 06:00:01;2021-09-23 06:00:00;2021-09-22;0.4;G
2021-09-23 06:00:01;2021-09-24 06:00:00;2021-09-23;11.1;G
2021-09-24 06:00:01;2021-09-25 06:00:00;2021-09-24;0.5;G
2021-09-25 06:00:01;2021-09-26 06:00:00;2021-09-25;0.0;G
2021-09-26 06:00:01;2021-09-27 06:00:00;2021-09-26;0.1;G
2021-09-27 06:00:01;2021-09-28 06:00:00;2021-09-27;0.0;G
2021-09-28 06:00:01;2021-09-29 06:00:00;2021-09-28;0.0;G
2021-09-29 06:00:01;2021-09-30 06:00:00;2021-09-29;0.0;G
2021-09-30 06:00:01;2021-10-01 06:00:00;2021-09-30;1.8;G
2021-10-01 06:00:01;2021-10-02 06:00:00;2021-10-01;0.3;G
2021-10-02 06:00:01;2021-10-03 06:00:00;2021-10-02;0.0;G
2021-10-03 06:00:01;2021-10-04 06:00:00;2021-10-03;5.6;G
2021-10-04 06:00:01;2021-10-05 06:00:00;2021-10-04;0.6;G
2021-10-05 06:00:01;2021-10-06 06:00:00;2021-10-05;10.6;G
2021-10-06 06:00:01;2021-10-07 06:00:00;2021-10-06;2.4;G
2021-10-07 06:00:01;2021-10-08 06:00:00;2021-10-07;0.1;G
2021-10-08 06:00:01;2021-10-09 06:00:00;2021-10-08;0.0;G
2021-10-09 06:00:01;2021-10-10 06:00:00;2021-10-09;0.0;G
2021-10-10 06:00:01;2021-10-11 06:00:00;2021-10-10;2.8;G
2021-10-11 06:00:01;2021-10-12 06:00:00;2021-10-11;6.0;G
2021-10-12 06:00:01;2021-10-13 06:00:00;2021-10-12;0.1;G
2021-10-13 06:00:01;2021-10-14 06:00:00;2021-10-13;0.4;G
2021-10-14 06:00:01;2021-10-15 06:00:00;2021-10-14;2.1;G
2021-10-15 06:00:01;2021-10-16 06:00:00;2021-10-15;1.7;G
2021-10-16 06:00:01;2021-10-17 06:00:00;2021-10-16;0.0;G
2021-10-17 06:00:01;2021-10-18 06:00:00;2021-10-17;0.0;G
2021-10-18 06:00:01;2021-10-19 06:00:00;2021-10-18;0.0;G
2021-10-19 06:00:01;2021-10-20 06:00:00;2021-10-19;4.2;G
2021-10-20 06:00:01;2021-10-21 06:00:00;2021-10-20;0.3;G
2021-10-21 06:00:01;2021-10-22 06:00:00;2021-10-21;1.9;G
2021-10-22 06:00:01;2021-10-23 06:00:00;2021-10-22;0.0;G
2021-10-23 06:00:01;2021-10-24 06:00:00;2021-10-23;0.0;G
2021-10-24 06:00:01;2021-10-25 06:00:00;2021-10-24;0.6;G
2021-10-25 06:00:01;2021-10-26 06:00:00;2021-10-25;0.0;G
2021-10-26 06:00:01;2021-10-27 06:00:00;2021-10-26;0.1;G
2021-10-27 06:00:01;2021-10-28 06:00:00;2021-10-27;6.5;G
2021-10-28 06:00:01;2021-10-29 06:00:00;2021-10-28;1.8;G
2021-10-29 06:00:01;2021-10-30 06:00:00;2021-10-29;0.0;G
2021-10-30 06:00:01;2021-10-31 06:00:00;2021-10-30;0.1;G
2021-10-31 06:00:01;2021-11-01 06:00:00;2021-10-31;0.6;G
2021-11-01 06:00:01;2021-11-02 06:00:00;2021-11-01;0.1;G
2021-11-02 06:00:01;2021-11-03 06:00:00;2021-11-02;2.6;G
2021-11-03 06:00:01;2021-11-04 06:00:00;2021-11-03;5.7;G
2021-11-04 06:00:01;2021-11-05 06:00:00;2021-11-04;0.0;G
2021-11-05 06:00:01;2021-11-06 06:00:00;2021-11-05;0.0;G
2021-11-06 06:00:01;2021-11-07 06:00:00;2021-11-06;1.3;G
2021-11-07 06:00:01;2021-11-08 06:00:00;2021-11-07;5.0;G
2021-11-08 06:00:01;2021-11-09 06:00:00;2021-11-08;0.4;G
2021-11-09 06:00:01;2021-11-10 06:00:00;2021-11-09;6.1;G
2021-11-10 06:00:01;2021-11-11 06:00:00;2021-11-10;0.3;G
2021-11-11 06:00:01;2021-11-12 06:00:00;2021-11-11;0.0;G
2021-11-12 06:00:01;2021-11-13 06:00:00;2021-11-12;0.1;G
2021-11-13 06:00:01;2021-11-14 06:00:00;2021-11-13;0.0;G
2021-11-14 06:00:01;2021-11-15 06:00:00;2021-11-14;0.0;G
2021-11-15 06:00:01;2021-11-16 06:00:00;2021-11-15;0.0;G
2021-11-16 06:00:01;2021-11-17 06:00:00;2021-11-16;0.0;G
2021-11-17 06:00:01;2021-11-18 06:00:00;2021-11-17;0.8;G
2021-11-18 06:00:01;2021-11-19 06:00:00;2021-11-18;0.0;G
2021-11-19 06:00:01;2021-11-20 06:00:00;2021-11-19;0.0;G
2021-11-20 06:00:01;2021-11-21 06:00:00;2021-11-20;0.0;G
2021-11-21 06:00:01;2021-11-22 06:00:00;2021-11-21;0.3;G
2021-11-22 06:00:01;2021-11-23 06:00:00;2021-11-22;0.1;G
2021-11-23 06:00:01;2021-11-24 06:00:00;2021-11-23;0.0;G
2021-11-24 06:00:01;2021-11-25 06:00:00;2021-11-24;0.1;G
2021-11-25 06:00:01;2021-11-26 06:00:00;2021-11-25;0.0;G
2021-11-26 06:00:01;2021-11-27 06:00:00;2021-11-26;0.0;G
2021-11-27 06:00:01;2021-11-28 06:00:00;2021-11-27;0.0;G
2021-11-28 06:00:01;2021-11-29 06:00:00;2021-11-28;0.0;G
2021-11-29 06:00:01;2021-11-30 06:00:00;2021-11-29;0.0;G
2021-11-30 06:00:01;2021-12-01 06:00:00;2021-11-30;0.0;G
2021-12-01 06:00:01;2021-12-02 06:00:00;2021-12-01;0.0;G
2021-12-02 06:00:01;2021-12-03 06:00:00;2021-12-02;0.3;G
2021-12-03 06:00:01;2021-12-04 06:00:00;2021-12-03;0.4;G
2021-12-04 06:00:01;2021-12-05 06:00:00;2021-12-04;0.0;G
2021-12-05 06:00:01;2021-12-06 06:00:00;2021-12-05;0.0;G
2021-12-06 06:00:01;2021-12-07 06:00:00;2021-12-06;0.0;G
2021-12-07 06:00:01;2021-12-08 06:00:00;2021-12-07;0.0;G
2021-12-08 06:00:01;2021-12-09 06:00:00;2021-12-08;0.0;G
2021-12-09 06:00:01;2021-12-10 06:00:00;2021-12-09;0.5;G
2021-12-10 06:00:01;2021-12-11 06:00:00;2021-12-10;4.7;G
2021-12-11 06:00:01;2021-12-12 06:00:00;2021-12-11;1.0;G
2021-12-12 06:00:01;2021-12-13 06:00:00;2021-12-12;0.0;G
2021-12-13 06:00:01;2021-12-14 06:00:00;2021-12-13;0.6;G
2021-12-14 06:00:01;2021-12-15 06:00:00;2021-12-14;0.0;G
2021-12-15 06:00:01;2021-12-16 06:00:00;2021-12-15;0.0;G
2021-12-16 06:00:01;2021-12-17 06:00:00;2021-12-16;0.0;G
2021-12-17 06:00:01;2021-12-18 06:00:00;2021-12-17;0.6;G
2021-12-18 06:00:01;2021-12-19 06:00:00;2021-12-18;0.0;G
2021-12-19 06:00:01;2021-12-20 06:00:00;2021-12-19;0.3;G
2021-12-20 06:00:01;2021-12-21 06:00:00;2021-12-20;1.1;G
2021-12-21 06:00:01;2021-12-22 06:00:00;2021-12-21;0.0;G
2021-12-22 06:00:01;2021-12-23 06:00:00;2021-12-22;0.0;G
2021-12-23 06:00:01;2021-12-24 06:00:00;2021-12-23;2.6;G
2021-12-24 06:00:01;2021-12-25 06:00:00;2021-12-24;0.0;G
2021-12-25 06:00:01;2021-12-26 06:00:00;2021-12-25;0.0;G
2021-12-26 06:00:01;2021-12-27 06:00:00;2021-12-26;0.0;G
2021-12-27 06:00:01;2021-12-28 06:00:00;2021-12-27;0.0;G
2021-12-28 06:00:01;2021-12-29 06:00:00;2021-12-28;5.6;G
2021-12-29 06:00:01;2021-12-30 06:00:00;2021-12-29;0.0;G
2021-12-30 06:00:01;2021-12-31 06:00:00;2021-12-30;0.5;G
2021-12-31 06:00:01;2022-01-01 06:00:00;2021-12-31;0.1;G
2022-01-01 06:00:01;2022-01-02 06:00:00;2022-01-01;5.3;G
2022-01-02 06:00:01;2022-01-03 06:00:00;2022-01-02;0.0;G
2022-01-03 06:00:01;2022-01-04 06:00:00;2022-01-03;3.1;G
2022-01-04 06:00:01;2022-01-05 06:00:00;2022-01-04;0.4;G
2022-01-05 06:00:01;2022-01-06 06:00:00;2022-01-05;1.7;G
2022-01-06 06:00:01;2022-01-07 06:00:00;2022-01-06;0.0;G
2022-01-07 06:00:01;2022-01-08 06:00:00;2022-01-07;2.4;G
2022-01-08 06:00:01;2022-01-09 06:00:00;2022-01-08;1.5;G
2022-01-09 06:00:01;2022-01-10 06:00:00;2022-01-09;0.0;G
2022-01-10 06:00:01;2022-01-11 06:00:00;2022-01-10;0.0;G
2022-01-11 06:00:01;2022-01-12 06:00:00;2022-01-11;0.5;G
2022-01-12 06:00:01;2022-01-13 06:00:00;2022-01-12;0.0;G
2022-01-13 06:00:01;2022-01-14 06:00:00;2022-01-13;1.1;G
2022-01-14 06:00:01;2022-01-15 06:00:00;2022-01-14;0.0;G
2022-01-15 06:00:01;2022-01-16 06:00:00;2022-01-15;0.0;G
2022-01-16 06:00:01;2022-01-17 06:00:00;2022-01-16;0.0;G
2022-01-17 06:00:01;2022-01-18 06:00:00;2022-01-17;0.0;G
2022-01-18 06:00:01;2022-01-19 06:00:00;2022-01-18;0.0;G
2022-01-19 06:00:01;2022-01-20 06:00:00;2022-01-19;10.7;G
2022-01-20 06:00:01;2022-01-21 06:00:00;2022-01-20;0.2;G
2022-01-21 06:00:01;2022-01-22 06:00:00;2022-01-21;0.0;G
2022-01-22 06:00:01;2022-01-23 06:00:00;2022-01-22;0.0;G
2022-01-23 06:00:01;2022-01-24 06:00:00;2022-01-23;0.0;G
2022-01-24 06:00:01;2022-01-25 06:00:00;2022-01-24;0.0;G
2022-01-25 06:00:01;2022-01-26 06:00:00;2022-01-25;0.0;G
2022-01-26 06:00:01;2022-01-27 06:00:00;2022-01-26;0.0;G
2022-01-27 06:00:01;2022-01-28 06:00:00;2022-01-27;1.5;G
2022-01-28 06:00:01;2022-01-29 06:00:00;2022-01-28;0.0;G
2022-01-29 06:00:01;2022-01-30 06:00:00;2022-01-29;14.8;G
2022-01-30 06:00:01;2022-01-31 06:00:00;2022-01-30;0.2;G
2022-01-31 06:00:01;2022-02-01 06:00:00;2022-01-31;0.0;G
2022-02-01 06:00:01;2022-02-02 06:00:00;2022-02-01;0.0;G
2022-02-02 06:00:01;2022-02-03 06:00:00;2022-02-02;0.4;G
2022-02-03 06:00:01;2022-02-04 06:00:00;2022-02-03;0.2;G
2022-02-04 06:00:01;2022-02-05 06:00:00;2022-02-04;3.3;G
2022-02-05 06:00:01;2022-02-06 06:00:00;2022-02-05;1.6;G
2022-02-06 06:00:01;2022-02-07 06:00:00;2022-02-06;0.0;G
2022-02-07 06:00:01;2022-02-08 06:00:00;2022-02-07;0.3;G
2022-02-08 06:00:01;2022-02-09 06:00:00;2022-02-08;1.1;G
2022-02-09 06:00:01;2022-02-10 06:00:00;2022-02-09;0.0;G
2022-02-10 06:00:01;2022-02-11 06:00:00;2022-02-10;0.0;G
2022-02-11 06:00:01;2022-02-12 06:00:00;2022-02-11;0.0;G
2022-02-12 06:00:01;2022-02-13 06:00:00;2022-02-12;0.2;G
2022-02-13 06:00:01;2022-02-14 06:00:00;2022-02-13;1.5;G
2022-02-14 06:00:01;2022-02-15 06:00:00;2022-02-14;9.4;G
2022-02-15 06:00:01;2022-02-16 06:00:00;2022-02-15;0.2;G
2022-02-16 06:00:01;2022-02-17 06:00:00;2022-02-16;3.3;G
2022-02-17 06:00:01;2022-02-18 06:00:00;2022-02-17;0.0;G
2022-02-18 06:00:01;2022-02-19 06:00:00;2022-02-18;0.0;G
2022-02-19 06:00:01;2022-02-20 06:00:00;2022-02-19;0.0;G
2022-02-20 06:00:01;2022-02-21 06:00:00;2022-02-20;1.5;G
2022-02-21 06:00:01;2022-02-22 06:00:00;2022-02-21;20.4;G
2022-02-22 06:00:01;2022-02-23 06:00:00;2022-02-22;1.0;G
2022-02-23 06:00:01;2022-02-24 06:00:00;2022-02-23;0.0;G
2022-02-24 06:00:01;2022-02-25 06:00:00;2022-02-24;0.0;G
2022-02-25 06:00:01;2022-02-26 06:00:00;2022-02-25;0.0;G
2022-02-26 06:00:01;2022-02-27 06:00:00;2022-02-26;0.0;G
2022-02-27 06:00:01;2022-02-28 06:00:00;2022-02-27;0.0;G
2022-02-28 06:00:01;2022-03-01 06:00:00;2022-02-28;0.0;G
2022-03-01 06:00:01;2022-03-02 06:00:00;2022-03-01;0.0;G
2022-03-02 06:00:01;2022-03-03 06:00:00;2022-03-02;0.0;G
2022-03-03 06:00:01;2022-03-04 06:00:00;2022-03-03;0.0;G
2022-03-04 06:00:01;2022-03-05 06:00:00;2022-03-04;0.0;G
2022-03-05 06:00:01;2022-03-06 06:00:00;2022-03-05;0.0;G
2022-03-06 06:00:01;2022-03-07 06:00:00;2022-03-06;0.0;G
2022-03-07 06:00:01;2022-03-08 06:00:00;2022-03-07;0.0;G
2022-03-08 06:00:01;2022-03-09 06:00:00;2022-03-08;0.0;G
2022-03-09 06:00:01;2022-03-10 06:00:00;2022-03-09;0.0;G
2022-03-10 06:00:01;2022-03-11 06:00:00;2022-03-10;0.0;G
2022-03-11 06:00:01;2022-03-12 06:00:00;2022-03-11;0.0;G
2022-03-12 06:00:01;2022-03-13 06:00:00;2022-03-12;0.0;G
2022-03-13 06:00:01;2022-03-14 06:00:00;2022-03-13;0.0;G
2022-03-14 06:00:01;2022-03-15 06:00:00;2022-03-14;0.0;G
2022-03-15 06:00:01;2022-03-16 06:00:00;2022-03-15;0.0;G
2022-03-16 06:00:01;2022-03-17 06:00:00;2022-03-16;0.0;G
2022-03-17 06:00:01;2022-03-18 06:00:00;2022-03-17;0.0;G
2022-03-18 06:00:01;2022-03-19 06:00:00;2022-03-18;0.0;G
2022-03-19 06:00:01;2022-03-20 06:00:00;2022-03-19;0.0;G
2022-03-20 06:00:01;2022-03-21 06:00:00;2022-03-20;0.0;G
2022-03-21 06:00:01;2022-03-22 06:00:00;2022-03-21;0.0;G
2022-03-22 06:00:01;2022-03-23 06:00:00;2022-03-22;0.0;G
2022-03-23 06:00:01;2022-03-24 06:00:00;2022-03-23;0.0;G
2022-03-24 06:00:01;2022-03-25 06:00:00;2022-03-24;0.0;G
2022-03-25 06:00:01;2022-03-26 06:00:00;2022-03-25;0.0;G
2022-03-26 06:00:01;2022-03-27 06:00:00;2022-03-26;0.0;G
2022-03-27 06:00:01;2022-03-28 06:00:00;2022-03-27;0.0;G
2022-03-28 06:00:01;2022-03-29 06:00:00;2022-03-28;0.0;G
2022-03-29 06:00:01;2022-03-30 06:00:00;2022-03-29;0.3;G
2022-03-30 06:00:01;2022-03-31 06:00:00;2022-03-30;0.0;G
2022-03-31 06:00:01;2022-04-01 06:00:00;2022-03-31;0.2;G
2022-04-01 06:00:01;2022-04-02 06:00:00;2022-04-01;0.1;G
2022-04-02 06:00:01;2022-04-03 06:00:00;2022-04-02;0.0;G
2022-04-03 06:00:01;2022-04-04 06:00:00;2022-04-03;1.5;G
2022-04-04 06:00:01;2022-04-05 06:00:00;2022-04-04;13.6;G
2022-04-05 06:00:01;2022-04-06 06:00:00;2022-04-05;1.6;G
2022-04-06 06:00:01;2022-04-07 06:00:00;2022-04-06;0.0;G
2022-04-07 06:00:01;2022-04-08 06:00:00;2022-04-07;10.8;G
2022-04-08 06:00:01;2022-04-09 06:00:00;2022-04-08;6.7;G
2022-04-09 06:00:01;2022-04-10 06:00:00;2022-04-09;0.3;G
2022-04-10 06:00:01;2022-04-11 06:00:00;2022-04-10;0.0;G
2022-04-11 06:00:01;2022-04-12 06:00:00;2022-04-11;0.0;G
2022-04-12 06:00:01;2022-04-13 06:00:00;2022-04-12;0.0;G
2022-04-13 06:00:01;2022-04-14 06:00:00;2022-04-13;0.0;G
2022-04-14 06:00:01;2022-04-15 06:00:00;2022-04-14;0.1;G
2022-04-15 06:00:01;2022-04-16 06:00:00;2022-04-15;0.0;G
2022-04-16 06:00:01;2022-04-17 06:00:00;2022-04-16;0.0;G
2022-04-17 06:00:01;2022-04-18 06:00:00;2022-04-17;0.0;G
2022-04-18 06:00:01;2022-04-19 06:00:00;2022-04-18;0.0;G
2022-04-19 06:00:01;2022-04-20 06:00:00;2022-04-19;0.0;G
2022-04-20 06:00:01;2022-04-21 06:00:00;2022-04-20;0.0;G
2022-04-21 06:00:01;2022-04-22 06:00:00;2022-04-21;0.0;G
2022-04-22 06:00:01;2022-04-23 06:00:00;2022-04-22;0.0;G
2022-04-23 06:00:01;2022-04-24 06:00:00;2022-04-23;0.0;G
2022-04-24 06:00:01;2022-04-25 06:00:00;2022-04-24;0.0;G
2022-04-25 06:00:01;2022-04-26 06:00:00;2022-04-25;0.0;G
2022-04-26 06:00:01;2022-04-27 06:00:00;2022-04-26;0.0;G
2022-04-27 06:00:01;2022-04-28 06:00:00;2022-04-27;0.0;G
2022-04-28 06:00:01;2022-04-29 06:00:00;2022-04-28;0.0;G
2022-04-29 06:00:01;2022-04-30 06:00:00;2022-04-29;0.0;G
2022-04-30 06:00:01;2022-05-01 06:00:00;2022-04-30;0.0;G
2022-05-01 06:00:01;2022-05-02 06:00:00;2022-05-01;0.0;G
2022-05-02 06:00:01;2022-05-03 06:00:00;2022-05-02;0.0;G
2022-05-03 06:00:01;2022-05-04 06:00:00;2022-05-03;0.0;G
2022-05-04 06:00:01;2022-05-05 06:00:00;2022-05-04;0.0;G
2022-05-05 06:00:01;2022-05-06 06:00:00;2022-05-05;0.0;G
2022-05-06 06:00:01;2022-05-07 06:00:00;2022-05-06;0.2;G
2022-05-07 06:00:01;2022-05-08 06:00:00;2022-05-07;2.6;G
2022-05-08 06:00:01;2022-05-09 06:00:00;2022-05-08;0.0;G
2022-05-09 06:00:01;2022-05-10 06:00:00;2022-05-09;0.0;G
2022-05-10 06:00:01;2022-05-11 06:00:00;2022-05-10;3.6;G
2022-05-11 06:00:01;2022-05-12 06:00:00;2022-05-11;2.2;G
2022-05-12 06:00:01;2022-05-13 06:00:00;2022-05-12;0.9;G
2022-05-13 06:00:01;2022-05-14 06:00:00;2022-05-13;0.0;G
2022-05-14 06:00:01;2022-05-15 06:00:00;2022-05-14;1.6;G
2022-05-15 06:00:01;2022-05-16 06:00:00;2022-05-15;0.0;G
2022-05-16 06:00:01;2022-05-17 06:00:00;2022-05-16;0.0;G
2022-05-17 06:00:01;2022-05-18 06:00:00;2022-05-17;0.0;G
2022-05-18 06:00:01;2022-05-19 06:00:00;2022-05-18;0.0;G
2022-05-19 06:00:01;2022-05-20 06:00:00;2022-05-19;0.7;G
2022-05-20 06:00:01;2022-05-21 06:00:00;2022-05-20;0.0;G
2022-05-21 06:00:01;2022-05-22 06:00:00;2022-05-21;0.0;G
2022-05-22 06:00:01;2022-05-23 06:00:00;2022-05-22;0.0;G
2022-05-23 06:00:01;2022-05-24 06:00:00;2022-05-23;0.0;G
2022-05-24 06:00:01;2022-05-25 06:00:00;2022-05-24;0.3;G
2022-05-25 06:00:01;2022-05-26 06:00:00;2022-05-25;0.0;G
2022-05-26 06:00:01;2022-05-27 06:00:00;2022-05-26;0.0;G
2022-05-27 06:00:01;2022-05-28 06:00:00;2022-05-27;2.6;G
2022-05-28 06:00:01;2022-05-29 06:00:00;2022-05-28;6.6;G
2022-05-29 06:00:01;2022-05-30 06:00:00;2022-05-29;0.0;G
2022-05-30 06:00:01;2022-05-31 06:00:00;2022-05-30;0.0;G
2022-05-31 06:00:01;2022-06-01 06:00:00;2022-05-31;0.1;G
2022-06-01 06:00:01;2022-06-02 06:00:00;2022-06-01;12.8;G
2022-06-02 06:00:01;2022-06-03 06:00:00;2022-06-02;8.1;G
2022-06-03 06:00:01;2022-06-04 06:00:00;2022-06-03;1.7;G
2022-06-04 06:00:01;2022-06-05 06:00:00;2022-06-04;0.0;G
2022-06-05 06:00:01;2022-06-06 06:00:00;2022-06-05;0.0;G
2022-06-06 06:00:01;2022-06-07 06:00:00;2022-06-06;0.0;G
2022-06-07 06:00:01;2022-06-08 06:00:00;2022-06-07;2.1;G
2022-06-08 06:00:01;2022-06-09 06:00:00;2022-06-08;0.0;G
2022-06-09 06:00:01;2022-06-10 06:00:00;2022-06-09;0.0;G
2022-06-10 06:00:01;2022-06-11 06:00:00;2022-06-10;5.8;G
2022-06-11 06:00:01;2022-06-12 06:00:00;2022-06-11;0.0;G
2022-06-12 06:00:01;2022-06-13 06:00:00;2022-06-12;0.0;G
2022-06-13 06:00:01;2022-06-14 06:00:00;2022-06-13;0.1;G
2022-06-14 06:00:01;2022-06-15 06:00:00;2022-06-14;0.0;G
2022-06-15 06:00:01;2022-06-16 06:00:00;2022-06-15;2.5;G
2022-06-16 06:00:01;2022-06-17 06:00:00;2022-06-16;4.1;G
2022-06-17 06:00:01;2022-06-18 06:00:00;2022-06-17;5.7;G
2022-06-18 06:00:01;2022-06-19 06:00:00;2022-06-18;0.6;G
2022-06-19 06:00:01;2022-06-20 06:00:00;2022-06-19;0.6;G
2022-06-20 06:00:01;2022-06-21 06:00:00;2022-06-20;0.5;G
2022-06-21 06:00:01;2022-06-22 06:00:00;2022-06-21;2.1;G
2022-06-22 06:00:01;2022-06-23 06:00:00;2022-06-22;0.3;G
2022-06-23 06:00:01;2022-06-24 06:00:00;2022-06-23;0.0;G
2022-06-24 06:00:01;2022-06-25 06:00:00;2022-06-24;0.0;G
2022-06-25 06:00:01;2022-06-26 06:00:00;2022-06-25;0.0;G
2022-06-26 06:00:01;2022-06-27 06:00:00;2022-06-26;0.0;G
2022-06-27 06:00:01;2022-06-28 06:00:00;2022-06-27;0.0;G
2022-06-28 06:00:01;2022-06-29 06:00:00;2022-06-28;1.0;G
2022-06-29 06:00:01;2022-06-30 06:00:00;2022-06-29;0.3;G
2022-06-30 06:00:01;2022-07-01 06:00:00;2022-06-30;2.9;G
2022-07-01 06:00:01;2022-07-02 06:00:00;2022-07-01;8.4;G
2022-07-02 06:00:01;2022-07-03 06:00:00;2022-07-02;0.0;G
2022-07-03 06:00:01;2022-07-04 06:00:00;2022-07-03;0.0;G
2022-07-04 06:00:01;2022-07-05 06:00:00;2022-07-04;28.9;G
2022-07-05 06:00:01;2022-07-06 06:00:00;2022-07-05;2.0;G
2022-07-06 06:00:01;2022-07-07 06:00:00;2022-07-06;0.4;G
2022-07-07 06:00:01;2022-07-08 06:00:00;2022-07-07;2.4;G
2022-07-08 06:00:01;2022-07-09 06:00:00;2022-07-08;2.4;G
2022-07-09 06:00:01;2022-07-10 06:00:00;2022-07-09;0.1;G
2022-07-10 06:00:01;2022-07-11 06:00:00;2022-07-10;0.0;G
2022-07-11 06:00:01;2022-07-12 06:00:00;2022-07-11;0.0;G
2022-07-12 06:00:01;2022-07-13 06:00:00;2022-07-12;0.0;G
2022-07-13 06:00:01;2022-07-14 06:00:00;2022-07-13;3.5;G
2022-07-14 06:00:01;2022-07-15 06:00:00;2022-07-14;2.8;G
2022-07-15 06:00:01;2022-07-16 06:00:00;2022-07-15;0.6;G
2022-07-16 06:00:01;2022-07-17 06:00:00;2022-07-16;0.0;G
2022-07-17 06:00:01;2022-07-18 06:00:00;2022-07-17;0.0;G
2022-07-18 06:00:01;2022-07-19 06:00:00;2022-07-18;0.0;G
2022-07-19 06:00:01;2022-07-20 06:00:00;2022-07-19;0.0;G
2022-07-20 06:00:01;2022-07-21 06:00:00;2022-07-20;0.0;G
2022-07-21 06:00:01;2022-07-22 06:00:00;2022-07-21;0.0;G
2022-07-22 06:00:01;2022-07-23 06:00:00;2022-07-22;1.6;G
2022-07-23 06:00:01;2022-07-24 06:00:00;2022-07-23;0.1;G
2022-07-24 06:00:01;2022-07-25 06:00:00;2022-07-24;0.0;G
2022-07-25 06:00:01;2022-07-26 06:00:00;2022-07-25;14.1;G
2022-07-26 06:00:01;2022-07-27 06:00:00;2022-07-26;1.2;G
2022-07-27 06:00:01;2022-07-28 06:00:00;2022-07-27;0.0;G
2022-07-28 06:00:01;2022-07-29 06:00:00;2022-07-28;0.0;G
2022-07-29 06:00:01;2022-07-30 06:00:00;2022-07-29;0.1;G
2022-07-30 06:00:01;2022-07-31 06:00:00;2022-07-30;0.0;G
2022-07-31 06:00:01;2022-08-01 06:00:00;2022-07-31;0.0;G
2022-08-01 06:00:01;2022-08-02 06:00:00;2022-08-01;0.1;G
2022-08-02 06:00:01;2022-08-03 06:00:00;2022-08-02;0.1;G
2022-08-03 06:00:01;2022-08-04 06:00:00;2022-08-03;0.8;G
2022-08-04 06:00:01;2022-08-05 06:00:00;2022-08-04;2.3;G
2022-08-05 06:00:01;2022-08-06 06:00:00;2022-08-05;39.1;G
2022-08-06 06:00:01;2022-08-07 06:00:00;2022-08-06;1.8;G
2022-08-07 06:00:01;2022-08-08 06:00:00;2022-08-07;1.2;G
2022-08-08 06:00:01;2022-08-09 06:00:00;2022-08-08;0.0;G
2022-08-09 06:00:01;2022-08-10 06:00:00;2022-08-09;0.0;G
2022-08-10 06:00:01;2022-08-11 06:00:00;2022-08-10;0.0;G
2022-08-11 06:00:01;2022-08-12 06:00:00;2022-08-11;0.0;G
2022-08-12 06:00:01;2022-08-13 06:00:00;2022-08-12;0.0;G
2022-08-13 06:00:01;2022-08-14 06:00:00;2022-08-13;0.0;G
2022-08-14 06:00:01;2022-08-15 06:00:00;2022-08-14;0.0;G
2022-08-15 06:00:01;2022-08-16 06:00:00;2022-08-15;0.0;G
2022-08-16 06:00:01;2022-08-17 06:00:00;2022-08-16;0.0;G
2022-08-17 06:00:01;2022-08-18 06:00:00;2022-08-17;0.6;G
2022-08-18 06:00:01;2022-08-19 06:00:00;2022-08-18;0.3;G
2022-08-19 06:00:01;2022-08-20 06:00:00;2022-08-19;1.1;G
2022-08-20 06:00:01;2022-08-21 06:00:00;2022-08-20;15.2;G
2022-08-21 06:00:01;2022-08-22 06:00:00;2022-08-21;0.0;G
2022-08-22 06:00:01;2022-08-23 06:00:00;2022-08-22;0.0;G
2022-08-23 06:00:01;2022-08-24 06:00:00;2022-08-23;0.0;G
2022-08-24 06:00:01;2022-08-25 06:00:00;2022-08-24;0.0;G
2022-08-25 06:00:01;2022-08-26 06:00:00;2022-08-25;0.1;G
2022-08-26 06:00:01;2022-08-27 06:00:00;2022-08-26;0.5;G
2022-08-27 06:00:01;2022-08-28 06:00:00;2022-08-27;35.3;G
2022-08-28 06:00:01;2022-08-29 06:00:00;2022-08-28;33.1;G
2022-08-29 06:00:01;2022-08-30 06:00:00;2022-08-29;0.2;G
2022-08-30 06:00:01;2022-08-31 06:00:00;2022-08-30;1.6;G
2022-08-31 06:00:01;2022-09-01 06:00:00;2022-08-31;0.4;G
2022-09-01 06:00:01;2022-09-02 06:00:00;2022-09-01;1.9;G
2022-09-02 06:00:01;2022-09-03 06:00:00;2022-09-02;1.1;G
2022-09-03 06:00:01;2022-09-04 06:00:00;2022-09-03;0.1;G
2022-09-04 06:00:01;2022-09-05 06:00:00;2022-09-04;0.9;G
2022-09-05 06:00:01;2022-09-06 06:00:00;2022-09-05;0.0;G
2022-09-06 06:00:01;2022-09-07 06:00:00;2022-09-06;0.0;G
2022-09-07 06:00:01;2022-09-08 06:00:00;2022-09-07;0.1;G
2022-09-08 06:00:01;2022-09-09 06:00:00;2022-09-08;0.0;G
2022-09-09 06:00:01;2022-09-10 06:00:00;2022-09-09;0.0;G
2022-09-10 06:00:01;2022-09-11 06:00:00;2022-09-10;0.0;G
2022-09-11 06:00:01;2022-09-12 06:00:00;2022-09-11;0.0;G
2022-09-12 06:00:01;2022-09-13 06:00:00;2022-09-12;0.0;G
2022-09-13 06:00:01;2022-09-14 06:00:00;2022-09-13;33.3;G
2022-09-14 06:00:01;2022-09-15 06:00:00;2022-09-14;3.2;G
2022-09-15 06:00:01;2022-09-16 06:00:00;2022-09-15;1.3;G
2022-09-16 06:00:01;2022-09-17 06:00:00;2022-09-16;0.6;G
2022-09-17 06:00:01;2022-09-18 06:00:00;2022-09-17;3.7;G
2022-09-18 06:00:01;2022-09-19 06:00:00;2022-09-18;0.2;G
2022-09-19 06:00:01;2022-09-20 06:00:00;2022-09-19;1.5;G
2022-09-20 06:00:01;2022-09-21 06:00:00;2022-09-20;0.0;G
2022-09-21 06:00:01;2022-09-22 06:00:00;2022-09-21;0.0;G
2022-09-22 06:00:01;2022-09-23 06:00:00;2022-09-22;0.0;G
2022-09-23 06:00:01;2022-09-24 06:00:00;2022-09-23;0.3;G
2022-09-24 06:00:01;2022-09-25 06:00:00;2022-09-24;0.0;G
2022-09-25 06:00:01;2022-09-26 06:00:00;2022-09-25;0.3;G
2022-09-26 06:00:01;2022-09-27 06:00:00;2022-09-26;2.9;G
2022-09-27 06:00:01;2022-09-28 06:00:00;2022-09-27;0.2;G
2022-09-28 06:00:01;2022-09-29 06:00:00;2022-09-28;2.7;G
2022-09-29 06:00:01;2022-09-30 06:00:00;2022-09-29;0.0;G
2022-09-30 06:00:01;2022-10-01 06:00:00;2022-09-30;0.0;G
2022-10-01 06:00:01;2022-10-02 06:00:00;2022-10-01;9.1;G
2022-10-02 06:00:01;2022-10-03 06:00:00;2022-10-02;3.2;G
2022-10-03 06:00:01;2022-10-04 06:00:00;2022-10-03;0.8;G
2022-10-04 06:00:01;2022-10-05 06:00:00;2022-10-04;0.7;G
2022-10-05 06:00:01;2022-10-06 06:00:00;2022-10-05;1.1;G
2022-10-06 06:00:01;2022-10-07 06:00:00;2022-10-06;0.0;G
2022-10-07 06:00:01;2022-10-08 06:00:00;2022-10-07;0.9;G
2022-10-08 06:00:01;2022-10-09 06:00:00;2022-10-08;0.0;G
2022-10-09 06:00:01;2022-10-10 06:00:00;2022-10-09;0.0;G
2022-10-10 06:00:01;2022-10-11 06:00:00;2022-10-10;3.0;G
2022-10-11 06:00:01;2022-10-12 06:00:00;2022-10-11;0.0;G
2022-10-12 06:00:01;2022-10-13 06:00:00;2022-10-12;0.0;G
2022-10-13 06:00:01;2022-10-14 06:00:00;2022-10-13;0.0;G
2022-10-14 06:00:01;2022-10-15 06:00:00;2022-10-14;0.1;G
2022-10-15 06:00:01;2022-10-16 06:00:00;2022-10-15;2.0;G
2022-10-16 06:00:01;2022-10-17 06:00:00;2022-10-16;2.5;G
2022-10-17 06:00:01;2022-10-18 06:00:00;2022-10-17;6.2;G
2022-10-18 06:00:01;2022-10-19 06:00:00;2022-10-18;0.0;G
2022-10-19 06:00:01;2022-10-20 06:00:00;2022-10-19;0.0;G
2022-10-20 06:00:01;2022-10-21 06:00:00;2022-10-20;0.0;G
2022-10-21 06:00:01;2022-10-22 06:00:00;2022-10-21;0.0;G
2022-10-22 06:00:01;2022-10-23 06:00:00;2022-10-22;0.3;G
2022-10-23 06:00:01;2022-10-24 06:00:00;2022-10-23;0.0;G
2022-10-24 06:00:01;2022-10-25 06:00:00;2022-10-24;7.0;G
2022-10-25 06:00:01;2022-10-26 06:00:00;2022-10-25;2.1;G
2022-10-26 06:00:01;2022-10-27 06:00:00;2022-10-26;0.1;G
2022-10-27 06:00:01;2022-10-28 06:00:00;2022-10-27;0.0;G
2022-10-28 06:00:01;2022-10-29 06:00:00;2022-10-28;2.6;G
2022-10-29 06:00:01;2022-10-30 06:00:00;2022-10-29;0.0;G
2022-10-30 06:00:01;2022-10-31 06:00:00;2022-10-30;0.0;G
2022-10-31 06:00:01;2022-11-01 06:00:00;2022-10-31;0.2;G
2022-11-01 06:00:01;2022-11-02 06:00:00;2022-11-01;0.3;G
2022-11-02 06:00:01;2022-11-03 06:00:00;2022-11-02;2.4;G
2022-11-03 06:00:01;2022-11-04 06:00:00;2022-11-03;0.1;G
2022-11-04 06:00:01;2022-11-05 06:00:00;2022-11-04;0.1;G
2022-11-05 06:00:01;2022-11-06 06:00:00;2022-11-05;3.1;G
2022-11-06 06:00:01;2022-11-07 06:00:00;2022-11-06;2.8;G
2022-11-07 06:00:01;2022-11-08 06:00:00;2022-11-07;6.0;G
2022-11-08 06:00:01;2022-11-09 06:00:00;2022-11-08;2.5;G
2022-11-09 06:00:01;2022-11-10 06:00:00;2022-11-09;0.1;G
2022-11-10 06:00:01;2022-11-11 06:00:00;2022-11-10;0.2;G
2022-11-11 06:00:01;2022-11-12 06:00:00;2022-11-11;0.0;G
2022-11-12 06:00:01;2022-11-13 06:00:00;2022-11-12;0.0;G
2022-11-13 06:00:01;2022-11-14 06:00:00;2022-11-13;0.0;G
2022-11-14 06:00:01;2022-11-15 06:00:00;2022-11-14;0.6;G
2022-11-15 06:00:01;2022-11-16 06:00:00;2022-11-15;0.0;G
2022-11-16 06:00:01;2022-11-17 06:00:00;2022-11-16;0.0;G
2022-11-17 06:00:01;2022-11-18 06:00:00;2022-11-17;0.2;G
2022-11-18 06:00:01;2022-11-19 06:00:00;2022-11-18;0.0;G
2022-11-19 06:00:01;2022-11-20 06:00:00;2022-11-19;1.4;G
2022-11-20 06:00:01;2022-11-21 06:00:00;2022-11-20;4.3;G
2022-11-21 06:00:01;2022-11-22 06:00:00;2022-11-21;3.3;G
2022-11-22 06:00:01;2022-11-23 06:00:00;2022-11-22;0.0;G
2022-11-23 06:00:01;2022-11-24 06:00:00;2022-11-23;0.9;G
2022-11-24 06:00:01;2022-11-25 06:00:00;2022-11-24;0.1;G
2022-11-25 06:00:01;2022-11-26 06:00:00;2022-11-25;0.8;G
2022-11-26 06:00:01;2022-11-27 06:00:00;2022-11-26;0.0;G
2022-11-27 06:00:01;2022-11-28 06:00:00;2022-11-27;0.7;G
2022-11-28 06:00:01;2022-11-29 06:00:00;2022-11-28;0.6;G
2022-11-29 06:00:01;2022-11-30 06:00:00;2022-11-29;5.4;G
2022-11-30 06:00:01;2022-12-01 06:00:00;2022-11-30;0.0;G
2022-12-01 06:00:01;2022-12-02 06:00:00;2022-12-01;0.0;G
2022-12-02 06:00:01;2022-12-03 06:00:00;2022-12-02;0.1;G
2022-12-03 06:00:01;2022-12-04 06:00:00;2022-12-03;0.0;G
2022-12-04 06:00:01;2022-12-05 06:00:00;2022-12-04;0.0;G
2022-12-05 06:00:01;2022-12-06 06:00:00;2022-12-05;0.0;G
2022-12-06 06:00:01;2022-12-07 06:00:00;2022-12-06;0.0;G
2022-12-07 06:00:01;2022-12-08 06:00:00;2022-12-07;0.0;G
2022-12-08 06:00:01;2022-12-09 06:00:00;2022-12-08;0.0;G
2022-12-09 06:00:01;2022-12-10 06:00:00;2022-12-09;0.0;G
2022-12-10 06:00:01;2022-12-11 06:00:00;2022-12-10;1.3;G
2022-12-11 06:00:01;2022-12-12 06:00:00;2022-12-11;0.1;G
2022-12-12 06:00:01;2022-12-13 06:00:00;2022-12-12;1.5;G
2022-12-13 06:00:01;2022-12-14 06:00:00;2022-12-13;0.0;G
2022-12-14 06:00:01;2022-12-15 06:00:00;2022-12-14;0.6;G
2022-12-15 06:00:01;2022-12-16 06:00:00;2022-12-15;0.0;G
2022-12-16 06:00:01;2022-12-17 06:00:00;2022-12-16;0.0;G
2022-12-17 06:00:01;2022-12-18 06:00:00;2022-12-17;0.5;G
2022-12-18 06:00:01;2022-12-19 06:00:00;2022-12-18;0.0;G
2022-12-19 06:00:01;2022-12-20 06:00:00;2022-12-19;2.8;G
2022-12-20 06:00:01;2022-12-21 06:00:00;2022-12-20;2.8;G
2022-12-21 06:00:01;2022-12-22 06:00:00;2022-12-21;0.2;G
2022-12-22 06:00:01;2022-12-23 06:00:00;2022-12-22;5.6;G
2022-12-23 06:00:01;2022-12-24 06:00:00;2022-12-23;0.3;G
2022-12-24 06:00:01;2022-12-25 06:00:00;2022-12-24;0.0;G
2022-12-25 06:00:01;2022-12-26 06:00:00;2022-12-25;1.9;G
2022-12-26 06:00:01;2022-12-27 06:00:00;2022-12-26;3.9;G
2022-12-27 06:00:01;2022-12-28 06:00:00;2022-12-27;0.1;G
2022-12-28 06:00:01;2022-12-29 06:00:00;2022-12-28;0.0;G
2022-12-29 06:00:01;2022-12-30 06:00:00;2022-12-29;5.0;G
2022-12-30 06:00:01;2022-12-31 06:00:00;2022-12-30;4.3;G
2022-12-31 06:00:01;2023-01-01 06:00:00;2022-12-31;0.0;G
2023-01-01 06:00:01;2023-01-02 06:00:00;2023-01-01;0.4;G
2023-01-02 06:00:01;2023-01-03 06:00:00;2023-01-02;4.3;G
2023-01-03 06:00:01;2023-01-04 06:00:00;2023-01-03;0.0;G
2023-01-04 06:00:01;2023-01-05 06:00:00;2023-01-04;1.2;G
2023-01-05 06:00:01;2023-01-06 06:00:00;2023-01-05;0.0;G
2023-01-06 06:00:01;2023-01-07 06:00:00;2023-01-06;1.3;G
2023-01-07 06:00:01;2023-01-08 06:00:00;2023-01-07;4.5;G
2023-01-08 06:00:01;2023-01-09 06:00:00;2023-01-08;8.2;G
2023-01-09 06:00:01;2023-01-10 06:00:00;2023-01-09;7.7;G
2023-01-10 06:00:01;2023-01-11 06:00:00;2023-01-10;0.4;G
2023-01-11 06:00:01;2023-01-12 06:00:00;2023-01-11;6.0;G
2023-01-12 06:00:01;2023-01-13 06:00:00;2023-01-12;0.2;G
2023-01-13 06:00:01;2023-01-14 06:00:00;2023-01-13;8.4;G
2023-01-14 06:00:01;2023-01-15 06:00:00;2023-01-14;8.8;G
2023-01-15 06:00:01;2023-01-16 06:00:00;2023-01-15;4.3;G
2023-01-16 06:00:01;2023-01-17 06:00:00;2023-01-16;0.0;G
2023-01-17 06:00:01;2023-01-18 06:00:00;2023-01-17;3.1;G
2023-01-18 06:00:01;2023-01-19 06:00:00;2023-01-18;0.0;G
2023-01-19 06:00:01;2023-01-20 06:00:00;2023-01-19;0.0;G
2023-01-20 06:00:01;2023-01-21 06:00:00;2023-01-20;1.3;G
2023-01-21 06:00:01;2023-01-22 06:00:00;2023-01-21;0.0;G
2023-01-22 06:00:01;2023-01-23 06:00:00;2023-01-22;0.0;G
2023-01-23 06:00:01;2023-01-24 06:00:00;2023-01-23;0.0;G
2023-01-24 06:00:01;2023-01-25 06:00:00;2023-01-24;0.0;G
2023-01-25 06:00:01;2023-01-26 06:00:00;2023-01-25;0.7;G
2023-01-26 06:00:01;2023-01-27 06:00:00;2023-01-26;0.0;G
2023-01-27 06:00:01;2023-01-28 06:00:00;2023-01-27;0.0;G
2023-01-28 06:00:01;2023-01-29 06:00:00;2023-01-28;0.0;G
2023-01-29 06:00:01;2023-01-30 06:00:00;2023-01-29;0.0;G
2023-01-30 06:00:01;2023-01-31 06:00:00;2023-01-30;0.2;G
2023-01-31 06:00:01;2023-02-01 06:00:00;2023-01-31;0.0;G
2023-02-01 06:00:01;2023-02-02 06:00:00;2023-02-01;0.3;G
2023-02-02 06:00:01;2023-02-03 06:00:00;2023-02-02;0.0;G
2023-02-03 06:00:01;2023-02-04 06:00:00;2023-02-03;0.0;G
2023-02-04 06:00:01;2023-02-05 06:00:00;2023-02-04;0.0;G
2023-02-05 06:00:01;2023-02-06 06:00:00;2023-02-05;1.3;G
2023-02-06 06:00:01;2023-02-07 06:00:00;2023-02-06;0.0;G
2023-02-07 06:00:01;2023-02-08 06:00:00;2023-02-07;0.0;G
2023-02-08 06:00:01;2023-02-09 06:00:00;2023-02-08;0.0;G
2023-02-09 06:00:01;2023-02-10 06:00:00;2023-02-09;0.0;G
2023-02-10 06:00:01;2023-02-11 06:00:00;2023-02-10;4.2;G
2023-02-11 06:00:01;2023-02-12 06:00:00;2023-02-11;0.0;G
2023-02-12 06:00:01;2023-02-13 06:00:00;2023-02-12;0.0;G
2023-02-13 06:00:01;2023-02-14 06:00:00;2023-02-13;0.0;G
2023-02-14 06:00:01;2023-02-15 06:00:00;2023-02-14;0.0;G
2023-02-15 06:00:01;2023-02-16 06:00:00;2023-02-15;0.0;G
2023-02-16 06:00:01;2023-02-17 06:00:00;2023-02-16;0.0;G
2023-02-17 06:00:01;2023-02-18 06:00:00;2023-02-17;4.6;G
2023-02-18 06:00:01;2023-02-19 06:00:00;2023-02-18;0.0;G
2023-02-19 06:00:01;2023-02-20 06:00:00;2023-02-19;0.0;G
2023-02-20 06:00:01;2023-02-21 06:00:00;2023-02-20;5.5;G
2023-02-21 06:00:01;2023-02-22 06:00:00;2023-02-21;2.2;G
2023-02-22 06:00:01;2023-02-23 06:00:00;2023-02-22;0.9;G
2023-02-23 06:00:01;2023-02-24 06:00:00;2023-02-23;3.8;G
2023-02-24 06:00:01;2023-02-25 06:00:00;2023-02-24;0.3;G
2023-02-25 06:00:01;2023-02-26 06:00:00;2023-02-25;0.1;G
2023-02-26 06:00:01;2023-02-27 06:00:00;2023-02-26;0.0;G
2023-02-27 06:00:01;2023-02-28 06:00:00;2023-02-27;0.0;G
2023-02-28 06:00:01;2023-03-01 06:00:00;2023-02-28;0.0;G
2023-03-01 06:00:01;2023-03-02 06:00:00;2023-03-01;0.0;G
2023-03-02 06:00:01;2023-03-03 06:00:00;2023-03-02;0.0;G
2023-03-03 06:00:01;2023-03-04 06:00:00;2023-03-03;0.4;G
2023-03-04 06:00:01;2023-03-05 06:00:00;2023-03-04;0.0;G
2023-03-05 06:00:01;2023-03-06 06:00:00;2023-03-05;0.6;G
2023-03-06 06:00:01;2023-03-07 06:00:00;2023-03-06;0.0;G
2023-03-07 06:00:01;2023-03-08 06:00:00;2023-03-07;1.6;G
2023-03-08 06:00:01;2023-03-09 06:00:00;2023-03-08;4.0;G
2023-03-09 06:00:01;2023-03-10 06:00:00;2023-03-09;3.6;G
2023-03-10 06:00:01;2023-03-11 06:00:00;2023-03-10;1.1;G
2023-03-11 06:00:01;2023-03-12 06:00:00;2023-03-11;0.0;G
2023-03-12 06:00:01;2023-03-13 06:00:00;2023-03-12;0.0;G
2023-03-13 06:00:01;2023-03-14 06:00:00;2023-03-13;7.3;G
2023-03-14 06:00:01;2023-03-15 06:00:00;2023-03-14;2.0;G
2023-03-15 06:00:01;2023-03-16 06:00:00;2023-03-15;0.0;G
2023-03-16 06:00:01;2023-03-17 06:00:00;2023-03-16;0.0;G
2023-03-17 06:00:01;2023-03-18 06:00:00;2023-03-17;0.8;G
2023-03-18 06:00:01;2023-03-19 06:00:00;2023-03-18;0.7;G
2023-03-19 06:00:01;2023-03-20 06:00:00;2023-03-19;0.0;G
2023-03-20 06:00:01;2023-03-21 06:00:00;2023-03-20;3.1;G
2023-03-21 06:00:01;2023-03-22 06:00:00;2023-03-21;0.9;G
2023-03-22 06:00:01;2023-03-23 06:00:00;2023-03-22;1.7;G
2023-03-23 06:00:01;2023-03-24 06:00:00;2023-03-23;0.0;G
2023-03-24 06:00:01;2023-03-25 06:00:00;2023-03-24;13.3;G
2023-03-25 06:00:01;2023-03-26 06:00:00;2023-03-25;9.4;G
2023-03-26 06:00:01;2023-03-27 06:00:00;2023-03-26;0.1;G
2023-03-27 06:00:01;2023-03-28 06:00:00;2023-03-27;6.8;G
2023-03-28 06:00:01;2023-03-29 06:00:00;2023-03-28;3.5;G
2023-03-29 06:00:01;2023-03-30 06:00:00;2023-03-29;0.1;G
2023-03-30 06:00:01;2023-03-31 06:00:00;2023-03-30;0.0;G
2023-03-31 06:00:01;2023-04-01 06:00:00;2023-03-31;0.0;G
2023-04-01 06:00:01;2023-04-02 06:00:00;2023-04-01;0.0;G
2023-04-02 06:00:01;2023-04-03 06:00:00;2023-04-02;0.0;G
2023-04-03 06:00:01;2023-04-04 06:00:00;2023-04-03;0.0;G
2023-04-04 06:00:01;2023-04-05 06:00:00;2023-04-04;0.0;G
2023-04-05 06:00:01;2023-04-06 06:00:00;2023-04-05;2.0;G
2023-04-06 06:00:01;2023-04-07 06:00:00;2023-04-06;0.0;G
2023-04-07 06:00:01;2023-04-08 06:00:00;2023-04-07;0.0;G
2023-04-08 06:00:01;2023-04-09 06:00:00;2023-04-08;0.0;G
2023-04-09 06:00:01;2023-04-10 06:00:00;2023-04-09;0.0;G
2023-04-10 06:00:01;2023-04-11 06:00:00;2023-04-10;0.0;G
2023-04-11 06:00:01;2023-04-12 06:00:00;2023-04-11;0.1;G
2023-04-12 06:00:01;2023-04-13 06:00:00;2023-04-12;0.0;G
2023-04-13 06:00:01;2023-04-14 06:00:00;2023-04-13;0.4;G
2023-04-14 06:00:01;2023-04-15 06:00:00;2023-04-14;0.1;G
2023-04-15 06:00:01;2023-04-16 06:00:00;2023-04-15;0.0;G
2023-04-16 06:00:01;2023-04-17 06:00:00;2023-04-16;0.0;G
2023-04-17 06:00:01;2023-04-18 06:00:00;2023-04-17;0.0;G
2023-04-18 06:00:01;2023-04-19 06:00:00;2023-04-18;0.0;G
2023-04-19 06:00:01;2023-04-20 06:00:00;2023-04-19;0.0;G
2023-04-20 06:00:01;2023-04-21 06:00:00;2023-04-20;0.0;G
2023-04-21 06:00:01;2023-04-22 06:00:00;2023-04-21;0.0;G
2023-04-22 06:00:01;2023-04-23 06:00:00;2023-04-22;0.0;G
2023-04-23 06:00:01;2023-04-24 06:00:00;2023-04-23;2.4;G
2023-04-24 06:00:01;2023-04-25 06:00:00;2023-04-24;5.3;G
2023-04-25 06:00:01;2023-04-26 06:00:00;2023-04-25;3.1;G
2023-04-26 06:00:01;2023-04-27 06:00:00;2023-04-26;0.3;G
2023-04-27 06:00:01;2023-04-28 06:00:00;2023-04-27;0.2;G
2023-04-28 06:00:01;2023-04-29 06:00:00;2023-04-28;1.2;G
2023-04-29 06:00:01;2023-04-30 06:00:00;2023-04-29;2.4;G
2023-04-30 06:00:01;2023-05-01 06:00:00;2023-04-30;0.0;G
2023-05-01 06:00:01;2023-05-02 06:00:00;2023-05-01;12.2;G
2023-05-02 06:00:01;2023-05-03 06:00:00;2023-05-02;0.1;G
2023-05-03 06:00:01;2023-05-04 06:00:00;2023-05-03;0.9;G
2023-05-04 06:00:01;2023-05-05 06:00:00;2023-05-04;0.0;G
2023-05-05 06:00:01;2023-05-06 06:00:00;2023-05-05;0.0;G
2023-05-06 06:00:01;2023-05-07 06:00:00;2023-05-06;0.0;G
2023-05-07 06:00:01;2023-05-08 06:00:00;2023-05-07;0.0;G
2023-05-08 06:00:01;2023-05-09 06:00:00;2023-05-08;0.0;G
2023-05-09 06:00:01;2023-05-10 06:00:00;2023-05-09;0.0;G
2023-05-10 06:00:01;2023-05-11 06:00:00;2023-05-10;0.0;G
2023-05-11 06:00:01;2023-05-12 06:00:00;2023-05-11;0.0;G
2023-05-12 06:00:01;2023-05-13 06:00:00;2023-05-12;0.0;G
2023-05-13 06:00:01;2023-05-14 06:00:00;2023-05-13;0.0;G
2023-05-14 06:00:01;2023-05-15 06:00:00;2023-05-14;0.0;G
2023-05-15 06:00:01;2023-05-16 06:00:00;2023-05-15;0.0;G
2023-05-16 06:00:01;2023-05-17 06:00:00;2023-05-16;9.0;G
2023-05-17 06:00:01;2023-05-18 06:00:00;2023-05-17;12.0;G
2023-05-18 06:00:01;2023-05-19 06:00:00;2023-05-18;0.0;G
2023-05-19 06:00:01;2023-05-20 06:00:00;2023-05-19;0.0;G
2023-05-20 06:00:01;2023-05-21 06:00:00;2023-05-20;0.0;G
2023-05-21 06:00:01;2023-05-22 06:00:00;2023-05-21;0.0;G
2023-05-22 06:00:01;2023-05-23 06:00:00;2023-05-22;0.6;G
2023-05-23 06:00:01;2023-05-24 06:00:00;2023-05-23;0.0;G
2023-05-24 06:00:01;2023-05-25 06:00:00;2023-05-24;0.0;G
2023-05-25 06:00:01;2023-05-26 06:00:00;2023-05-25;0.0;G
2023-05-26 06:00:01;2023-05-27 06:00:00;2023-05-26;0.0;G
2023-05-27 06:00:01;2023-05-28 06:00:00;2023-05-27;0.0;G
2023-05-28 06:00:01;2023-05-29 06:00:00;2023-05-28;1.0;G
2023-05-29 06:00:01;2023-05-30 06:00:00;2023-05-29;0.0;G
2023-05-30 06:00:01;2023-05-31 06:00:00;2023-05-30;0.0;G
2023-05-31 06:00:01;2023-06-01 06:00:00;2023-05-31;0.0;G
2023-06-01 06:00:01;2023-06-02 06:00:00;2023-06-01;0.0;G
2023-06-02 06:00:01;2023-06-03 06:00:00;2023-06-02;0.0;G
2023-06-03 06:00:01;2023-06-04 06:00:00;2023-06-03;1.0;G
2023-06-04 06:00:01;2023-06-05 06:00:00;2023-06-04;0.0;G
2023-06-05 06:00:01;2023-06-06 06:00:00;2023-06-05;0.0;G
2023-06-06 06:00:01;2023-06-07 06:00:00;2023-06-06;0.0;G
2023-06-07 06:00:01;2023-06-08 06:00:00;2023-06-07;0.0;G
2023-06-08 06:00:01;2023-06-09 06:00:00;2023-06-08;0.0;G
2023-06-09 06:00:01;2023-06-10 06:00:00;2023-06-09;0.0;G
2023-06-10 06:00:01;2023-06-11 06:00:00;2023-06-10;0.0;G
2023-06-11 06:00:01;2023-06-12 06:00:00;2023-06-11;0.0;G
2023-06-12 06:00:01;2023-06-13 06:00:00;2023-06-12;0.0;G
2023-06-13 06:00:01;2023-06-14 06:00:00;2023-06-13;0.0;G
2023-06-14 06:00:01;2023-06-15 06:00:00;2023-06-14;0.0;G
2023-06-15 06:00:01;2023-06-16 06:00:00;2023-06-15;0.0;G
2023-06-16 06:00:01;2023-06-17 06:00:00;2023-06-16;0.0;G
2023-06-17 06:00:01;2023-06-18 06:00:00;2023-06-17;0.0;G
2023-06-18 06:00:01;2023-06-19 06:00:00;2023-06-18;0.8;G
2023-06-19 06:00:01;2023-06-20 06:00:00;2023-06-19;0.1;G
2023-06-20 06:00:01;2023-06-21 06:00:00;2023-06-20;0.0;G
2023-06-21 06:00:01;2023-06-22 06:00:00;2023-06-21;0.0;G
2023-06-22 06:00:01;2023-06-23 06:00:00;2023-06-22;0.0;G
2023-06-23 06:00:01;2023-06-24 06:00:00;2023-06-23;0.0;G
2023-06-24 06:00:01;2023-06-25 06:00:00;2023-06-24;0.0;G
2023-06-25 06:00:01;2023-06-26 06:00:00;2023-06-25;0.0;G
2023-06-26 06:00:01;2023-06-27 06:00:00;2023-06-26;0.0;G
2023-06-27 06:00:01;2023-06-28 06:00:00;2023-06-27;0.0;G
2023-06-28 06:00:01;2023-06-29 06:00:00;2023-06-28;0.0;G
2023-06-29 06:00:01;2023-06-30 06:00:00;2023-06-29;0.2;G
2023-06-30 06:00:01;2023-07-01 06:00:00;2023-06-30;3.0;G
2023-07-01 06:00:01;2023-07-02 06:00:00;2023-07-01;0.0;G
2023-07-02 06:00:01;2023-07-03 06:00:00;2023-07-02;40.4;G
2023-07-03 06:00:01;2023-07-04 06:00:00;2023-07-03;12.2;G
2023-07-04 06:00:01;2023-07-05 06:00:00;2023-07-04;0.2;G
2023-07-05 06:00:01;2023-07-06 06:00:00;2023-07-05;9.5;G
2023-07-06 06:00:01;2023-07-07 06:00:00;2023-07-06;1.0;G
2023-07-07 06:00:01;2023-07-08 06:00:00;2023-07-07;5.5;G
2023-07-08 06:00:01;2023-07-09 06:00:00;2023-07-08;0.4;G
2023-07-09 06:00:01;2023-07-10 06:00:00;2023-07-09;0.0;G
2023-07-10 06:00:01;2023-07-11 06:00:00;2023-07-10;0.0;G
2023-07-11 06:00:01;2023-07-12 06:00:00;2023-07-11;0.0;G
2023-07-12 06:00:01;2023-07-13 06:00:00;2023-07-12;1.4;G
2023-07-13 06:00:01;2023-07-14 06:00:00;2023-07-13;0.1;G
2023-07-14 06:00:01;2023-07-15 06:00:00;2023-07-14;0.0;G
2023-07-15 06:00:01;2023-07-16 06:00:00;2023-07-15;0.8;G
2023-07-16 06:00:01;2023-07-17 06:00:00;2023-07-16;8.3;G
2023-07-17 06:00:01;2023-07-18 06:00:00;2023-07-17;2.3;G
2023-07-18 06:00:01;2023-07-19 06:00:00;2023-07-18;2.4;G
2023-07-19 06:00:01;2023-07-20 06:00:00;2023-07-19;0.3;G
2023-07-20 06:00:01;2023-07-21 06:00:00;2023-07-20;0.1;G
2023-07-21 06:00:01;2023-07-22 06:00:00;2023-07-21;0.1;G
2023-07-22 06:00:01;2023-07-23 06:00:00;2023-07-22;0.0;G
2023-07-23 06:00:01;2023-07-24 06:00:00;2023-07-23;0.0;G
2023-07-24 06:00:01;2023-07-25 06:00:00;2023-07-24;3.6;G
2023-07-25 06:00:01;2023-07-26 06:00:00;2023-07-25;1.1;G
2023-07-26 06:00:01;2023-07-27 06:00:00;2023-07-26;0.0;G
2023-07-27 06:00:01;2023-07-28 06:00:00;2023-07-27;0.0;G
2023-07-28 06:00:01;2023-07-29 06:00:00;2023-07-28;1.6;G
2023-07-29 06:00:01;2023-07-30 06:00:00;2023-07-29;0.5;G
2023-07-30 06:00:01;2023-07-31 06:00:00;2023-07-30;6.5;G
2023-07-31 06:00:01;2023-08-01 06:00:00;2023-07-31;9.3;G
2023-08-01 06:00:01;2023-08-02 06:00:00;2023-08-01;16.6;G
2023-08-02 06:00:01;2023-08-03 06:00:00;2023-08-02;1.1;G
2023-08-03 06:00:01;2023-08-04 06:00:00;2023-08-03;11.3;G
2023-08-04 06:00:01;2023-08-05 06:00:00;2023-08-04;15.6;G
2023-08-05 06:00:01;2023-08-06 06:00:00;2023-08-05;1.9;G
2023-08-06 06:00:01;2023-08-07 06:00:00;2023-08-06;28.9;G
2023-08-07 06:00:01;2023-08-08 06:00:00;2023-08-07;3.0;G
2023-08-08 06:00:01;2023-08-09 06:00:00;2023-08-08;10.0;G
2023-08-09 06:00:01;2023-08-10 06:00:00;2023-08-09;8.9;G
2023-08-10 06:00:01;2023-08-11 06:00:00;2023-08-10;7.9;G
2023-08-11 06:00:01;2023-08-12 06:00:00;2023-08-11;0.0;G
2023-08-12 06:00:01;2023-08-13 06:00:00;2023-08-12;6.1;G
2023-08-13 06:00:01;2023-08-14 06:00:00;2023-08-13;0.9;G
2023-08-14 06:00:01;2023-08-15 06:00:00;2023-08-14;0.0;G
2023-08-15 06:00:01;2023-08-16 06:00:00;2023-08-15;11.2;G
2023-08-16 06:00:01;2023-08-17 06:00:00;2023-08-16;0.0;G
2023-08-17 06:00:01;2023-08-18 06:00:00;2023-08-17;0.1;G
2023-08-18 06:00:01;2023-08-19 06:00:00;2023-08-18;0.0;G
2023-08-19 06:00:01;2023-08-20 06:00:00;2023-08-19;0.0;G
2023-08-20 06:00:01;2023-08-21 06:00:00;2023-08-20;19.0;G
2023-08-21 06:00:01;2023-08-22 06:00:00;2023-08-21;0.0;G
2023-08-22 06:00:01;2023-08-23 06:00:00;2023-08-22;6.0;G
2023-08-23 06:00:01;2023-08-24 06:00:00;2023-08-23;0.0;G
2023-08-24 06:00:01;2023-08-25 06:00:00;2023-08-24;2.3;G
2023-08-25 06:00:01;2023-08-26 06:00:00;2023-08-25;4.1;G
2023-08-26 06:00:01;2023-08-27 06:00:00;2023-08-26;0.8;G
2023-08-27 06:00:01;2023-08-28 06:00:00;2023-08-27;0.0;G
2023-08-28 06:00:01;2023-08-29 06:00:00;2023-08-28;5.4;G
2023-08-29 06:00:01;2023-08-30 06:00:00;2023-08-29;0.0;G
2023-08-30 06:00:01;2023-08-31 06:00:00;2023-08-30;0.1;G
2023-08-31 06:00:01;2023-09-01 06:00:00;2023-08-31;0.0;G
2023-09-01 06:00:01;2023-09-02 06:00:00;2023-09-01;19.2;G
2023-09-02 06:00:01;2023-09-03 06:00:00;2023-09-02;0.2;G
2023-09-03 06:00:01;2023-09-04 06:00:00;2023-09-03;0.0;G
2023-09-04 06:00:01;2023-09-05 06:00:00;2023-09-04;0.0;G
2023-09-05 06:00:01;2023-09-06 06:00:00;2023-09-05;0.0;G
2023-09-06 06:00:01;2023-09-07 06:00:00;2023-09-06;0.0;G
2023-09-07 06:00:01;2023-09-08 06:00:00;2023-09-07;0.0;G
2023-09-08 06:00:01;2023-09-09 06:00:00;2023-09-08;0.1;G
2023-09-09 06:00:01;2023-09-10 06:00:00;2023-09-09;0.0;G
2023-09-10 06:00:01;2023-09-11 06:00:00;2023-09-10;0.1;G
2023-09-11 06:00:01;2023-09-12 06:00:00;2023-09-11;0.0;G
2023-09-12 06:00:01;2023-09-13 06:00:00;2023-09-12;0.2;G
2023-09-13 06:00:01;2023-09-14 06:00:00;2023-09-13;0.3;G
2023-09-14 06:00:01;2023-09-15 06:00:00;2023-09-14;0.0;G
2023-09-15 06:00:01;2023-09-16 06:00:00;2023-09-15;0.1;G
2023-09-16 06:00:01;2023-09-17 06:00:00;2023-09-16;2.3;G
2023-09-17 06:00:01;2023-09-18 06:00:00;2023-09-17;0.0;G
2023-09-18 06:00:01;2023-09-19 06:00:00;2023-09-18;0.6;G
2023-09-19 06:00:01;2023-09-20 06:00:00;2023-09-19;10.9;G
2023-09-20 06:00:01;2023-09-21 06:00:00;2023-09-20;0.2;G
2023-09-21 06:00:01;2023-09-22 06:00:00;2023-09-21;0.0;G
2023-09-22 06:00:01;2023-09-23 06:00:00;2023-09-22;0.0;G
2023-09-23 06:00:01;2023-09-24 06:00:00;2023-09-23;1.2;G
2023-09-24 06:00:01;2023-09-25 06:00:00;2023-09-24;0.0;G
2023-09-25 06:00:01;2023-09-26 06:00:00;2023-09-25;0.0;G
2023-09-26 06:00:01;2023-09-27 06:00:00;2023-09-26;0.1;G
2023-09-27 06:00:01;2023-09-28 06:00:00;2023-09-27;0.2;G
2023-09-28 06:00:01;2023-09-29 06:00:00;2023-09-28;0.1;G
2023-09-29 06:00:01;2023-09-30 06:00:00;2023-09-29;3.3;G
2023-09-30 06:00:01;2023-10-01 06:00:00;2023-09-30;0.0;G
2023-10-01 06:00:01;2023-10-02 06:00:00;2023-10-01;0.1;G
2023-10-02 06:00:01;2023-10-03 06:00:00;2023-10-02;0.7;G
2023-10-03 06:00:01;2023-10-04 06:00:00;2023-10-03;3.8;G
2023-10-04 06:00:01;2023-10-05 06:00:00;2023-10-04;0.0;G
2023-10-05 06:00:01;2023-10-06 06:00:00;2023-10-05;0.0;G
2023-10-06 06:00:01;2023-10-07 06:00:00;2023-10-06;5.3;G
2023-10-07 06:00:01;2023-10-08 06:00:00;2023-10-07;0.0;G
2023-10-08 06:00:01;2023-10-09 06:00:00;2023-10-08;0.0;G
2023-10-09 06:00:01;2023-10-10 06:00:00;2023-10-09;0.0;G
2023-10-10 06:00:01;2023-10-11 06:00:00;2023-10-10;2.0;G
2023-10-11 06:00:01;2023-10-12 06:00:00;2023-10-11;0.7;G
2023-10-12 06:00:01;2023-10-13 06:00:00;2023-10-12;0.0;G
2023-10-13 06:00:01;2023-10-14 06:00:00;2023-10-13;12.7;G
2023-10-14 06:00:01;2023-10-15 06:00:00;2023-10-14;1.4;G
2023-10-15 06:00:01;2023-10-16 06:00:00;2023-10-15;0.0;G
2023-10-16 06:00:01;2023-10-17 06:00:00;2023-10-16;0.0;G
2023-10-17 06:00:01;2023-10-18 06:00:00;2023-10-17;2.0;G
2023-10-18 06:00:01;2023-10-19 06:00:00;2023-10-18;0.3;G
2023-10-19 06:00:01;2023-10-20 06:00:00;2023-10-19;0.7;G
2023-10-20 06:00:01;2023-10-21 06:00:00;2023-10-20;0.1;G
2023-10-21 06:00:01;2023-10-22 06:00:00;2023-10-21;2.1;G
2023-10-22 06:00:01;2023-10-23 06:00:00;2023-10-22;0.0;G
2023-10-23 06:00:01;2023-10-24 06:00:00;2023-10-23;0.0;G
2023-10-24 06:00:01;2023-10-25 06:00:00;2023-10-24;0.0;G
2023-10-25 06:00:01;2023-10-26 06:00:00;2023-10-25;0.2;G
2023-10-26 06:00:01;2023-10-27 06:00:00;2023-10-26;0.0;G
2023-10-27 06:00:01;2023-10-28 06:00:00;2023-10-27;0.0;G
2023-10-28 06:00:01;2023-10-29 06:00:00;2023-10-28;0.0;G
2023-10-29 06:00:01;2023-10-30 06:00:00;2023-10-29;0.0;G
2023-10-30 06:00:01;2023-10-31 06:00:00;2023-10-30;23.6;G
2023-10-31 06:00:01;2023-11-01 06:00:00;2023-10-31;16.4;G
2023-11-01 06:00:01;2023-11-02 06:00:00;2023-11-01;0.4;G
2023-11-02 06:00:01;2023-11-03 06:00:00;2023-11-02;1.1;G
2023-11-03 06:00:01;2023-11-04 06:00:00;2023-11-03;13.7;G
2023-11-04 06:00:01;2023-11-05 06:00:00;2023-11-04;10.1;G
2023-11-05 06:00:01;2023-11-06 06:00:00;2023-11-05;0.0;G
2023-11-06 06:00:01;2023-11-07 06:00:00;2023-11-06;1.9;G
2023-11-07 06:00:01;2023-11-08 06:00:00;2023-11-07;6.3;G
2023-11-08 06:00:01;2023-11-09 06:00:00;2023-11-08;9.1;G
2023-11-09 06:00:01;2023-11-10 06:00:00;2023-11-09;10.0;G
2023-11-10 06:00:01;2023-11-11 06:00:00;2023-11-10;1.3;G
2023-11-11 06:00:01;2023-11-12 06:00:00;2023-11-11;0.0;G
2023-11-12 06:00:01;2023-11-13 06:00:00;2023-11-12;0.3;G
2023-11-13 06:00:01;2023-11-14 06:00:00;2023-11-13;0.5;G
2023-11-14 06:00:01;2023-11-15 06:00:00;2023-11-14;0.3;G
2023-11-15 06:00:01;2023-11-16 06:00:00;2023-11-15;0.1;G
2023-11-16 06:00:01;2023-11-17 06:00:00;2023-11-16;0.0;G
2023-11-17 06:00:01;2023-11-18 06:00:00;2023-11-17;0.0;G
2023-11-18 06:00:01;2023-11-19 06:00:00;2023-11-18;0.0;G
2023-11-19 06:00:01;2023-11-20 06:00:00;2023-11-19;0.5;G
2023-11-20 06:00:01;2023-11-21 06:00:00;2023-11-20;0.1;G
2023-11-21 06:00:01;2023-11-22 06:00:00;2023-11-21;0.0;G
2023-11-22 06:00:01;2023-11-23 06:00:00;2023-11-22;8.1;G
2023-11-23 06:00:01;2023-11-24 06:00:00;2023-11-23;0.0;G
2023-11-24 06:00:01;2023-11-25 06:00:00;2023-11-24;3.1;G
2023-11-25 06:00:01;2023-11-26 06:00:00;2023-11-25;0.4;G
2023-11-26 06:00:01;2023-11-27 06:00:00;2023-11-26;0.7;G
2023-11-27 06:00:01;2023-11-28 06:00:00;2023-11-27;0.5;G
2023-11-28 06:00:01;2023-11-29 06:00:00;2023-11-28;9.8;G
2023-11-29 06:00:01;2023-11-30 06:00:00;2023-11-29;0.2;G
2023-11-30 06:00:01;2023-12-01 06:00:00;2023-11-30;0.2;G
2023-12-01 06:00:01;2023-12-02 06:00:00;2023-12-01;0.3;G
2023-12-02 06:00:01;2023-12-03 06:00:00;2023-12-02;0.1;G
2023-12-03 06:00:01;2023-12-04 06:00:00;2023-12-03;0.2;G
2023-12-04 06:00:01;2023-12-05 06:00:00;2023-12-04;0.0;G
2023-12-05 06:00:01;2023-12-06 06:00:00;2023-12-05;0.0;G
2023-12-06 06:00:01;2023-12-07 06:00:00;2023-12-06;0.0;G
2023-12-07 06:00:01;2023-12-08 06:00:00;2023-12-07;3.5;G
2023-12-08 06:00:01;2023-12-09 06:00:00;2023-12-08;1.0;G
2023-12-09 06:00:01;2023-12-10 06:00:00;2023-12-09;2.2;G
2023-12-10 06:00:01;2023-12-11 06:00:00;2023-12-10;0.9;G
2023-12-11 06:00:01;2023-12-12 06:00:00;2023-12-11;1.7;G
2023-12-12 06:00:01;2023-12-13 06:00:00;2023-12-12;0.1;G
2023-12-13 06:00:01;2023-12-14 06:00:00;2023-12-13;0.0;G
2023-12-14 06:00:01;2023-12-15 06:00:00;2023-12-14;0.1;G
2023-12-15 06:00:01;2023-12-16 06:00:00;2023-12-15;0.0;G
2023-12-16 06:00:01;2023-12-17 06:00:00;2023-12-16;0.1;G
2023-12-17 06:00:01;2023-12-18 06:00:00;2023-12-17;1.2;G
2023-12-18 06:00:01;2023-12-19 06:00:00;2023-12-18;3.4;G
2023-12-19 06:00:01;2023-12-20 06:00:00;2023-12-19;0.0;G
2023-12-20 06:00:01;2023-12-21 06:00:00;2023-12-20;2.9;G
2023-12-21 06:00:01;2023-12-22 06:00:00;2023-12-21;4.3;G
2023-12-22 06:00:01;2023-12-23 06:00:00;2023-12-22;6.1;G
2023-12-23 06:00:01;2023-12-24 06:00:00;2023-12-23;0.3;G
2023-12-24 06:00:01;2023-12-25 06:00:00;2023-12-24;5.4;G
2023-12-25 06:00:01;2023-12-26 06:00:00;2023-12-25;3.0;G
2023-12-26 06:00:01;2023-12-27 06:00:00;2023-12-26;0.0;G
2023-12-27 06:00:01;2023-12-28 06:00:00;2023-12-27;0.1;G
2023-12-28 06:00:01;2023-12-29 06:00:00;2023-12-28;5.2;G
2023-12-29 06:00:01;2023-12-30 06:00:00;2023-12-29;11.0;G
2023-12-30 06:00:01;2023-12-31 06:00:00;2023-12-30;1.0;G
2023-12-31 06:00:01;2024-01-01 06:00:00;2023-12-31;0.0;G
2024-01-01 06:00:01;2024-01-02 06:00:00;2024-01-01;0.0;G
2024-01-02 06:00:01;2024-01-03 06:00:00;2024-01-02;0.2;G
2024-01-03 06:00:01;2024-01-04 06:00:00;2024-01-03;0.2;G
2024-01-04 06:00:01;2024-01-05 06:00:00;2024-01-04;0.1;G
2024-01-05 06:00:01;2024-01-06 06:00:00;2024-01-05;0.0;G
2024-01-06 06:00:01;2024-01-07 06:00:00;2024-01-06;0.0;G
2024-01-07 06:00:01;2024-01-08 06:00:00;2024-01-07;0.0;G
2024-01-08 06:00:01;2024-01-09 06:00:00;2024-01-08;0.0;G
2024-01-09 06:00:01;2024-01-10 06:00:00;2024-01-09;0.0;G
2024-01-10 06:00:01;2024-01-11 06:00:00;2024-01-10;0.1;G
2024-01-11 06:00:01;2024-01-12 06:00:00;2024-01-11;0.0;G
2024-01-12 06:00:01;2024-01-13 06:00:00;2024-01-12;0.0;G
2024-01-13 06:00:01;2024-01-14 06:00:00;2024-01-13;0.1;G
2024-01-14 06:00:01;2024-01-15 06:00:00;2024-01-14;1.5;G
2024-01-15 06:00:01;2024-01-16 06:00:00;2024-01-15;0.1;G
2024-01-16 06:00:01;2024-01-17 06:00:00;2024-01-16;0.5;G
2024-01-17 06:00:01;2024-01-18 06:00:00;2024-01-17;2.7;G
2024-01-18 06:00:01;2024-01-19 06:00:00;2024-01-18;0.0;G
2024-01-19 06:00:01;2024-01-20 06:00:00;2024-01-19;0.0;G
2024-01-20 06:00:01;2024-01-21 06:00:00;2024-01-20;0.5;G
2024-01-21 06:00:01;2024-01-22 06:00:00;2024-01-21;3.5;G
2024-01-22 06:00:01;2024-01-23 06:00:00;2024-01-22;5.7;G
2024-01-23 06:00:01;2024-01-24 06:00:00;2024-01-23;0.0;G
2024-01-24 06:00:01;2024-01-25 06:00:00;2024-01-24;3.6;G
2024-01-25 06:00:01;2024-01-26 06:00:00;2024-01-25;0.0;G
2024-01-26 06:00:01;2024-01-27 06:00:00;2024-01-26;3.3;G
2024-01-27 06:00:01;2024-01-28 06:00:00;2024-01-27;0.0;G
2024-01-28 06:00:01;2024-01-29 06:00:00;2024-01-28;0.0;G
2024-01-29 06:00:01;2024-01-30 06:00:00;2024-01-29;0.0;G
2024-01-30 06:00:01;2024-01-31 06:00:00;2024-01-30;2.7;G
2024-01-31 06:00:01;2024-02-01 06:00:00;2024-01-31;0.2;G
2024-02-01 06:00:01;2024-02-02 06:00:00;2024-02-01;0.0;G
2024-02-02 06:00:01;2024-02-03 06:00:00;2024-02-02;1.4;G
2024-02-03 06:00:01;2024-02-04 06:00:00;2024-02-03;0.0;G
2024-02-04 06:00:01;2024-02-05 06:00:00;2024-02-04;0.3;G
2024-02-05 06:00:01;2024-02-06 06:00:00;2024-02-05;0.0;G
2024-02-06 06:00:01;2024-02-07 06:00:00;2024-02-06;0.0;G
2024-02-07 06:00:01;2024-02-08 06:00:00;2024-02-07;0.0;G
2024-02-08 06:00:01;2024-02-09 06:00:00;2024-02-08;0.3;G
2024-02-09 06:00:01;2024-02-10 06:00:00;2024-02-09;0.0;G
2024-02-10 06:00:01;2024-02-11 06:00:00;2024-02-10;0.0;G
2024-02-11 06:00:01;2024-02-12 06:00:00;2024-02-11;0.0;G
2024-02-12 06:00:01;2024-02-13 06:00:00;2024-02-12;2.0;G
2024-02-13 06:00:01;2024-02-14 06:00:00;2024-02-13;9.5;G
2024-02-14 06:00:01;2024-02-15 06:00:00;2024-02-14;0.0;G
2024-02-15 06:00:01;2024-02-16 06:00:00;2024-02-15;4.9;G
2024-02-16 06:00:01;2024-02-17 06:00:00;2024-02-16;26.5;Y
2024-02-17 06:00:01;2024-02-18 06:00:00;2024-02-17;0.0;G
2024-02-18 06:00:01;2024-02-19 06:00:00;2024-02-18;0.9;G
2024-02-19 06:00:01;2024-02-20 06:00:00;2024-02-19;3.2;G
2024-02-20 06:00:01;2024-02-21 06:00:00;2024-02-20;1.9;G
2024-02-21 06:00:01;2024-02-22 06:00:00;2024-02-21;1.5;G
2024-02-22 06:00:01;2024-02-23 06:00:00;2024-02-22;1.3;G
2024-02-23 06:00:01;2024-02-24 06:00:00;2024-02-23;0.8;G
2024-02-24 06:00:01;2024-02-25 06:00:00;2024-02-24;0.4;G
2024-02-25 06:00:01;2024-02-26 06:00:00;2024-02-25;3.4;G
2024-02-26 06:00:01;2024-02-27 06:00:00;2024-02-26;1.3;G
2024-02-27 06:00:01;2024-02-28 06:00:00;2024-02-27;0.0;G
2024-02-28 06:00:01;2024-02-29 06:00:00;2024-02-28;0.0;G
2024-02-29 06:00:01;2024-03-01 06:00:00;2024-02-29;0.0;G
2024-03-01 06:00:01;2024-03-02 06:00:00;2024-03-01;0.4;G
2024-03-02 06:00:01;2024-03-03 06:00:00;2024-03-02;0.0;G
2024-03-03 06:00:01;2024-03-04 06:00:00;2024-03-03;0.0;G
2024-03-04 06:00:01;2024-03-05 06:00:00;2024-03-04;0.0;G
2024-03-05 06:00:01;2024-03-06 06:00:00;2024-03-05;0.0;G
2024-03-06 06:00:01;2024-03-07 06:00:00;2024-03-06;0.0;G
2024-03-07 06:00:01;2024-03-08 06:00:00;2024-03-07;0.0;G
2024-03-08 06:00:01;2024-03-09 06:00:00;2024-03-08;0.0;G
2024-03-09 06:00:01;2024-03-10 06:00:00;2024-03-09;0.0;G
2024-03-10 06:00:01;2024-03-11 06:00:00;2024-03-10;0.0;G
2024-03-11 06:00:01;2024-03-12 06:00:00;2024-03-11;0.0;G
2024-03-12 06:00:01;2024-03-13 06:00:00;2024-03-12;0.1;G
2024-03-13 06:00:01;2024-03-14 06:00:00;2024-03-13;0.0;G
2024-03-14 06:00:01;2024-03-15 06:00:00;2024-03-14;0.1;G
2024-03-15 06:00:01;2024-03-16 06:00:00;2024-03-15;2.2;G
2024-03-16 06:00:01;2024-03-17 06:00:00;2024-03-16;13.6;G
2024-03-17 06:00:01;2024-03-18 06:00:00;2024-03-17;0.6;G
2024-03-18 06:00:01;2024-03-19 06:00:00;2024-03-18;0.0;G
2024-03-19 06:00:01;2024-03-20 06:00:00;2024-03-19;0.0;G
2024-03-20 06:00:01;2024-03-21 06:00:00;2024-03-20;0.0;G
2024-03-21 06:00:01;2024-03-22 06:00:00;2024-03-21;1.3;G
2024-03-22 06:00:01;2024-03-23 06:00:00;2024-03-22;0.1;G
2024-03-23 06:00:01;2024-03-24 06:00:00;2024-03-23;0.0;G
2024-03-24 06:00:01;2024-03-25 06:00:00;2024-03-24;0.3;G
2024-03-25 06:00:01;2024-03-26 06:00:00;2024-03-25;1.4;G
2024-03-26 06:00:01;2024-03-27 06:00:00;2024-03-26;1.3;G
2024-03-27 06:00:01;2024-03-28 06:00:00;2024-03-27;0.0;G
2024-03-28 06:00:01;2024-03-29 06:00:00;2024-03-28;8.0;G
2024-03-29 06:00:01;2024-03-30 06:00:00;2024-03-29;0.4;G
2024-03-30 06:00:01;2024-03-31 06:00:00;2024-03-30;0.0;G
2024-03-31 06:00:01;2024-04-01 06:00:00;2024-03-31;0.0;G
2024-04-01 06:00:01;2024-04-02 06:00:00;2024-04-01;0.0;G
2024-04-02 06:00:01;2024-04-03 06:00:00;2024-04-02;0.0;G
2024-04-03 06:00:01;2024-04-04 06:00:00;2024-04-03;0.0;G
2024-04-04 06:00:01;2024-04-05 06:00:00;2024-04-04;4.1;G
2024-04-05 06:00:01;2024-04-06 06:00:00;2024-04-05;5.4;G
2024-04-06 06:00:01;2024-04-07 06:00:00;2024-04-06;0.1;G
2024-04-07 06:00:01;2024-04-08 06:00:00;2024-04-07;1.7;G
2024-04-08 06:00:01;2024-04-09 06:00:00;2024-04-08;0.0;G
2024-04-09 06:00:01;2024-04-10 06:00:00;2024-04-09;3.7;G
2024-04-10 06:00:01;2024-04-11 06:00:00;2024-04-10;0.3;G
2024-04-11 06:00:01;2024-04-12 06:00:00;2024-04-11;0.9;G
2024-04-12 06:00:01;2024-04-13 06:00:00;2024-04-12;0.0;G
2024-04-13 06:00:01;2024-04-14 06:00:00;2024-04-13;2.0;G
2024-04-14 06:00:01;2024-04-15 06:00:00;2024-04-14;16.2;G
2024-04-15 06:00:01;2024-04-16 06:00:00;2024-04-15;0.0;G
2024-04-16 06:00:01;2024-04-17 06:00:00;2024-04-16;0.1;G
2024-04-17 06:00:01;2024-04-18 06:00:00;2024-04-17;0.0;G
2024-04-18 06:00:01;2024-04-19 06:00:00;2024-04-18;0.0;G
2024-04-19 06:00:01;2024-04-20 06:00:00;2024-04-19;0.0;G
2024-04-20 06:00:01;2024-04-21 06:00:00;2024-04-20;0.0;G
2024-04-21 06:00:01;2024-04-22 06:00:00;2024-04-21;0.1;G
2024-04-22 06:00:01;2024-04-23 06:00:00;2024-04-22;0.0;G
2024-04-23 06:00:01;2024-04-24 06:00:00;2024-04-23;0.0;G
2024-04-24 06:00:01;2024-04-25 06:00:00;2024-04-24;0.0;G
2024-04-25 06:00:01;2024-04-26 06:00:00;2024-04-25;8.3;G
2024-04-26 06:00:01;2024-04-27 06:00:00;2024-04-26;4.8;G
2024-04-27 06:00:01;2024-04-28 06:00:00;2024-04-27;4.5;G
2024-04-28 06:00:01;2024-04-29 06:00:00;2024-04-28;1.1;G
2024-04-29 06:00:01;2024-04-30 06:00:00;2024-04-29;0.3;G
2024-04-30 06:00:01;2024-05-01 06:00:00;2024-04-30;0.0;G
2024-05-01 06:00:01;2024-05-02 06:00:00;2024-05-01;0.0;G
2024-05-02 06:00:01;2024-05-03 06:00:00;2024-05-02;0.0;G
2024-05-03 06:00:01;2024-05-04 06:00:00;2024-05-03;0.0;G
2024-05-04 06:00:01;2024-05-05 06:00:00;2024-05-04;0.0;G
2024-05-05 06:00:01;2024-05-06 06:00:00;2024-05-05;0.0;G
2024-05-06 06:00:01;2024-05-07 06:00:00;2024-05-06;0.0;G
2024-05-07 06:00:01;2024-05-08 06:00:00;2024-05-07;0.5;G
2024-05-08 06:00:01;2024-05-09 06:00:00;2024-05-08;6.0;G
2024-05-09 06:00:01;2024-05-10 06:00:00;2024-05-09;1.0;G
2024-05-10 06:00:01;2024-05-11 06:00:00;2024-05-10;0.0;G
2024-05-11 06:00:01;2024-05-12 06:00:00;2024-05-11;0.0;G
2024-05-12 06:00:01;2024-05-13 06:00:00;2024-05-12;0.0;G
2024-05-13 06:00:01;2024-05-14 06:00:00;2024-05-13;0.0;G
2024-05-14 06:00:01;2024-05-15 06:00:00;2024-05-14;0.0;G
2024-05-15 06:00:01;2024-05-16 06:00:00;2024-05-15;0.0;G
2024-05-16 06:00:01;2024-05-17 06:00:00;2024-05-16;0.0;G
2024-05-17 06:00:01;2024-05-18 06:00:00;2024-05-17;0.0;G
2024-05-18 06:00:01;2024-05-19 06:00:00;2024-05-18;0.0;G
2024-05-19 06:00:01;2024-05-20 06:00:00;2024-05-19;0.0;G
2024-05-20 06:00:01;2024-05-21 06:00:00;2024-05-20;0.0;G
2024-05-21 06:00:01;2024-05-22 06:00:00;2024-05-21;0.0;G
2024-05-22 06:00:01;2024-05-23 06:00:00;2024-05-22;0.0;G
2024-05-23 06:00:01;2024-05-24 06:00:00;2024-05-23;8.6;G
2024-05-24 06:00:01;2024-05-25 06:00:00;2024-05-24;0.9;G
2024-05-25 06:00:01;2024-05-26 06:00:00;2024-05-25;0.0;G
2024-05-26 06:00:01;2024-05-27 06:00:00;2024-05-26;0.0;G
2024-05-27 06:00:01;2024-05-28 06:00:00;2024-05-27;0.0;G
2024-05-28 06:00:01;2024-05-29 06:00:00;2024-05-28;0.0;G
2024-05-29 06:00:01;2024-05-30 06:00:00;2024-05-29;0.8;G
2024-05-30 06:00:01;2024-05-31 06:00:00;2024-05-30;0.0;G
2024-05-31 06:00:01;2024-06-01 06:00:00;2024-05-31;0.0;G
2024-06-01 06:00:01;2024-06-02 06:00:00;2024-06-01;0.0;G
2024-06-02 06:00:01;2024-06-03 06:00:00;2024-06-02;0.0;G
2024-06-03 06:00:01;2024-06-04 06:00:00;2024-06-03;0.0;G
2024-06-04 06:00:01;2024-06-05 06:00:00;2024-06-04;0.0;G
2024-06-05 06:00:01;2024-06-06 06:00:00;2024-06-05;2.5;G
2024-06-06 06:00:01;2024-06-07 06:00:00;2024-06-06;0.0;G
2024-06-07 06:00:01;2024-06-08 06:00:00;2024-06-07;0.0;G
2024-06-08 06:00:01;2024-06-09 06:00:00;2024-06-08;3.3;G
2024-06-09 06:00:01;2024-06-10 06:00:00;2024-06-09;3.4;G
2024-06-10 06:00:01;2024-06-11 06:00:00;2024-06-10;6.6;G
2024-06-11 06:00:01;2024-06-12 06:00:00;2024-06-11;1.6;G
2024-06-12 06:00:01;2024-06-13 06:00:00;2024-06-12;0.9;G
2024-06-13 06:00:01;2024-06-14 06:00:00;2024-06-13;2.0;G
2024-06-14 06:00:01;2024-06-15 06:00:00;2024-06-14;0.2;G
2024-06-15 06:00:01;2024-06-16 06:00:00;2024-06-15;0.6;G
2024-06-16 06:00:01;2024-06-17 06:00:00;2024-06-16;0.1;G
2024-06-17 06:00:01;2024-06-18 06:00:00;2024-06-17;0.0;G
2024-06-18 06:00:01;2024-06-19 06:00:00;2024-06-18;1.1;G
2024-06-19 06:00:01;2024-06-20 06:00:00;2024-06-19;1.3;G
2024-06-20 06:00:01;2024-06-21 06:00:00;2024-06-20;0.0;G
2024-06-21 06:00:01;2024-06-22 06:00:00;2024-06-21;0.0;G
2024-06-22 06:00:01;2024-06-23 06:00:00;2024-06-22;0.0;G
2024-06-23 06:00:01;2024-06-24 06:00:00;2024-06-23;0.0;G
2024-06-24 06:00:01;2024-06-25 06:00:00;2024-06-24;0.0;G
2024-06-25 06:00:01;2024-06-26 06:00:00;2024-06-25;0.0;G
2024-06-26 06:00:01;2024-06-27 06:00:00;2024-06-26;0.0;G
2024-06-27 06:00:01;2024-06-28 06:00:00;2024-06-27;0.0;G
2024-06-28 06:00:01;2024-06-29 06:00:00;2024-06-28;29.0;G
2024-06-29 06:00:01;2024-06-30 06:00:00;2024-06-29;0.0;G
2024-06-30 06:00:01;2024-07-01 06:00:00;2024-06-30;21.9;G
2024-07-01 06:00:01;2024-07-02 06:00:00;2024-07-01;0.0;G
2024-07-02 06:00:01;2024-07-03 06:00:00;2024-07-02;0.0;G
2024-07-03 06:00:01;2024-07-04 06:00:00;2024-07-03;8.4;G
2024-07-04 06:00:01;2024-07-05 06:00:00;2024-07-04;4.7;G
2024-07-05 06:00:01;2024-07-06 06:00:00;2024-07-05;6.6;G
2024-07-06 06:00:01;2024-07-07 06:00:00;2024-07-06;24.6;G
2024-07-07 06:00:01;2024-07-08 06:00:00;2024-07-07;0.0;G
2024-07-08 06:00:01;2024-07-09 06:00:00;2024-07-08;0.0;G
2024-07-09 06:00:01;2024-07-10 06:00:00;2024-07-09;0.0;G
2024-07-10 06:00:01;2024-07-11 06:00:00;2024-07-10;1.2;G
2024-07-11 06:00:01;2024-07-12 06:00:00;2024-07-11;0.6;G
2024-07-12 06:00:01;2024-07-13 06:00:00;2024-07-12;0.0;G
2024-07-13 06:00:01;2024-07-14 06:00:00;2024-07-13;5.4;G
2024-07-14 06:00:01;2024-07-15 06:00:00;2024-07-14;1.1;G
2024-07-15 06:00:01;2024-07-16 06:00:00;2024-07-15;0.0;G
2024-07-16 06:00:01;2024-07-17 06:00:00;2024-07-16;5.6;G
2024-07-17 06:00:01;2024-07-18 06:00:00;2024-07-17;1.5;G
2024-07-18 06:00:01;2024-07-19 06:00:00;2024-07-18;0.7;G
2024-07-19 06:00:01;2024-07-20 06:00:00;2024-07-19;0.0;G
2024-07-20 06:00:01;2024-07-21 06:00:00;2024-07-20;0.0;G
2024-07-21 06:00:01;2024-07-22 06:00:00;2024-07-21;0.0;G
2024-07-22 06:00:01;2024-07-23 06:00:00;2024-07-22;0.6;G
2024-07-23 06:00:01;2024-07-24 06:00:00;2024-07-23;0.1;G
2024-07-24 06:00:01;2024-07-25 06:00:00;2024-07-24;0.2;G
2024-07-25 06:00:01;2024-07-26 06:00:00;2024-07-25;0.6;G
2024-07-26 06:00:01;2024-07-27 06:00:00;2024-07-26;0.8;G
2024-07-27 06:00:01;2024-07-28 06:00:00;2024-07-27;5.6;G
2024-07-28 06:00:01;2024-07-29 06:00:00;2024-07-28;0.7;G
2024-07-29 06:00:01;2024-07-30 06:00:00;2024-07-29;0.0;G
2024-07-30 06:00:01;2024-07-31 06:00:00;2024-07-30;0.0;G
2024-07-31 06:00:01;2024-08-01 06:00:00;2024-07-31;6.2;G
2024-08-01 06:00:01;2024-08-02 06:00:00;2024-08-01;0.0;G
2024-08-02 06:00:01;2024-08-03 06:00:00;2024-08-02;0.0;G
2024-08-03 06:00:01;2024-08-04 06:00:00;2024-08-03;0.8;G
2024-08-04 06:00:01;2024-08-05 06:00:00;2024-08-04;19.1;G
2024-08-05 06:00:01;2024-08-06 06:00:00;2024-08-05;0.0;G
2024-08-06 06:00:01;2024-08-07 06:00:00;2024-08-06;0.0;G
2024-08-07 06:00:01;2024-08-08 06:00:00;2024-08-07;0.0;G
2024-08-08 06:00:01;2024-08-09 06:00:00;2024-08-08;0.1;G
2024-08-09 06:00:01;2024-08-10 06:00:00;2024-08-09;6.9;G
2024-08-10 06:00:01;2024-08-11 06:00:00;2024-08-10;0.1;G
2024-08-11 06:00:01;2024-08-12 06:00:00;2024-08-11;0.3;G
2024-08-12 06:00:01;2024-08-13 06:00:00;2024-08-12;0.0;G
2024-08-13 06:00:01;2024-08-14 06:00:00;2024-08-13;0.0;G
2024-08-14 06:00:01;2024-08-15 06:00:00;2024-08-14;0.0;G
2024-08-15 06:00:01;2024-08-16 06:00:00;2024-08-15;0.0;G
2024-08-16 06:00:01;2024-08-17 06:00:00;2024-08-16;0.0;G
2024-08-17 06:00:01;2024-08-18 06:00:00;2024-08-17;0.0;G
2024-08-18 06:00:01;2024-08-19 06:00:00;2024-08-18;0.0;G
2024-08-19 06:00:01;2024-08-20 06:00:00;2024-08-19;0.0;G
2024-08-20 06:00:01;2024-08-21 06:00:00;2024-08-20;0.0;G
2024-08-21 06:00:01;2024-08-22 06:00:00;2024-08-21;1.7;G
2024-08-22 06:00:01;2024-08-23 06:00:00;2024-08-22;0.5;G
2024-08-23 06:00:01;2024-08-24 06:00:00;2024-08-23;1.4;G
2024-08-24 06:00:01;2024-08-25 06:00:00;2024-08-24;0.0;G
2024-08-25 06:00:01;2024-08-26 06:00:00;2024-08-25;1.8;G
2024-08-26 06:00:01;2024-08-27 06:00:00;2024-08-26;0.0;G
2024-08-27 06:00:01;2024-08-28 06:00:00;2024-08-27;0.0;G
2024-08-28 06:00:01;2024-08-29 06:00:00;2024-08-28;0.0;G
2024-08-29 06:00:01;2024-08-30 06:00:00;2024-08-29;0.0;G
2024-08-30 06:00:01;2024-08-31 06:00:00;2024-08-30;2.3;G
2024-08-31 06:00:01;2024-09-01 06:00:00;2024-08-31;0.4;G
2024-09-01 06:00:01;2024-09-02 06:00:00;2024-09-01;8.3;G
2024-09-02 06:00:01;2024-09-03 06:00:00;2024-09-02;3.0;G
2024-09-03 06:00:01;2024-09-04 06:00:00;2024-09-03;0.0;G
2024-09-04 06:00:01;2024-09-05 06:00:00;2024-09-04;0.1;G
2024-09-05 06:00:01;2024-09-06 06:00:00;2024-09-05;0.0;G
2024-09-06 06:00:01;2024-09-07 06:00:00;2024-09-06;0.1;G
2024-09-07 06:00:01;2024-09-08 06:00:00;2024-09-07;0.2;G
2024-09-08 06:00:01;2024-09-09 06:00:00;2024-09-08;0.0;G
2024-09-09 06:00:01;2024-09-10 06:00:00;2024-09-09;10.8;G
2024-09-10 06:00:01;2024-09-11 06:00:00;2024-09-10;0.3;G
2024-09-11 06:00:01;2024-09-12 06:00:00;2024-09-11;19.0;G
2024-09-12 06:00:01;2024-09-13 06:00:00;2024-09-12;0.0;G
2024-09-13 06:00:01;2024-09-14 06:00:00;2024-09-13;0.0;G
2024-09-14 06:00:01;2024-09-15 06:00:00;2024-09-14;0.0;G
2024-09-15 06:00:01;2024-09-16 06:00:00;2024-09-15;0.0;G
2024-09-16 06:00:01;2024-09-17 06:00:00;2024-09-16;0.5;G
2024-09-17 06:00:01;2024-09-18 06:00:00;2024-09-17;0.0;G
2024-09-18 06:00:01;2024-09-19 06:00:00;2024-09-18;0.1;G
2024-09-19 06:00:01;2024-09-20 06:00:00;2024-09-19;0.1;G
2024-09-20 06:00:01;2024-09-21 06:00:00;2024-09-20;0.0;G
2024-09-21 06:00:01;2024-09-22 06:00:00;2024-09-21;0.0;G
2024-09-22 06:00:01;2024-09-23 06:00:00;2024-09-22;0.0;G
2024-09-23 06:00:01;2024-09-24 06:00:00;2024-09-23;0.0;G
2024-09-24 06:00:01;2024-09-25 06:00:00;2024-09-24;2.5;G
2024-09-25 06:00:01;2024-09-26 06:00:00;2024-09-25;2.4;G
2024-09-26 06:00:01;2024-09-27 06:00:00;2024-09-26;8.7;G
2024-09-27 06:00:01;2024-09-28 06:00:00;2024-09-27;14.4;G
2024-09-28 06:00:01;2024-09-29 06:00:00;2024-09-28;0.2;G
2024-09-29 06:00:01;2024-09-30 06:00:00;2024-09-29;0.0;G
2024-09-30 06:00:01;2024-10-01 06:00:00;2024-09-30;0.0;G
2024-10-01 06:00:01;2024-10-02 06:00:00;2024-10-01;0.0;G
2024-10-02 06:00:01;2024-10-03 06:00:00;2024-10-02;0.8;G
2024-10-03 06:00:01;2024-10-04 06:00:00;2024-10-03;0.0;G
2024-10-04 06:00:01;2024-10-05 06:00:00;2024-10-04;0.0;G
2024-10-05 06:00:01;2024-10-06 06:00:00;2024-10-05;0.0;G
2024-10-06 06:00:01;2024-10-07 06:00:00;2024-10-06;0.0;G
2024-10-07 06:00:01;2024-10-08 06:00:00;2024-10-07;0.0;G
2024-10-08 06:00:01;2024-10-09 06:00:00;2024-10-08;11.3;G
2024-10-09 06:00:01;2024-10-10 06:00:00;2024-10-09;19.3;G
2024-10-10 06:00:01;2024-10-11 06:00:00;2024-10-10;22.2;G
2024-10-11 06:00:01;2024-10-12 06:00:00;2024-10-11;0.1;G
2024-10-12 06:00:01;2024-10-13 06:00:00;2024-10-12;0.0;G
2024-10-13 06:00:01;2024-10-14 06:00:00;2024-10-13;1.9;G
2024-10-14 06:00:01;2024-10-15 06:00:00;2024-10-14;0.3;G
2024-10-15 06:00:01;2024-10-16 06:00:00;2024-10-15;0.0;G
2024-10-16 06:00:01;2024-10-17 06:00:00;2024-10-16;0.0;G
2024-10-17 06:00:01;2024-10-18 06:00:00;2024-10-17;0.0;G
2024-10-18 06:00:01;2024-10-19 06:00:00;2024-10-18;0.0;G
2024-10-19 06:00:01;2024-10-20 06:00:00;2024-10-19;0.3;G
2024-10-20 06:00:01;2024-10-21 06:00:00;2024-10-20;0.2;G
2024-10-21 06:00:01;2024-10-22 06:00:00;2024-10-21;0.0;G
2024-10-22 06:00:01;2024-10-23 06:00:00;2024-10-22;0.0;G
2024-10-23 06:00:01;2024-10-24 06:00:00;2024-10-23;0.0;G
2024-10-24 06:00:01;2024-10-25 06:00:00;2024-10-24;0.0;G
2024-10-25 06:00:01;2024-10-26 06:00:00;2024-10-25;0.0;G
2024-10-26 06:00:01;2024-10-27 06:00:00;2024-10-26;0.0;G
2024-10-27 06:00:01;2024-10-28 06:00:00;2024-10-27;5.6;G
2024-10-28 06:00:01;2024-10-29 06:00:00;2024-10-28;0.2;G
2024-10-29 06:00:01;2024-10-30 06:00:00;2024-10-29;0.0;G
2024-10-30 06:00:01;2024-10-31 06:00:00;2024-10-30;0.0;G
2024-10-31 06:00:01;2024-11-01 06:00:00;2024-10-31;0.6;G
2024-11-01 06:00:01;2024-11-02 06:00:00;2024-11-01;4.4;G
2024-11-02 06:00:01;2024-11-03 06:00:00;2024-11-02;0.0;G
2024-11-03 06:00:01;2024-11-04 06:00:00;2024-11-03;0.3;G
2024-11-04 06:00:01;2024-11-05 06:00:00;2024-11-04;0.0;G
2024-11-05 06:00:01;2024-11-06 06:00:00;2024-11-05;0.0;G
2024-11-06 06:00:01;2024-11-07 06:00:00;2024-11-06;0.0;G
2024-11-07 06:00:01;2024-11-08 06:00:00;2024-11-07;0.0;G
2024-11-08 06:00:01;2024-11-09 06:00:00;2024-11-08;0.0;G
2024-11-09 06:00:01;2024-11-10 06:00:00;2024-11-09;0.4;G
2024-11-10 06:00:01;2024-11-11 06:00:00;2024-11-10;2.3;G
2024-11-11 06:00:01;2024-11-12 06:00:00;2024-11-11;0.1;G
2024-11-12 06:00:01;2024-11-13 06:00:00;2024-11-12;0.0;G
2024-11-13 06:00:01;2024-11-14 06:00:00;2024-11-13;0.0;G
2024-11-14 06:00:01;2024-11-15 06:00:00;2024-11-14;0.1;G
2024-11-15 06:00:01;2024-11-16 06:00:00;2024-11-15;0.0;G
2024-11-16 06:00:01;2024-11-17 06:00:00;2024-11-16;2.3;G
2024-11-17 06:00:01;2024-11-18 06:00:00;2024-11-17;0.0;G
2024-11-18 06:00:01;2024-11-19 06:00:00;2024-11-18;0.0;G
2024-11-19 06:00:01;2024-11-20 06:00:00;2024-11-19;0.0;G
2024-11-20 06:00:01;2024-11-21 06:00:00;2024-11-20;9.7;G
2024-11-21 06:00:01;2024-11-22 06:00:00;2024-11-21;4.6;G
2024-11-22 06:00:01;2024-11-23 06:00:00;2024-11-22;0.0;G
2024-11-23 06:00:01;2024-11-24 06:00:00;2024-11-23;0.4;G
2024-11-24 06:00:01;2024-11-25 06:00:00;2024-11-24;5.1;G
2024-11-25 06:00:01;2024-11-26 06:00:00;2024-11-25;3.2;G
2024-11-26 06:00:01;2024-11-27 06:00:00;2024-11-26;2.9;G
2024-11-27 06:00:01;2024-11-28 06:00:00;2024-11-27;1.8;G
2024-11-28 06:00:01;2024-11-29 06:00:00;2024-11-28;0.0;G
2024-11-29 06:00:01;2024-11-30 06:00:00;2024-11-29;0.4;G
2024-11-30 06:00:01;2024-12-01 06:00:00;2024-11-30;0.2;G
2024-12-01 06:00:01;2024-12-02 06:00:00;2024-12-01;0.1;G
2024-12-02 06:00:01;2024-12-03 06:00:00;2024-12-02;16.8;Y
2024-12-03 06:00:01;2024-12-04 06:00:00;2024-12-03;0.0;G
2024-12-04 06:00:01;2024-12-05 06:00:00;2024-12-04;0.0;G
2024-12-05 06:00:01;2024-12-06 06:00:00;2024-12-05;0.3;G
2024-12-06 06:00:01;2024-12-07 06:00:00;2024-12-06;0.0;G
2024-12-07 06:00:01;2024-12-08 06:00:00;2024-12-07;0.0;G
2024-12-08 06:00:01;2024-12-09 06:00:00;2024-12-08;0.0;G
2024-12-09 06:00:01;2024-12-10 06:00:00;2024-12-09;0.0;G
2024-12-10 06:00:01;2024-12-11 06:00:00;2024-12-10;0.0;G
2024-12-11 06:00:01;2024-12-12 06:00:00;2024-12-11;0.0;G
2024-12-12 06:00:01;2024-12-13 06:00:00;2024-12-12;0.0;G
2024-12-13 06:00:01;2024-12-14 06:00:00;2024-12-13;0.0;G
2024-12-14 06:00:01;2024-12-15 06:00:00;2024-12-14;4.2;G
2024-12-15 06:00:01;2024-12-16 06:00:00;2024-12-15;2.2;G
2024-12-16 06:00:01;2024-12-17 06:00:00;2024-12-16;0.0;G
2024-12-17 06:00:01;2024-12-18 06:00:00;2024-12-17;0.0;G
2024-12-18 06:00:01;2024-12-19 06:00:00;2024-12-18;6.2;G
2024-12-19 06:00:01;2024-12-20 06:00:00;2024-12-19;0.3;G
2024-12-20 06:00:01;2024-12-21 06:00:00;2024-12-20;2.0;G
2024-12-21 06:00:01;2024-12-22 06:00:00;2024-12-21;9.6;G
2024-12-22 06:00:01;2024-12-23 06:00:00;2024-12-22;0.0;G
2024-12-23 06:00:01;2024-12-24 06:00:00;2024-12-23;1.4;G
2024-12-24 06:00:01;2024-12-25 06:00:00;2024-12-24;0.5;G
2024-12-25 06:00:01;2024-12-26 06:00:00;2024-12-25;0.1;G
2024-12-26 06:00:01;2024-12-27 06:00:00;2024-12-26;0.0;G
2024-12-27 06:00:01;2024-12-28 06:00:00;2024-12-27;0.3;G
2024-12-28 06:00:01;2024-12-29 06:00:00;2024-12-28;0.3;G
2024-12-29 06:00:01;2024-12-30 06:00:00;2024-12-29;3.2;G
2024-12-30 06:00:01;2024-12-31 06:00:00;2024-12-30;0.0;G
2024-12-31 06:00:01;2025-01-01 06:00:00;2024-12-31;8.0;G
2025-01-01 06:00:01;2025-01-02 06:00:00;2025-01-01;3.5;G
2025-01-02 06:00:01;2025-01-03 06:00:00;2025-01-02;0.0;G
2025-01-03 06:00:01;2025-01-04 06:00:00;2025-01-03;0.0;G
2025-01-04 06:00:01;2025-01-05 06:00:00;2025-01-04;0.0;G
2025-01-05 06:00:01;2025-01-06 06:00:00;2025-01-05;0.0;G
2025-01-06 06:00:01;2025-01-07 06:00:00;2025-01-06;11.6;G
2025-01-07 06:00:01;2025-01-08 06:00:00;2025-01-07;0.0;G
2025-01-08 06:00:01;2025-01-09 06:00:00;2025-01-08;2.4;G
2025-01-09 06:00:01;2025-01-10 06:00:00;2025-01-09;0.6;G
2025-01-10 06:00:01;2025-01-11 06:00:00;2025-01-10;2.2;G
2025-01-11 06:00:01;2025-01-12 06:00:00;2025-01-11;0.0;G
2025-01-12 06:00:01;2025-01-13 06:00:00;2025-01-12;0.0;G
2025-01-13 06:00:01;2025-01-14 06:00:00;2025-01-13;0.0;G
2025-01-14 06:00:01;2025-01-15 06:00:00;2025-01-14;0.1;G
2025-01-15 06:00:01;2025-01-16 06:00:00;2025-01-15;0.0;G
2025-01-16 06:00:01;2025-01-17 06:00:00;2025-01-16;0.0;G
2025-01-17 06:00:01;2025-01-18 06:00:00;2025-01-17;0.0;G
2025-01-18 06:00:01;2025-01-19 06:00:00;2025-01-18;0.0;G
2025-01-19 06:00:01;2025-01-20 06:00:00;2025-01-19;0.0;G
2025-01-20 06:00:01;2025-01-21 06:00:00;2025-01-20;2.0;G
2025-01-21 06:00:01;2025-01-22 06:00:00;2025-01-21;1.9;G
2025-01-22 06:00:01;2025-01-23 06:00:00;2025-01-22;1.5;G
2025-01-23 06:00:01;2025-01-24 06:00:00;2025-01-23;7.0;G
2025-01-24 06:00:01;2025-01-25 06:00:00;2025-01-24;4.1;G
2025-01-25 06:00:01;2025-01-26 06:00:00;2025-01-25;0.0;G
2025-01-26 06:00:01;2025-01-27 06:00:00;2025-01-26;0.0;G
2025-01-27 06:00:01;2025-01-28 06:00:00;2025-01-27;4.6;G
2025-01-28 06:00:01;2025-01-29 06:00:00;2025-01-28;1.8;G
2025-01-29 06:00:01;2025-01-30 06:00:00;2025-01-29;8.4;G
2025-01-30 06:00:01;2025-01-31 06:00:00;2025-01-30;0.0;G
2025-01-31 06:00:01;2025-02-01 06:00:00;2025-01-31;0.0;G
2025-02-01 06:00:01;2025-02-02 06:00:00;2025-02-01;0.0;G
2025-02-02 06:00:01;2025-02-03 06:00:00;2025-02-02;0.1;G
2025-02-03 06:00:01;2025-02-04 06:00:00;2025-02-03;1.7;G
2025-02-04 06:00:01;2025-02-05 06:00:00;2025-02-04;1.3;G
2025-02-05 06:00:01;2025-02-06 06:00:00;2025-02-05;0.2;G
2025-02-06 06:00:01;2025-02-07 06:00:00;2025-02-06;0.0;G
2025-02-07 06:00:01;2025-02-08 06:00:00;2025-02-07;0.0;G
2025-02-08 06:00:01;2025-02-09 06:00:00;2025-02-08;0.0;G
2025-02-09 06:00:01;2025-02-10 06:00:00;2025-02-09;0.0;G
2025-02-10 06:00:01;2025-02-11 06:00:00;2025-02-10;0.0;G
2025-02-11 06:00:01;2025-02-12 06:00:00;2025-02-11;0.1;G
2025-02-12 06:00:01;2025-02-13 06:00:00;2025-02-12;0.0;G
2025-02-13 06:00:01;2025-02-14 06:00:00;2025-02-13;0.0;G
2025-02-14 06:00:01;2025-02-15 06:00:00;2025-02-14;0.1;G
2025-02-15 06:00:01;2025-02-16 06:00:00;2025-02-15;3.8;G
2025-02-16 06:00:01;2025-02-17 06:00:00;2025-02-16;2.6;G
2025-02-17 06:00:01;2025-02-18 06:00:00;2025-02-17;0.4;G
2025-02-18 06:00:01;2025-02-19 06:00:00;2025-02-18;0.1;G
2025-02-19 06:00:01;2025-02-20 06:00:00;2025-02-19;0.0;G
2025-02-20 06:00:01;2025-02-21 06:00:00;2025-02-20;0.2;G
2025-02-21 06:00:01;2025-02-22 06:00:00;2025-02-21;0.1;G
2025-02-22 06:00:01;2025-02-23 06:00:00;2025-02-22;0.0;G
2025-02-23 06:00:01;2025-02-24 06:00:00;2025-02-23;0.2;G
2025-02-24 06:00:01;2025-02-25 06:00:00;2025-02-24;1.1;G
2025-02-25 06:00:01;2025-02-26 06:00:00;2025-02-25;0.0;G
2025-02-26 06:00:01;2025-02-27 06:00:00;2025-02-26;0.0;G
2025-02-27 06:00:01;2025-02-28 06:00:00;2025-02-27;0.0;G
2025-02-28 06:00:01;2025-03-01 06:00:00;2025-02-28;0.0;G
2025-03-01 06:00:01;2025-03-02 06:00:00;2025-03-01;0.0;G
2025-03-02 06:00:01;2025-03-03 06:00:00;2025-03-02;0.0;G
2025-03-03 06:00:01;2025-03-04 06:00:00;2025-03-03;0.0;G
2025-03-04 06:00:01;2025-03-05 06:00:00;2025-03-04;0.1;G
2025-03-05 06:00:01;2025-03-06 06:00:00;2025-03-05;0.0;G
2025-03-06 06:00:01;2025-03-07 06:00:00;2025-03-06;0.0;G
2025-03-07 06:00:01;2025-03-08 06:00:00;2025-03-07;0.0;G
2025-03-08 06:00:01;2025-03-09 06:00:00;2025-03-08;0.0;G
2025-03-09 06:00:01;2025-03-10 06:00:00;2025-03-09;0.0;G
2025-03-10 06:00:01;2025-03-11 06:00:00;2025-03-10;0.5;G
2025-03-11 06:00:01;2025-03-12 06:00:00;2025-03-11;0.0;G
2025-03-12 06:00:01;2025-03-13 06:00:00;2025-03-12;0.0;G
2025-03-13 06:00:01;2025-03-14 06:00:00;2025-03-13;0.0;G
2025-03-14 06:00:01;2025-03-15 06:00:00;2025-03-14;0.0;G
2025-03-15 06:00:01;2025-03-16 06:00:00;2025-03-15;0.0;G
2025-03-16 06:00:01;2025-03-17 06:00:00;2025-03-16;0.2;G
2025-03-17 06:00:01;2025-03-18 06:00:00;2025-03-17;0.1;G
2025-03-18 06:00:01;2025-03-19 06:00:00;2025-03-18;0.0;G
2025-03-19 06:00:01;2025-03-20 06:00:00;2025-03-19;0.0;G
2025-03-20 06:00:01;2025-03-21 06:00:00;2025-03-20;0.0;G
2025-03-21 06:00:01;2025-03-22 06:00:00;2025-03-21;0.0;G
2025-03-22 06:00:01;2025-03-23 06:00:00;2025-03-22;0.0;G
2025-03-23 06:00:01;2025-03-24 06:00:00;2025-03-23;0.0;G
2025-03-24 06:00:01;2025-03-25 06:00:00;2025-03-24;0.0;G
2025-03-25 06:00:01;2025-03-26 06:00:00;2025-03-25;0.3;G
2025-03-26 06:00:01;2025-03-27 06:00:00;2025-03-26;0.0;G
2025-03-27 06:00:01;2025-03-28 06:00:00;2025-03-27;0.0;G
2025-03-28 06:00:01;2025-03-29 06:00:00;2025-03-28;0.0;G
2025-03-29 06:00:01;2025-03-30 06:00:00;2025-03-29;0.0;G
2025-03-30 06:00:01;2025-03-31 06:00:00;2025-03-30;0.0;G
2025-03-31 06:00:01;2025-04-01 06:00:00;2025-03-31;0.0;G
2025-04-01 06:00:01;2025-04-02 06:00:00;2025-04-01;0.0;G
2025-04-02 06:00:01;2025-04-03 06:00:00;2025-04-02;0.0;G
2025-04-03 06:00:01;2025-04-04 06:00:00;2025-04-03;0.0;G
2025-04-04 06:00:01;2025-04-05 06:00:00;2025-04-04;0.1;G
2025-04-05 06:00:01;2025-04-06 06:00:00;2025-04-05;0.0;G
2025-04-06 06:00:01;2025-04-07 06:00:00;2025-04-06;0.0;G
2025-04-07 06:00:01;2025-04-08 06:00:00;2025-04-07;0.0;G
2025-04-08 06:00:01;2025-04-09 06:00:00;2025-04-08;0.0;G
2025-04-09 06:00:01;2025-04-10 06:00:00;2025-04-09;0.0;G
2025-04-10 06:00:01;2025-04-11 06:00:00;2025-04-10;0.1;G
2025-04-11 06:00:01;2025-04-12 06:00:00;2025-04-11;0.0;G
2025-04-12 06:00:01;2025-04-13 06:00:00;2025-04-12;0.0;G
2025-04-13 06:00:01;2025-04-14 06:00:00;2025-04-13;0.2;G
2025-04-14 06:00:01;2025-04-15 06:00:00;2025-04-14;0.1;G
2025-04-15 06:00:01;2025-04-16 06:00:00;2025-04-15;0.0;G
2025-04-16 06:00:01;2025-04-17 06:00:00;2025-04-16;0.0;G
2025-04-17 06:00:01;2025-04-18 06:00:00;2025-04-17;0.0;G
2025-04-18 06:00:01;2025-04-19 06:00:00;2025-04-18;3.5;G
2025-04-19 06:00:01;2025-04-20 06:00:00;2025-04-19;7.1;G
2025-04-20 06:00:01;2025-04-21 06:00:00;2025-04-20;5.1;G
2025-04-21 06:00:01;2025-04-22 06:00:00;2025-04-21;1.1;G
2025-04-22 06:00:01;2025-04-23 06:00:00;2025-04-22;0.7;G
2025-04-23 06:00:01;2025-04-24 06:00:00;2025-04-23;0.3;G
2025-04-24 06:00:01;2025-04-25 06:00:00;2025-04-24;0.8;G
2025-04-25 06:00:01;2025-04-26 06:00:00;2025-04-25;0.0;G
2025-04-26 06:00:01;2025-04-27 06:00:00;2025-04-26;0.0;G
2025-04-27 06:00:01;2025-04-28 06:00:00;2025-04-27;0.0;G
2025-04-28 06:00:01;2025-04-29 06:00:00;2025-04-28;5.2;G
2025-04-29 06:00:01;2025-04-30 06:00:00;2025-04-29;0.0;G
2025-04-30 06:00:01;2025-05-01 06:00:00;2025-04-30;0.1;G
2025-05-01 06:00:01;2025-05-02 06:00:00;2025-05-01;0.1;G
2025-05-02 06:00:01;2025-05-03 06:00:00;2025-05-02;3.8;G
2025-05-03 06:00:01;2025-05-04 06:00:00;2025-05-03;0.0;G
2025-05-04 06:00:01;2025-05-05 06:00:00;2025-05-04;0.0;G
2025-05-05 06:00:01;2025-05-06 06:00:00;2025-05-05;0.0;G
2025-05-06 06:00:01;2025-05-07 06:00:00;2025-05-06;0.0;G
2025-05-07 06:00:01;2025-05-08 06:00:00;2025-05-07;0.0;G
2025-05-08 06:00:01;2025-05-09 06:00:00;2025-05-08;2.0;G
2025-05-09 06:00:01;2025-05-10 06:00:00;2025-05-09;0.1;G
2025-05-10 06:00:01;2025-05-11 06:00:00;2025-05-10;0.0;G
2025-05-11 06:00:01;2025-05-12 06:00:00;2025-05-11;0.0;G
2025-05-12 06:00:01;2025-05-13 06:00:00;2025-05-12;0.0;G
2025-05-13 06:00:01;2025-05-14 06:00:00;2025-05-13;0.6;G
2025-05-14 06:00:01;2025-05-15 06:00:00;2025-05-14;4.6;G
2025-05-15 06:00:01;2025-05-16 06:00:00;2025-05-15;0.0;G
2025-05-16 06:00:01;2025-05-17 06:00:00;2025-05-16;0.0;G
2025-05-17 06:00:01;2025-05-18 06:00:00;2025-05-17;0.5;G
2025-05-18 06:00:01;2025-05-19 06:00:00;2025-05-18;0.0;G
2025-05-19 06:00:01;2025-05-20 06:00:00;2025-05-19;0.0;G
2025-05-20 06:00:01;2025-05-21 06:00:00;2025-05-20;1.1;G
2025-05-21 06:00:01;2025-05-22 06:00:00;2025-05-21;15.0;G
2025-05-22 06:00:01;2025-05-23 06:00:00;2025-05-22;0.2;G
2025-05-23 06:00:01;2025-05-24 06:00:00;2025-05-23;0.0;G
2025-05-24 06:00:01;2025-05-25 06:00:00;2025-05-24;0.0;G
2025-05-25 06:00:01;2025-05-26 06:00:00;2025-05-25;1.5;G
2025-05-26 06:00:01;2025-05-27 06:00:00;2025-05-26;0.7;G
2025-05-27 06:00:01;2025-05-28 06:00:00;2025-05-27;0.1;G
2025-05-28 06:00:01;2025-05-29 06:00:00;2025-05-28;0.0;G
2025-05-29 06:00:01;2025-05-30 06:00:00;2025-05-29;0.0;G
2025-05-30 06:00:01;2025-05-31 06:00:00;2025-05-30;0.7;G
2025-05-31 06:00:01;2025-06-01 06:00:00;2025-05-31;0.0;G
2025-06-01 06:00:01;2025-06-02 06:00:00;2025-06-01;1.8;G
2025-06-02 06:00:01;2025-06-03 06:00:00;2025-06-02;0.0;G
2025-06-03 06:00:01;2025-06-04 06:00:00;2025-06-03;0.0;G
2025-06-04 06:00:01;2025-06-05 06:00:00;2025-06-04;3.7;G
2025-06-05 06:00:01;2025-06-06 06:00:00;2025-06-05;0.0;G
2025-06-06 06:00:01;2025-06-07 06:00:00;2025-06-06;2.5;G
2025-06-07 06:00:01;2025-06-08 06:00:00;2025-06-07;0.1;G
2025-06-08 06:00:01;2025-06-09 06:00:00;2025-06-08;0.0;G
2025-06-09 06:00:01;2025-06-10 06:00:00;2025-06-09;3.4;G
2025-06-10 06:00:01;2025-06-11 06:00:00;2025-06-10;0.0;G
2025-06-11 06:00:01;2025-06-12 06:00:00;2025-06-11;11.3;G
2025-06-12 06:00:01;2025-06-13 06:00:00;2025-06-12;0.0;G
2025-06-13 06:00:01;2025-06-14 06:00:00;2025-06-13;0.0;G
2025-06-14 06:00:01;2025-06-15 06:00:00;2025-06-14;0.0;G
2025-06-15 06:00:01;2025-06-16 06:00:00;2025-06-15;0.3;G
2025-06-16 06:00:01;2025-06-17 06:00:00;2025-06-16;1.0;G
2025-06-17 06:00:01;2025-06-18 06:00:00;2025-06-17;0.0;G
2025-06-18 06:00:01;2025-06-19 06:00:00;2025-06-18;1.0;G
2025-06-19 06:00:01;2025-06-20 06:00:00;2025-06-19;0.0;G
2025-06-20 06:00:01;2025-06-21 06:00:00;2025-06-20;0.0;G
2025-06-21 06:00:01;2025-06-22 06:00:00;2025-06-21;0.0;G
2025-06-22 06:00:01;2025-06-23 06:00:00;2025-06-22;3.6;G
2025-06-23 06:00:01;2025-06-24 06:00:00;2025-06-23;9.6;G
2025-06-24 06:00:01;2025-06-25 06:00:00;2025-06-24;1.6;G
2025-06-25 06:00:01;2025-06-26 06:00:00;2025-06-25;0.8;G
2025-06-26 06:00:01;2025-06-27 06:00:00;2025-06-26;0.0;G
2025-06-27 06:00:01;2025-06-28 06:00:00;2025-06-27;2.7;G
2025-06-28 06:00:01;2025-06-29 06:00:00;2025-06-28;0.0;G
2025-06-29 06:00:01;2025-06-30 06:00:00;2025-06-29;4.3;G
2025-06-30 06:00:01;2025-07-01 06:00:00;2025-06-30;0.0;G
2025-07-01 06:00:01;2025-07-02 06:00:00;2025-07-01;0.0;G
2025-07-02 06:00:01;2025-07-03 06:00:00;2025-07-02;6.7;G
2025-07-03 06:00:01;2025-07-04 06:00:00;2025-07-03;12.6;G
2025-07-04 06:00:01;2025-07-05 06:00:00;2025-07-04;0.1;G
2025-07-05 06:00:01;2025-07-06 06:00:00;2025-07-05;9.6;G
2025-07-06 06:00:01;2025-07-07 06:00:00;2025-07-06;0.4;G
2025-07-07 06:00:01;2025-07-08 06:00:00;2025-07-07;3.4;G
2025-07-08 06:00:01;2025-07-09 06:00:00;2025-07-08;0.0;G
2025-07-09 06:00:01;2025-07-10 06:00:00;2025-07-09;0.0;G
2025-07-10 06:00:01;2025-07-11 06:00:00;2025-07-10;0.0;G
2025-07-11 06:00:01;2025-07-12 06:00:00;2025-07-11;0.0;G
2025-07-12 06:00:01;2025-07-13 06:00:00;2025-07-12;0.0;G
2025-07-13 06:00:01;2025-07-14 06:00:00;2025-07-13;1.2;G
2025-07-14 06:00:01;2025-07-15 06:00:00;2025-07-14;3.9;G
2025-07-15 06:00:01;2025-07-16 06:00:00;2025-07-15;3.0;G
2025-07-16 06:00:01;2025-07-17 06:00:00;2025-07-16;0.4;G
2025-07-17 06:00:01;2025-07-18 06:00:00;2025-07-17;0.0;G
2025-07-18 06:00:01;2025-07-19 06:00:00;2025-07-18;0.0;G
2025-07-19 06:00:01;2025-07-20 06:00:00;2025-07-19;0.0;G
2025-07-20 06:00:01;2025-07-21 06:00:00;2025-07-20;0.0;G
2025-07-21 06:00:01;2025-07-22 06:00:00;2025-07-21;0.0;G
2025-07-22 06:00:01;2025-07-23 06:00:00;2025-07-22;0.7;G
2025-07-23 06:00:01;2025-07-24 06:00:00;2025-07-23;0.0;G
2025-07-24 06:00:01;2025-07-25 06:00:00;2025-07-24;6.5;G
2025-07-25 06:00:01;2025-07-26 06:00:00;2025-07-25;0.0;G
2025-07-26 06:00:01;2025-07-27 06:00:00;2025-07-26;0.0;G
2025-07-27 06:00:01;2025-07-28 06:00:00;2025-07-27;0.0;G
2025-07-28 06:00:01;2025-07-29 06:00:00;2025-07-28;28.1;Y
2025-07-29 06:00:01;2025-07-30 06:00:00;2025-07-29;0.6;G
2025-07-30 06:00:01;2025-07-31 06:00:00;2025-07-30;8.0;G
2025-07-31 06:00:01;2025-08-01 06:00:00;2025-07-31;0.0;G
2025-08-01 06:00:01;2025-08-02 06:00:00;2025-08-01;8.5;G
2025-08-02 06:00:01;2025-08-03 06:00:00;2025-08-02;0.1;G
2025-08-03 06:00:01;2025-08-04 06:00:00;2025-08-03;2.6;G
2025-08-04 06:00:01;2025-08-05 06:00:00;2025-08-04;4.1;G
2025-08-05 06:00:01;2025-08-06 06:00:00;2025-08-05;0.0;G
2025-08-06 06:00:01;2025-08-07 06:00:00;2025-08-06;0.0;G
2025-08-07 06:00:01;2025-08-08 06:00:00;2025-08-07;0.0;G
2025-08-08 06:00:01;2025-08-09 06:00:00;2025-08-08;0.0;G
2025-08-09 06:00:01;2025-08-10 06:00:00;2025-08-09;0.0;G
2025-08-10 06:00:01;2025-08-11 06:00:00;2025-08-10;0.0;G
2025-08-11 06:00:01;2025-08-12 06:00:00;2025-08-11;0.0;G
2025-08-12 06:00:01;2025-08-13 06:00:00;2025-08-12;0.0;G
2025-08-13 06:00:01;2025-08-14 06:00:00;2025-08-13;0.0;G
2025-08-14 06:00:01;2025-08-15 06:00:00;2025-08-14;0.0;G
2025-08-15 06:00:01;2025-08-16 06:00:00;2025-08-15;5.1;G
2025-08-16 06:00:01;2025-08-17 06:00:00;2025-08-16;0.1;G
2025-08-17 06:00:01;2025-08-18 06:00:00;2025-08-17;0.0;G
2025-08-18 06:00:01;2025-08-19 06:00:00;2025-08-18;0.0;G
2025-08-19 06:00:01;2025-08-20 06:00:00;2025-08-19;0.0;G
2025-08-20 06:00:01;2025-08-21 06:00:00;2025-08-20;0.0;G
2025-08-21 06:00:01;2025-08-22 06:00:00;2025-08-21;0.2;G
2025-08-22 06:00:01;2025-08-23 06:00:00;2025-08-22;10.7;G
2025-08-23 06:00:01;2025-08-24 06:00:00;2025-08-23;0.1;G
2025-08-24 06:00:01;2025-08-25 06:00:00;2025-08-24;3.9;G
2025-08-25 06:00:01;2025-08-26 06:00:00;2025-08-25;0.1;G
2025-08-26 06:00:01;2025-08-27 06:00:00;2025-08-26;0.0;G
2025-08-27 06:00:01;2025-08-28 06:00:00;2025-08-27;0.0;G
2025-08-28 06:00:01;2025-08-29 06:00:00;2025-08-28;0.9;G
2025-08-29 06:00:01;2025-08-30 06:00:00;2025-08-29;2.7;G
2025-08-30 06:00:01;2025-08-31 06:00:00;2025-08-30;0.0;G
2025-08-31 06:00:01;2025-09-01 06:00:00;2025-08-31;0.0;G
2025-09-01 06:00:01;2025-09-02 06:00:00;2025-09-01;0.0;G
2025-09-02 06:00:01;2025-09-03 06:00:00;2025-09-02;13.2;G
2025-09-03 06:00:01;2025-09-04 06:00:00;2025-09-03;0.0;G
2025-09-04 06:00:01;2025-09-05 06:00:00;2025-09-04;0.8;G
2025-09-05 06:00:01;2025-09-06 06:00:00;2025-09-05;0.0;G
2025-09-06 06:00:01;2025-09-07 06:00:00;2025-09-06;0.3;G
2025-09-07 06:00:01;2025-09-08 06:00:00;2025-09-07;0.0;G
2025-09-08 06:00:01;2025-09-09 06:00:00;2025-09-08;0.1;G
2025-09-09 06:00:01;2025-09-10 06:00:00;2025-09-09;0.0;G
2025-09-10 06:00:01;2025-09-11 06:00:00;2025-09-10;3.6;G
2025-09-11 06:00:01;2025-09-12 06:00:00;2025-09-11;15.4;G
2025-09-12 06:00:01;2025-09-13 06:00:00;2025-09-12;8.4;G
2025-09-13 06:00:01;2025-09-14 06:00:00;2025-09-13;0.1;G
2025-09-14 06:00:01;2025-09-15 06:00:00;2025-09-14;5.1;G
2025-09-15 06:00:01;2025-09-16 06:00:00;2025-09-15;2.1;G
2025-09-16 06:00:01;2025-09-17 06:00:00;2025-09-16;2.4;G
2025-09-17 06:00:01;2025-09-18 06:00:00;2025-09-17;0.3;G
2025-09-18 06:00:01;2025-09-19 06:00:00;2025-09-18;1.6;G
2025-09-19 06:00:01;2025-09-20 06:00:00;2025-09-19;0.2;G
2025-09-20 06:00:01;2025-09-21 06:00:00;2025-09-20;2.7;G
2025-09-21 06:00:01;2025-09-22 06:00:00;2025-09-21;2.6;G
2025-09-22 06:00:01;2025-09-23 06:00:00;2025-09-22;0.0;G
2025-09-23 06:00:01;2025-09-24 06:00:00;2025-09-23;0.0;G
2025-09-24 06:00:01;2025-09-25 06:00:00;2025-09-24;0.0;G
2025-09-25 06:00:01;2025-09-26 06:00:00;2025-09-25;0.0;G
2025-09-26 06:00:01;2025-09-27 06:00:00;2025-09-26;0.0;G
2025-09-27 06:00:01;2025-09-28 06:00:00;2025-09-27;0.2;G
2025-09-28 06:00:01;2025-09-29 06:00:00;2025-09-28;0.0;G
2025-09-29 06:00:01;2025-09-30 06:00:00;2025-09-29;0.0;G
2025-09-30 06:00:01;2025-10-01 06:00:00;2025-09-30;0.0;G
2025-10-01 06:00:01;2025-10-02 06:00:00;2025-10-01;0.0;G
2025-10-02 06:00:01;2025-10-03 06:00:00;2025-10-02;0.1;G
2025-10-03 06:00:01;2025-10-04 06:00:00;2025-10-03;0.0;G
2025-10-04 06:00:01;2025-10-05 06:00:00;2025-10-04;15.9;G
2025-10-05 06:00:01;2025-10-06 06:00:00;2025-10-05;0.4;G
2025-10-06 06:00:01;2025-10-07 06:00:00;2025-10-06;0.1;G
2025-10-07 06:00:01;2025-10-08 06:00:00;2025-10-07;6.1;G
2025-10-08 06:00:01;2025-10-09 06:00:00;2025-10-08;0.4;G
2025-10-09 06:00:01;2025-10-10 06:00:00;2025-10-09;1.6;G
2025-10-10 06:00:01;2025-10-11 06:00:00;2025-10-10;0.0;G
2025-10-11 06:00:01;2025-10-12 06:00:00;2025-10-11;0.4;G
2025-10-12 06:00:01;2025-10-13 06:00:00;2025-10-12;0.0;G
2025-10-13 06:00:01;2025-10-14 06:00:00;2025-10-13;0.0;G
2025-10-14 06:00:01;2025-10-15 06:00:00;2025-10-14;0.0;G
2025-10-15 06:00:01;2025-10-16 06:00:00;2025-10-15;0.2;G
2025-10-16 06:00:01;2025-10-17 06:00:00;2025-10-16;0.0;G
2025-10-17 06:00:01;2025-10-18 06:00:00;2025-10-17;0.0;G
2025-10-18 06:00:01;2025-10-19 06:00:00;2025-10-18;0.1;G
2025-10-19 06:00:01;2025-10-20 06:00:00;2025-10-19;0.2;G
2025-10-20 06:00:01;2025-10-21 06:00:00;2025-10-20;0.0;G
2025-10-21 06:00:01;2025-10-22 06:00:00;2025-10-21;0.2;G
2025-10-22 06:00:01;2025-10-23 06:00:00;2025-10-22;1.8;G
2025-10-23 06:00:01;2025-10-24 06:00:00;2025-10-23;1.7;G
2025-10-24 06:00:01;2025-10-25 06:00:00;2025-10-24;4.3;G
2025-10-25 06:00:01;2025-10-26 06:00:00;2025-10-25;2.1;G
2025-10-26 06:00:01;2025-10-27 06:00:00;2025-10-26;0.2;G
2025-10-27 06:00:01;2025-10-28 06:00:00;2025-10-27;1.6;G
2025-10-28 06:00:01;2025-10-29 06:00:00;2025-10-28;0.7;G
2025-10-29 06:00:01;2025-10-30 06:00:00;2025-10-29;3.0;G
2025-10-30 06:00:01;2025-10-31 06:00:00;2025-10-30;13.1;G
2025-10-31 06:00:01;2025-11-01 06:00:00;2025-10-31;0.3;G
2025-11-01 06:00:01;2025-11-02 06:00:00;2025-11-01;2.6;G
2025-11-02 06:00:01;2025-11-03 06:00:00;2025-11-02;0.0;G
2025-11-03 06:00:01;2025-11-04 06:00:00;2025-11-03;0.1;G
2025-11-04 06:00:01;2025-11-05 06:00:00;2025-11-04;3.5;G
2025-11-05 06:00:01;2025-11-06 06:00:00;2025-11-05;0.1;G
2025-11-06 06:00:01;2025-11-07 06:00:00;2025-11-06;0.6;G
2025-11-07 06:00:01;2025-11-08 06:00:00;2025-11-07;0.2;G
2025-11-08 06:00:01;2025-11-09 06:00:00;2025-11-08;0.2;G
2025-11-09 06:00:01;2025-11-10 06:00:00;2025-11-09;0.2;G
2025-11-10 06:00:01;2025-11-11 06:00:00;2025-11-10;0.1;G
2025-11-11 06:00:01;2025-11-12 06:00:00;2025-11-11;0.0;G
2025-11-12 06:00:01;2025-11-13 06:00:00;2025-11-12;6.3;G
2025-11-13 06:00:01;2025-11-14 06:00:00;2025-11-13;0.8;G
2025-11-14 06:00:01;2025-11-15 06:00:00;2025-11-14;0.0;G
2025-11-15 06:00:01;2025-11-16 06:00:00;2025-11-15;0.0;G
2025-11-16 06:00:01;2025-11-17 06:00:00;2025-11-16;0.0;G
2025-11-17 06:00:01;2025-11-18 06:00:00;2025-11-17;0.0;G
2025-11-18 06:00:01;2025-11-19 06:00:00;2025-11-18;0.0;G
2025-11-19 06:00:01;2025-11-20 06:00:00;2025-11-19;0.7;G
2025-11-20 06:00:01;2025-11-21 06:00:00;2025-11-20;0.0;G
2025-11-21 06:00:01;2025-11-22 06:00:00;2025-11-21;0.0;G
2025-11-22 06:00:01;2025-11-23 06:00:00;2025-11-22;0.7;G
2025-11-23 06:00:01;2025-11-24 06:00:00;2025-11-23;0.0;G
2025-11-24 06:00:01;2025-11-25 06:00:00;2025-11-24;0.1;G
2025-11-25 06:00:01;2025-11-26 06:00:00;2025-11-25;0.0;G
2025-11-26 06:00:01;2025-11-27 06:00:00;2025-11-26;0.0;G
2025-11-27 06:00:01;2025-11-28 06:00:00;2025-11-27;5.2;G
2025-11-28 06:00:01;2025-11-29 06:00:00;2025-11-28;0.0;G
2025-11-29 06:00:01;2025-11-30 06:00:00;2025-11-29;0.7;G
2025-11-30 06:00:01;2025-12-01 06:00:00;2025-11-30;5.6;G
