service_id,date,exception_type
1,20260404,1
1,20260411,1
1,20260418,1
1,20260425,1
1,20260502,1
1,20260509,1
1,20260516,1
1,20260523,1
1,20260530,1
1,20260613,1
2,20260407,1
2,20260408,1
2,20260409,1
2,20260410,1
2,20260413,1
2,20260414,1
2,20260415,1
2,20260416,1
2,20260417,1
2,20260420,1
2,20260421,1
2,20260422,1
2,20260423,1
2,20260424,1
2,20260427,1
2,20260428,1
2,20260429,1
2,20260430,1
2,20260504,1
2,20260505,1
2,20260506,1
2,20260507,1
2,20260508,1
2,20260511,1
2,20260512,1
2,20260513,1
2,20260515,1
2,20260518,1
2,20260519,1
2,20260520,1
2,20260521,1
2,20260522,1
2,20260525,1
2,20260526,1
2,20260527,1
2,20260528,1
2,20260529,1
2,20260601,1
2,20260602,1
2,20260603,1
2,20260604,1
2,20260605,1
2,20260608,1
2,20260609,1
2,20260610,1
2,20260611,1
2,20260612,1
3,20260405,1
3,20260406,1
3,20260412,1
3,20260419,1
3,20260426,1
3,20260501,1
3,20260503,1
3,20260510,1
3,20260514,1
3,20260517,1
3,20260524,1
3,20260531,1
3,20260606,1
3,20260607,1
3,20260614,1
4,20260620,1
4,20260621,1
4,20260628,1
4,20260705,1
4,20260712,1
4,20260719,1
4,20260726,1
4,20260802,1
4,20260809,1
5,20260619,1
5,20260627,1
5,20260704,1
5,20260711,1
5,20260718,1
5,20260725,1
5,20260801,1
5,20260808,1
5,20260815,1
6,20260615,1
6,20260616,1
6,20260617,1
6,20260618,1
6,20260622,1
6,20260623,1
6,20260624,1
6,20260625,1
6,20260626,1
6,20260629,1
6,20260630,1
6,20260701,1
6,20260702,1
6,20260703,1
6,20260706,1
6,20260707,1
6,20260708,1
6,20260709,1
6,20260710,1
6,20260713,1
6,20260714,1
6,20260715,1
6,20260716,1
6,20260717,1
6,20260720,1
6,20260721,1
6,20260722,1
6,20260723,1
6,20260724,1
6,20260727,1
6,20260728,1
6,20260729,1
6,20260730,1
6,20260731,1
6,20260803,1
6,20260804,1
6,20260805,1
6,20260806,1
6,20260807,1
6,20260810,1
6,20260811,1
6,20260812,1
6,20260813,1
6,20260814,1
7,20260407,1
7,20260408,1
7,20260409,1
7,20260410,1
7,20260413,1
7,20260414,1
7,20260415,1
7,20260416,1
7,20260417,1
7,20260420,1
7,20260421,1
7,20260422,1
7,20260423,1
7,20260424,1
7,20260427,1
7,20260428,1
7,20260429,1
7,20260430,1
7,20260504,1
7,20260505,1
7,20260506,1
7,20260507,1
7,20260508,1
7,20260511,1
7,20260512,1
7,20260513,1
7,20260515,1
7,20260518,1
7,20260519,1
7,20260520,1
7,20260521,1
7,20260522,1
7,20260525,1
7,20260526,1
7,20260527,1
7,20260528,1
7,20260529,1
7,20260601,1
7,20260602,1
7,20260603,1
7,20260604,1
7,20260605,1
7,20260608,1
7,20260609,1
7,20260610,1
7,20260611,1
7,20260612,1
7,20260615,1
7,20260616,1
7,20260617,1
7,20260618,1
7,20260622,1
7,20260623,1
7,20260624,1
7,20260625,1
7,20260626,1
7,20260629,1
7,20260630,1
7,20260701,1
7,20260702,1
7,20260703,1
7,20260706,1
7,20260707,1
7,20260708,1
7,20260709,1
7,20260710,1
7,20260713,1
7,20260714,1
7,20260715,1
7,20260716,1
7,20260717,1
7,20260720,1
7,20260721,1
7,20260722,1
7,20260723,1
7,20260724,1
7,20260727,1
7,20260728,1
7,20260729,1
7,20260730,1
7,20260731,1
7,20260803,1
7,20260804,1
7,20260805,1
7,20260806,1
7,20260807,1
7,20260810,1
7,20260811,1
7,20260812,1
7,20260813,1
7,20260814,1
8,20260406,1
8,20260412,1
8,20260419,1
8,20260426,1
8,20260503,1
8,20260510,1
8,20260514,1
8,20260517,1
8,20260524,1
8,20260531,1
8,20260607,1
8,20260614,1
8,20260621,1
8,20260628,1
8,20260705,1
8,20260712,1
8,20260719,1
8,20260726,1
8,20260802,1
8,20260809,1
9,20260407,1
9,20260408,1
9,20260409,1
9,20260413,1
9,20260414,1
9,20260415,1
9,20260416,1
9,20260420,1
9,20260421,1
9,20260422,1
9,20260423,1
9,20260427,1
9,20260428,1
9,20260429,1
9,20260504,1
9,20260505,1
9,20260506,1
9,20260507,1
9,20260511,1
9,20260512,1
9,20260518,1
9,20260519,1
9,20260520,1
9,20260521,1
9,20260525,1
9,20260526,1
9,20260527,1
9,20260528,1
9,20260601,1
9,20260602,1
9,20260603,1
9,20260604,1
9,20260608,1
9,20260609,1
9,20260610,1
9,20260611,1
9,20260615,1
9,20260616,1
9,20260617,1
9,20260618,1
9,20260622,1
9,20260623,1
9,20260624,1
9,20260625,1
9,20260629,1
9,20260630,1
9,20260701,1
9,20260702,1
9,20260706,1
9,20260707,1
9,20260708,1
9,20260709,1
9,20260713,1
9,20260714,1
9,20260715,1
9,20260716,1
9,20260720,1
9,20260721,1
9,20260722,1
9,20260723,1
9,20260727,1
9,20260728,1
9,20260729,1
9,20260730,1
9,20260803,1
9,20260804,1
9,20260805,1
9,20260806,1
9,20260810,1
9,20260811,1
9,20260812,1
9,20260813,1
10,20260404,1
10,20260411,1
10,20260418,1
10,20260425,1
10,20260502,1
10,20260509,1
10,20260516,1
10,20260523,1
10,20260530,1
10,20260613,1
10,20260619,1
10,20260627,1
10,20260704,1
10,20260711,1
10,20260718,1
10,20260725,1
10,20260801,1
10,20260808,1
10,20260815,1
11,20260410,1
11,20260417,1
11,20260424,1
11,20260430,1
11,20260508,1
11,20260513,1
11,20260515,1
11,20260522,1
11,20260529,1
11,20260605,1
11,20260612,1
11,20260626,1
11,20260703,1
11,20260710,1
11,20260717,1
11,20260724,1
11,20260731,1
11,20260807,1
11,20260814,1
12,20260405,1
12,20260406,1
12,20260412,1
12,20260419,1
12,20260426,1
12,20260501,1
12,20260503,1
12,20260510,1
12,20260514,1
12,20260517,1
12,20260524,1
12,20260531,1
12,20260606,1
12,20260607,1
12,20260614,1
12,20260620,1
12,20260621,1
12,20260628,1
12,20260705,1
12,20260712,1
12,20260719,1
12,20260726,1
12,20260802,1
12,20260809,1
13,20260405,1
13,20260501,1
13,20260606,1
13,20260620,1
14,20260412,1
14,20260621,1
14,20260802,1
14,20260809,1
15,20260407,1
15,20260408,1
15,20260409,1
15,20260410,1
15,20260413,1
15,20260414,1
15,20260415,1
15,20260416,1
15,20260417,1
15,20260420,1
15,20260421,1
15,20260422,1
15,20260423,1
15,20260424,1
15,20260427,1
15,20260428,1
15,20260429,1
15,20260504,1
15,20260505,1
15,20260506,1
15,20260507,1
15,20260508,1
15,20260511,1
15,20260512,1
15,20260513,1
15,20260518,1
15,20260519,1
15,20260520,1
15,20260521,1
15,20260522,1
15,20260525,1
15,20260526,1
15,20260527,1
15,20260528,1
15,20260529,1
15,20260601,1
15,20260602,1
15,20260603,1
15,20260604,1
15,20260605,1
15,20260608,1
15,20260609,1
15,20260610,1
15,20260611,1
15,20260612,1
15,20260615,1
15,20260616,1
15,20260617,1
15,20260618,1
15,20260619,1
15,20260620,1
15,20260627,1
15,20260808,1
15,20260815,1
16,20260411,1
16,20260412,1
16,20260418,1
16,20260419,1
16,20260425,1
16,20260426,1
16,20260501,1
16,20260502,1
16,20260503,1
16,20260509,1
16,20260510,1
16,20260523,1
16,20260524,1
16,20260530,1
16,20260531,1
16,20260606,1
16,20260607,1
16,20260613,1
16,20260614,1
16,20260621,1
16,20260802,1
16,20260809,1
17,20260629,1
17,20260630,1
17,20260701,1
17,20260702,1
17,20260703,1
17,20260706,1
17,20260707,1
17,20260708,1
17,20260709,1
17,20260710,1
17,20260713,1
17,20260714,1
17,20260715,1
17,20260716,1
17,20260717,1
17,20260720,1
17,20260721,1
17,20260722,1
17,20260723,1
17,20260724,1
17,20260727,1
17,20260728,1
17,20260729,1
17,20260730,1
17,20260731,1
18,20260407,1
18,20260408,1
18,20260409,1
18,20260410,1
18,20260413,1
18,20260414,1
18,20260415,1
18,20260416,1
18,20260417,1
18,20260420,1
18,20260421,1
18,20260422,1
18,20260423,1
18,20260424,1
18,20260427,1
18,20260428,1
18,20260429,1
18,20260504,1
18,20260505,1
18,20260506,1
18,20260507,1
18,20260508,1
18,20260511,1
18,20260512,1
18,20260513,1
18,20260518,1
18,20260519,1
18,20260520,1
18,20260521,1
18,20260522,1
18,20260525,1
18,20260526,1
18,20260527,1
18,20260528,1
18,20260529,1
18,20260601,1
18,20260602,1
18,20260603,1
18,20260604,1
18,20260605,1
18,20260608,1
18,20260609,1
18,20260610,1
18,20260611,1
18,20260612,1
18,20260615,1
18,20260616,1
18,20260617,1
18,20260618,1
18,20260622,1
18,20260623,1
18,20260624,1
18,20260625,1
18,20260626,1
18,20260704,1
18,20260803,1
18,20260804,1
18,20260805,1
18,20260806,1
18,20260807,1
18,20260810,1
18,20260811,1
18,20260812,1
18,20260813,1
18,20260814,1
19,20260406,1
19,20260411,1
19,20260412,1
19,20260418,1
19,20260419,1
19,20260425,1
19,20260426,1
19,20260501,1
19,20260502,1
19,20260503,1
19,20260509,1
19,20260510,1
19,20260523,1
19,20260524,1
19,20260530,1
19,20260531,1
19,20260606,1
19,20260607,1
19,20260613,1
19,20260614,1
20,20260407,1
20,20260408,1
20,20260409,1
20,20260410,1
20,20260413,1
20,20260414,1
20,20260415,1
20,20260416,1
20,20260417,1
20,20260420,1
20,20260421,1
20,20260422,1
20,20260423,1
20,20260424,1
20,20260427,1
20,20260428,1
20,20260429,1
20,20260504,1
20,20260505,1
20,20260506,1
20,20260507,1
20,20260508,1
20,20260511,1
20,20260512,1
20,20260513,1
20,20260518,1
20,20260519,1
20,20260520,1
20,20260521,1
20,20260522,1
20,20260525,1
20,20260526,1
20,20260527,1
20,20260528,1
20,20260529,1
20,20260601,1
20,20260602,1
20,20260603,1
20,20260604,1
20,20260605,1
20,20260608,1
20,20260609,1
20,20260610,1
20,20260611,1
20,20260612,1
20,20260615,1
20,20260616,1
20,20260617,1
20,20260618,1
20,20260622,1
20,20260623,1
20,20260624,1
20,20260625,1
20,20260626,1
20,20260803,1
20,20260804,1
20,20260805,1
20,20260806,1
20,20260807,1
20,20260810,1
20,20260811,1
20,20260812,1
20,20260813,1
20,20260814,1
21,20260406,1
21,20260411,1
21,20260412,1
21,20260418,1
21,20260419,1
21,20260425,1
21,20260426,1
21,20260501,1
21,20260502,1
21,20260503,1
21,20260509,1
21,20260510,1
21,20260517,1
21,20260523,1
21,20260524,1
21,20260530,1
21,20260531,1
21,20260606,1
21,20260607,1
21,20260613,1
21,20260614,1
22,20260619,1
22,20260620,1
22,20260627,1
22,20260808,1
22,20260815,1
23,20260619,1
23,20260620,1
23,20260808,1
23,20260815,1
24,20260406,1
24,20260407,1
24,20260408,1
24,20260409,1
24,20260410,1
24,20260411,1
24,20260412,1
24,20260413,1
24,20260414,1
24,20260415,1
24,20260416,1
24,20260417,1
24,20260418,1
24,20260419,1
24,20260420,1
24,20260421,1
24,20260422,1
24,20260423,1
24,20260424,1
24,20260425,1
24,20260426,1
24,20260427,1
24,20260428,1
24,20260429,1
24,20260501,1
24,20260502,1
24,20260503,1
24,20260504,1
24,20260505,1
24,20260506,1
24,20260507,1
24,20260508,1
24,20260509,1
24,20260510,1
24,20260511,1
24,20260512,1
24,20260517,1
24,20260518,1
24,20260519,1
24,20260520,1
24,20260521,1
24,20260522,1
24,20260523,1
24,20260524,1
24,20260525,1
24,20260526,1
24,20260527,1
24,20260528,1
24,20260529,1
24,20260530,1
24,20260531,1
24,20260601,1
24,20260602,1
24,20260603,1
24,20260604,1
24,20260605,1
24,20260606,1
24,20260607,1
24,20260608,1
24,20260609,1
24,20260610,1
24,20260611,1
24,20260612,1
24,20260613,1
24,20260614,1
24,20260615,1
24,20260616,1
24,20260617,1
24,20260618,1
24,20260621,1
24,20260622,1
24,20260623,1
24,20260624,1
24,20260625,1
24,20260626,1
24,20260802,1
24,20260803,1
24,20260804,1
24,20260805,1
24,20260806,1
24,20260807,1
24,20260809,1
24,20260810,1
24,20260811,1
24,20260812,1
24,20260813,1
24,20260814,1
25,20260406,1
25,20260407,1
25,20260408,1
25,20260409,1
25,20260410,1
25,20260411,1
25,20260412,1
25,20260413,1
25,20260414,1
25,20260415,1
25,20260416,1
25,20260417,1
25,20260418,1
25,20260419,1
25,20260420,1
25,20260421,1
25,20260422,1
25,20260423,1
25,20260424,1
25,20260425,1
25,20260426,1
25,20260427,1
25,20260428,1
25,20260429,1
25,20260501,1
25,20260502,1
25,20260503,1
25,20260504,1
25,20260505,1
25,20260506,1
25,20260507,1
25,20260508,1
25,20260509,1
25,20260510,1
25,20260511,1
25,20260512,1
25,20260517,1
25,20260518,1
25,20260519,1
25,20260520,1
25,20260521,1
25,20260522,1
25,20260523,1
25,20260524,1
25,20260525,1
25,20260526,1
25,20260527,1
25,20260528,1
25,20260529,1
25,20260530,1
25,20260605,1
25,20260606,1
25,20260607,1
25,20260608,1
25,20260609,1
25,20260610,1
25,20260611,1
25,20260612,1
25,20260613,1
25,20260614,1
25,20260615,1
25,20260616,1
25,20260617,1
25,20260618,1
25,20260621,1
25,20260622,1
25,20260623,1
25,20260624,1
25,20260625,1
25,20260626,1
25,20260802,1
25,20260803,1
25,20260804,1
25,20260805,1
25,20260806,1
25,20260807,1
25,20260809,1
25,20260810,1
25,20260811,1
25,20260812,1
25,20260813,1
25,20260814,1
26,20260619,1
26,20260620,1
26,20260626,1
26,20260807,1
26,20260808,1
26,20260814,1
26,20260815,1
27,20260620,1
27,20260627,1
27,20260808,1
27,20260815,1
28,20260622,1
28,20260623,1
28,20260624,1
28,20260625,1
28,20260626,1
28,20260803,1
28,20260804,1
28,20260805,1
28,20260806,1
28,20260807,1
28,20260810,1
28,20260811,1
28,20260812,1
28,20260813,1
28,20260814,1
29,20260622,1
29,20260623,1
29,20260624,1
29,20260625,1
29,20260626,1
29,20260704,1
29,20260803,1
29,20260804,1
29,20260805,1
29,20260806,1
29,20260807,1
29,20260810,1
29,20260811,1
29,20260812,1
29,20260813,1
29,20260814,1
30,20260531,1
30,20260601,1
30,20260602,1
30,20260603,1
30,20260604,1
31,20260621,1
31,20260802,1
31,20260809,1
32,20260407,1
32,20260408,1
32,20260409,1
32,20260410,1
32,20260413,1
32,20260414,1
32,20260415,1
32,20260416,1
32,20260417,1
32,20260420,1
32,20260421,1
32,20260422,1
32,20260423,1
32,20260424,1
32,20260427,1
32,20260428,1
32,20260429,1
32,20260504,1
32,20260505,1
32,20260506,1
32,20260507,1
32,20260508,1
32,20260511,1
32,20260512,1
32,20260513,1
32,20260518,1
32,20260519,1
32,20260520,1
32,20260521,1
32,20260522,1
32,20260525,1
32,20260526,1
32,20260527,1
32,20260528,1
32,20260529,1
32,20260601,1
32,20260602,1
32,20260603,1
32,20260604,1
32,20260605,1
32,20260608,1
32,20260609,1
32,20260610,1
32,20260611,1
32,20260612,1
32,20260615,1
32,20260616,1
32,20260617,1
32,20260618,1
32,20260619,1
33,20260411,1
33,20260412,1
33,20260418,1
33,20260419,1
33,20260425,1
33,20260426,1
33,20260501,1
33,20260502,1
33,20260503,1
33,20260509,1
33,20260510,1
33,20260523,1
33,20260524,1
33,20260530,1
33,20260531,1
33,20260606,1
33,20260607,1
33,20260613,1
33,20260614,1
34,20260406,1
34,20260411,1
34,20260412,1
34,20260418,1
34,20260419,1
34,20260425,1
34,20260426,1
34,20260501,1
34,20260502,1
34,20260503,1
34,20260509,1
34,20260510,1
34,20260517,1
34,20260523,1
34,20260524,1
34,20260530,1
34,20260531,1
34,20260606,1
34,20260607,1
34,20260613,1
34,20260614,1
34,20260621,1
34,20260802,1
34,20260809,1
35,20260407,1
35,20260408,1
35,20260409,1
35,20260410,1
35,20260413,1
35,20260414,1
35,20260415,1
35,20260416,1
35,20260417,1
35,20260420,1
35,20260421,1
35,20260422,1
35,20260423,1
35,20260424,1
35,20260427,1
35,20260428,1
35,20260429,1
35,20260504,1
35,20260505,1
35,20260506,1
35,20260507,1
35,20260508,1
35,20260511,1
35,20260512,1
35,20260513,1
35,20260518,1
35,20260519,1
35,20260520,1
35,20260521,1
35,20260522,1
35,20260525,1
35,20260526,1
35,20260527,1
35,20260528,1
35,20260529,1
35,20260601,1
35,20260602,1
35,20260603,1
35,20260604,1
35,20260605,1
35,20260608,1
35,20260609,1
35,20260610,1
35,20260611,1
35,20260612,1
35,20260615,1
35,20260616,1
35,20260617,1
35,20260618,1
35,20260622,1
35,20260623,1
35,20260624,1
35,20260625,1
35,20260626,1
35,20260629,1
35,20260630,1
35,20260701,1
35,20260702,1
35,20260703,1
35,20260705,1
35,20260706,1
35,20260707,1
35,20260708,1
35,20260709,1
35,20260710,1
35,20260713,1
35,20260714,1
35,20260715,1
35,20260716,1
35,20260717,1
35,20260720,1
35,20260721,1
35,20260722,1
35,20260723,1
35,20260724,1
35,20260727,1
35,20260728,1
35,20260729,1
35,20260730,1
35,20260731,1
35,20260803,1
35,20260804,1
35,20260805,1
35,20260806,1
35,20260807,1
35,20260810,1
35,20260811,1
35,20260812,1
35,20260813,1
35,20260814,1
36,20260406,1
36,20260407,1
36,20260408,1
36,20260409,1
36,20260410,1
36,20260411,1
36,20260412,1
36,20260413,1
36,20260414,1
36,20260415,1
36,20260416,1
36,20260417,1
36,20260418,1
36,20260424,1
36,20260425,1
36,20260426,1
36,20260427,1
36,20260428,1
36,20260429,1
36,20260501,1
36,20260502,1
36,20260503,1
36,20260504,1
36,20260505,1
36,20260506,1
36,20260507,1
36,20260508,1
36,20260509,1
36,20260510,1
36,20260511,1
36,20260512,1
36,20260522,1
36,20260523,1
36,20260529,1
36,20260530,1
36,20260605,1
36,20260606,1
36,20260607,1
36,20260608,1
36,20260609,1
36,20260610,1
36,20260611,1
36,20260612,1
36,20260613,1
36,20260614,1
36,20260615,1
36,20260616,1
36,20260617,1
36,20260618,1
36,20260621,1
36,20260622,1
36,20260623,1
36,20260624,1
36,20260625,1
36,20260626,1
36,20260802,1
36,20260803,1
36,20260804,1
36,20260805,1
36,20260806,1
36,20260807,1
36,20260809,1
36,20260810,1
36,20260811,1
36,20260812,1
36,20260813,1
36,20260814,1
37,20260412,1
37,20260426,1
37,20260427,1
37,20260503,1
37,20260607,1
37,20260608,1
37,20260614,1
37,20260615,1
37,20260621,1
37,20260622,1
37,20260623,1
37,20260624,1
37,20260625,1
37,20260628,1
37,20260629,1
37,20260630,1
37,20260701,1
37,20260702,1
37,20260705,1
37,20260706,1
37,20260707,1
37,20260708,1
37,20260709,1
37,20260712,1
37,20260713,1
37,20260714,1
37,20260715,1
37,20260716,1
37,20260719,1
37,20260720,1
37,20260721,1
37,20260722,1
37,20260723,1
37,20260726,1
37,20260727,1
37,20260728,1
37,20260729,1
37,20260730,1
37,20260802,1
37,20260803,1
37,20260804,1
37,20260805,1
37,20260806,1
37,20260809,1
37,20260810,1
37,20260811,1
37,20260812,1
37,20260813,1
38,20260703,1
39,20260622,1
39,20260623,1
39,20260624,1
39,20260625,1
39,20260626,1
39,20260629,1
39,20260630,1
39,20260701,1
39,20260702,1
39,20260703,1
39,20260803,1
39,20260804,1
39,20260805,1
39,20260806,1
39,20260807,1
39,20260810,1
39,20260811,1
39,20260812,1
39,20260813,1
39,20260814,1
40,20260428,1
40,20260429,1
40,20260609,1
40,20260610,1
40,20260611,1
40,20260616,1
40,20260617,1
41,20260410,1
41,20260413,1
41,20260417,1
41,20260420,1
41,20260424,1
41,20260427,1
41,20260504,1
41,20260505,1
41,20260506,1
41,20260511,1
41,20260518,1
41,20260522,1
41,20260525,1
41,20260529,1
41,20260601,1
41,20260605,1
41,20260608,1
41,20260609,1
41,20260610,1
41,20260611,1
41,20260612,1
41,20260615,1
41,20260616,1
41,20260617,1
41,20260618,1
41,20260619,1
41,20260620,1
41,20260627,1
41,20260808,1
41,20260815,1
42,20260410,1
42,20260413,1
42,20260417,1
42,20260420,1
42,20260424,1
42,20260427,1
42,20260504,1
42,20260505,1
42,20260506,1
42,20260508,1
42,20260511,1
42,20260518,1
42,20260522,1
42,20260525,1
42,20260529,1
42,20260601,1
42,20260605,1
42,20260608,1
42,20260609,1
42,20260610,1
42,20260611,1
42,20260612,1
42,20260615,1
42,20260616,1
42,20260617,1
42,20260618,1
42,20260619,1
42,20260620,1
42,20260627,1
42,20260808,1
42,20260815,1
43,20260413,1
43,20260414,1
43,20260415,1
43,20260416,1
43,20260417,1
43,20260427,1
43,20260428,1
43,20260429,1
43,20260430,1
43,20260504,1
43,20260505,1
43,20260506,1
43,20260601,1
43,20260602,1
43,20260603,1
43,20260604,1
43,20260605,1
43,20260608,1
43,20260609,1
43,20260610,1
43,20260611,1
43,20260612,1
43,20260615,1
43,20260616,1
43,20260617,1
43,20260618,1
44,20260607,1
44,20260613,1
44,20260614,1
45,20260410,1
45,20260424,1
45,20260425,1
45,20260501,1
45,20260502,1
45,20260508,1
45,20260509,1
45,20260522,1
45,20260523,1
45,20260529,1
45,20260530,1
45,20260605,1
45,20260606,1
45,20260612,1
45,20260613,1
45,20260618,1
45,20260626,1
45,20260807,1
45,20260814,1
46,20260411,1
47,20260417,1
47,20260418,1
48,20260407,1
48,20260408,1
48,20260409,1
48,20260410,1
48,20260413,1
48,20260414,1
48,20260415,1
48,20260416,1
48,20260417,1
48,20260420,1
48,20260421,1
48,20260422,1
48,20260423,1
48,20260424,1
48,20260427,1
48,20260428,1
48,20260429,1
48,20260504,1
48,20260505,1
48,20260506,1
48,20260507,1
48,20260508,1
48,20260511,1
48,20260512,1
48,20260513,1
48,20260518,1
48,20260519,1
48,20260520,1
48,20260521,1
48,20260522,1
48,20260525,1
48,20260526,1
48,20260527,1
48,20260528,1
48,20260529,1
48,20260601,1
48,20260602,1
48,20260603,1
48,20260604,1
48,20260605,1
48,20260608,1
48,20260609,1
48,20260610,1
48,20260611,1
48,20260612,1
48,20260615,1
48,20260616,1
48,20260617,1
48,20260618,1
48,20260622,1
48,20260623,1
48,20260624,1
48,20260625,1
48,20260626,1
48,20260705,1
48,20260803,1
48,20260804,1
48,20260805,1
48,20260806,1
48,20260807,1
48,20260810,1
48,20260811,1
48,20260812,1
48,20260813,1
48,20260814,1
49,20260406,1
49,20260407,1
49,20260408,1
49,20260409,1
49,20260410,1
49,20260411,1
49,20260412,1
49,20260413,1
49,20260414,1
49,20260415,1
49,20260416,1
49,20260417,1
49,20260418,1
49,20260419,1
49,20260420,1
49,20260421,1
49,20260422,1
49,20260423,1
49,20260424,1
49,20260425,1
49,20260426,1
49,20260427,1
49,20260428,1
49,20260429,1
49,20260501,1
49,20260502,1
49,20260503,1
49,20260504,1
49,20260505,1
49,20260506,1
49,20260507,1
49,20260508,1
49,20260509,1
49,20260510,1
49,20260511,1
49,20260512,1
49,20260517,1
49,20260518,1
49,20260519,1
49,20260520,1
49,20260521,1
49,20260522,1
49,20260523,1
49,20260524,1
49,20260525,1
49,20260526,1
49,20260527,1
49,20260528,1
49,20260529,1
49,20260530,1
49,20260605,1
49,20260606,1
49,20260607,1
49,20260608,1
49,20260609,1
49,20260610,1
49,20260611,1
49,20260612,1
49,20260613,1
49,20260614,1
49,20260615,1
49,20260616,1
49,20260617,1
49,20260618,1
49,20260621,1
49,20260622,1
49,20260623,1
49,20260624,1
49,20260625,1
49,20260802,1
49,20260803,1
49,20260804,1
49,20260805,1
49,20260806,1
49,20260809,1
49,20260810,1
49,20260811,1
49,20260812,1
49,20260813,1
50,20260412,1
50,20260419,1
50,20260426,1
50,20260503,1
50,20260524,1
51,20260418,1
51,20260419,1
52,20260602,1
52,20260603,1
52,20260604,1
53,20260531,1
54,20260531,1
54,20260601,1
55,20260706,1
55,20260707,1
55,20260708,1
55,20260709,1
55,20260710,1
55,20260712,1
55,20260713,1
55,20260714,1
55,20260715,1
55,20260716,1
55,20260717,1
55,20260719,1
55,20260720,1
55,20260721,1
55,20260722,1
55,20260723,1
55,20260724,1
55,20260726,1
55,20260727,1
55,20260728,1
55,20260729,1
55,20260730,1
55,20260731,1
56,20260513,1
56,20260514,1
56,20260515,1
56,20260516,1
57,20260629,1
57,20260630,1
57,20260701,1
57,20260702,1
57,20260703,1
58,20260515,1
59,20260516,1
60,20260706,1
60,20260707,1
60,20260708,1
60,20260709,1
60,20260710,1
60,20260713,1
60,20260714,1
60,20260715,1
60,20260716,1
60,20260717,1
60,20260720,1
60,20260721,1
60,20260722,1
60,20260723,1
60,20260724,1
60,20260727,1
60,20260728,1
60,20260729,1
60,20260730,1
60,20260731,1
61,20260705,1
62,20260712,1
62,20260719,1
62,20260726,1
63,20260711,1
63,20260718,1
63,20260725,1
63,20260801,1
64,20260514,1
64,20260516,1
64,20260517,1
65,20260704,1
65,20260705,1
66,20260711,1
66,20260712,1
66,20260718,1
66,20260719,1
66,20260725,1
66,20260726,1
66,20260801,1
67,20260514,1
67,20260516,1
68,20260704,1
69,20260629,1
69,20260630,1
69,20260701,1
69,20260702,1
69,20260703,1
69,20260705,1
70,20260704,1
70,20260711,1
70,20260718,1
70,20260725,1
70,20260801,1
71,20260710,1
71,20260717,1
71,20260724,1
71,20260731,1
72,20260628,1
72,20260629,1
72,20260630,1
72,20260701,1
72,20260702,1
72,20260705,1
73,20260703,1
73,20260704,1
73,20260711,1
73,20260718,1
73,20260725,1
73,20260801,1
74,20260706,1
74,20260707,1
74,20260708,1
74,20260709,1
74,20260712,1
74,20260713,1
74,20260714,1
74,20260715,1
74,20260716,1
74,20260719,1
74,20260720,1
74,20260721,1
74,20260722,1
74,20260723,1
74,20260726,1
74,20260727,1
74,20260728,1
74,20260729,1
74,20260730,1
75,20260515,1
75,20260516,1
76,20260514,1
77,20260628,1
77,20260629,1
77,20260630,1
77,20260701,1
77,20260702,1
77,20260703,1
77,20260705,1
77,20260712,1
77,20260719,1
77,20260726,1
78,20260420,1
78,20260421,1
78,20260422,1
78,20260423,1
78,20260427,1
78,20260428,1
78,20260429,1
78,20260525,1
78,20260526,1
78,20260527,1
78,20260528,1
79,20260407,1
79,20260408,1
79,20260409,1
79,20260411,1
79,20260414,1
79,20260415,1
79,20260416,1
79,20260421,1
79,20260422,1
79,20260423,1
79,20260425,1
79,20260426,1
79,20260428,1
79,20260429,1
79,20260430,1
79,20260501,1
79,20260502,1
79,20260503,1
79,20260509,1
79,20260510,1
79,20260512,1
79,20260513,1
79,20260519,1
79,20260520,1
79,20260521,1
79,20260523,1
79,20260524,1
79,20260526,1
79,20260527,1
79,20260528,1
79,20260530,1
79,20260531,1
79,20260602,1
79,20260603,1
79,20260604,1
79,20260606,1
80,20260407,1
80,20260408,1
80,20260409,1
80,20260414,1
80,20260415,1
80,20260416,1
81,20260419,1
81,20260420,1
82,20260406,1
82,20260407,1
82,20260408,1
82,20260409,1
83,20260419,1
83,20260420,1
83,20260421,1
83,20260422,1
83,20260423,1
84,20260406,1
84,20260413,1
85,20260407,1
85,20260408,1
85,20260409,1
85,20260410,1
86,20260407,1
86,20260408,1
86,20260409,1
86,20260414,1
86,20260415,1
86,20260416,1
86,20260421,1
86,20260422,1
86,20260423,1
86,20260428,1
86,20260429,1
86,20260430,1
86,20260507,1
86,20260512,1
86,20260513,1
86,20260519,1
86,20260520,1
86,20260521,1
86,20260526,1
86,20260527,1
86,20260528,1
86,20260602,1
86,20260603,1
86,20260604,1
87,20260413,1
87,20260414,1
87,20260415,1
87,20260416,1
88,20260420,1
88,20260421,1
88,20260422,1
88,20260423,1
88,20260424,1
89,20260430,1
90,20260421,1
90,20260422,1
90,20260423,1
91,20260507,1
91,20260508,1
92,20260511,1
93,20260404,1
93,20260405,1
93,20260406,1
94,20260404,1
94,20260405,1
95,20260404,1
96,20260405,1
97,20260511,1
97,20260512,1
97,20260513,1
98,20260514,1
98,20260517,1
99,20260517,1
100,20260506,1
100,20260507,1
101,20260510,1
102,20260512,1
103,20260513,1
103,20260514,1
104,20260504,1
104,20260505,1
105,20260517,1
105,20260518,1
105,20260519,1
105,20260520,1
105,20260521,1
106,20260516,1
106,20260517,1
107,20260504,1
107,20260505,1
107,20260506,1
107,20260507,1
108,20260511,1
108,20260512,1
109,20260513,1
110,20260406,1
111,20260518,1
111,20260519,1
111,20260520,1
111,20260521,1
111,20260522,1
112,20260518,1
112,20260519,1
112,20260520,1
112,20260521,1
113,20260526,1
113,20260527,1
113,20260528,1
114,20260524,1
114,20260525,1
114,20260526,1
114,20260527,1
114,20260528,1
115,20260525,1
115,20260526,1
115,20260527,1
115,20260528,1
115,20260529,1
116,20260524,1
116,20260525,1
117,20260601,1
117,20260602,1
117,20260603,1
117,20260604,1
118,20260612,1
119,20260612,1
119,20260613,1
120,20260418,1
121,20260430,1
121,20260613,1
122,20260407,1
122,20260408,1
122,20260409,1
122,20260410,1
122,20260413,1
122,20260414,1
122,20260415,1
122,20260416,1
122,20260417,1
122,20260420,1
122,20260421,1
122,20260422,1
122,20260423,1
122,20260424,1
122,20260427,1
122,20260428,1
122,20260429,1
122,20260504,1
122,20260505,1
122,20260506,1
122,20260507,1
122,20260508,1
122,20260511,1
122,20260512,1
122,20260513,1
122,20260518,1
122,20260519,1
122,20260520,1
122,20260521,1
122,20260522,1
122,20260525,1
122,20260526,1
122,20260527,1
122,20260528,1
122,20260529,1
122,20260608,1
122,20260609,1
122,20260610,1
122,20260611,1
122,20260612,1
122,20260615,1
122,20260616,1
122,20260617,1
122,20260618,1
122,20260622,1
122,20260623,1
122,20260624,1
122,20260625,1
122,20260626,1
122,20260803,1
122,20260804,1
122,20260805,1
122,20260806,1
122,20260807,1
122,20260810,1
122,20260811,1
122,20260812,1
122,20260813,1
122,20260814,1
123,20260619,1
123,20260620,1
123,20260627,1
123,20260704,1
123,20260711,1
123,20260718,1
123,20260725,1
123,20260801,1
123,20260808,1
123,20260815,1
124,20260622,1
124,20260623,1
124,20260624,1
124,20260625,1
124,20260626,1
124,20260705,1
124,20260803,1
124,20260804,1
124,20260805,1
124,20260806,1
124,20260807,1
124,20260810,1
124,20260811,1
124,20260812,1
124,20260813,1
124,20260814,1
125,20260707,1
125,20260708,1
125,20260709,1
125,20260710,1
125,20260714,1
125,20260715,1
125,20260716,1
125,20260717,1
125,20260721,1
125,20260722,1
125,20260723,1
125,20260724,1
125,20260728,1
125,20260729,1
125,20260730,1
125,20260731,1
126,20260618,1
126,20260619,1
126,20260620,1
126,20260626,1
126,20260807,1
126,20260808,1
126,20260814,1
126,20260815,1
127,20260710,1
127,20260711,1
127,20260717,1
127,20260718,1
127,20260724,1
127,20260725,1
127,20260731,1
127,20260801,1
128,20260411,1
128,20260412,1
128,20260418,1
128,20260419,1
128,20260425,1
128,20260426,1
128,20260501,1
128,20260502,1
128,20260503,1
128,20260509,1
128,20260510,1
128,20260523,1
128,20260524,1
128,20260530,1
128,20260531,1
128,20260606,1
128,20260607,1
128,20260613,1
128,20260614,1
128,20260621,1
128,20260705,1
128,20260712,1
128,20260719,1
128,20260726,1
128,20260802,1
128,20260809,1
129,20260407,1
129,20260408,1
129,20260409,1
129,20260410,1
129,20260413,1
129,20260414,1
129,20260415,1
129,20260416,1
129,20260417,1
129,20260420,1
129,20260421,1
129,20260422,1
129,20260423,1
129,20260424,1
129,20260427,1
129,20260428,1
129,20260429,1
129,20260504,1
129,20260505,1
129,20260506,1
129,20260507,1
129,20260508,1
129,20260511,1
129,20260512,1
129,20260513,1
129,20260518,1
129,20260519,1
129,20260520,1
129,20260521,1
129,20260522,1
129,20260525,1
129,20260526,1
129,20260527,1
129,20260528,1
129,20260529,1
129,20260601,1
129,20260602,1
129,20260603,1
129,20260604,1
129,20260605,1
129,20260608,1
129,20260609,1
129,20260610,1
129,20260611,1
129,20260612,1
129,20260615,1
129,20260616,1
129,20260617,1
129,20260618,1
129,20260619,1
129,20260620,1
129,20260622,1
129,20260623,1
129,20260624,1
129,20260625,1
129,20260626,1
129,20260627,1
129,20260629,1
129,20260630,1
129,20260701,1
129,20260702,1
129,20260703,1
129,20260704,1
129,20260706,1
129,20260707,1
129,20260708,1
129,20260709,1
129,20260710,1
129,20260711,1
129,20260713,1
129,20260714,1
129,20260715,1
129,20260716,1
129,20260717,1
129,20260718,1
129,20260720,1
129,20260721,1
129,20260722,1
129,20260723,1
129,20260724,1
129,20260725,1
129,20260727,1
129,20260728,1
129,20260729,1
129,20260730,1
129,20260731,1
129,20260801,1
129,20260803,1
129,20260804,1
129,20260805,1
129,20260806,1
129,20260807,1
129,20260808,1
129,20260810,1
129,20260811,1
129,20260812,1
129,20260813,1
129,20260814,1
129,20260815,1
130,20260411,1
130,20260412,1
130,20260418,1
130,20260419,1
130,20260425,1
130,20260426,1
130,20260501,1
130,20260502,1
130,20260503,1
130,20260509,1
130,20260510,1
130,20260523,1
130,20260524,1
130,20260530,1
130,20260531,1
130,20260606,1
130,20260607,1
130,20260613,1
130,20260614,1
130,20260621,1
130,20260628,1
130,20260705,1
130,20260712,1
130,20260719,1
130,20260726,1
130,20260802,1
130,20260809,1
131,20260407,1
131,20260408,1
131,20260409,1
131,20260410,1
131,20260413,1
131,20260414,1
131,20260415,1
131,20260416,1
131,20260417,1
131,20260420,1
131,20260421,1
131,20260422,1
131,20260423,1
131,20260424,1
131,20260427,1
131,20260428,1
131,20260429,1
131,20260504,1
131,20260505,1
131,20260506,1
131,20260507,1
131,20260508,1
131,20260511,1
131,20260512,1
131,20260513,1
131,20260518,1
131,20260519,1
131,20260520,1
131,20260521,1
131,20260522,1
131,20260525,1
131,20260526,1
131,20260527,1
131,20260528,1
131,20260529,1
131,20260601,1
131,20260602,1
131,20260603,1
131,20260604,1
131,20260605,1
131,20260608,1
131,20260609,1
131,20260610,1
131,20260611,1
131,20260612,1
131,20260615,1
131,20260616,1
131,20260617,1
131,20260618,1
131,20260619,1
131,20260620,1
131,20260622,1
131,20260623,1
131,20260624,1
131,20260625,1
131,20260626,1
131,20260627,1
131,20260803,1
131,20260804,1
131,20260805,1
131,20260806,1
131,20260807,1
131,20260808,1
131,20260810,1
131,20260811,1
131,20260812,1
131,20260813,1
131,20260814,1
131,20260815,1
132,20260406,1
132,20260411,1
132,20260412,1
132,20260418,1
132,20260419,1
132,20260425,1
132,20260426,1
132,20260501,1
132,20260502,1
132,20260503,1
132,20260509,1
132,20260510,1
132,20260517,1
132,20260523,1
132,20260524,1
132,20260530,1
132,20260531,1
132,20260606,1
132,20260607,1
132,20260613,1
132,20260614,1
132,20260629,1
132,20260630,1
132,20260701,1
132,20260702,1
132,20260703,1
132,20260706,1
132,20260707,1
132,20260708,1
132,20260709,1
132,20260710,1
132,20260713,1
132,20260714,1
132,20260715,1
132,20260716,1
132,20260717,1
132,20260720,1
132,20260721,1
132,20260722,1
132,20260723,1
132,20260724,1
132,20260727,1
132,20260728,1
132,20260729,1
132,20260730,1
132,20260731,1
133,20260406,1
133,20260407,1
133,20260408,1
133,20260409,1
133,20260410,1
133,20260411,1
133,20260412,1
133,20260413,1
133,20260414,1
133,20260415,1
133,20260416,1
133,20260417,1
133,20260418,1
133,20260419,1
133,20260420,1
133,20260421,1
133,20260422,1
133,20260423,1
133,20260424,1
133,20260425,1
133,20260426,1
133,20260427,1
133,20260428,1
133,20260429,1
133,20260501,1
133,20260502,1
133,20260503,1
133,20260504,1
133,20260505,1
133,20260506,1
133,20260507,1
133,20260508,1
133,20260509,1
133,20260510,1
133,20260511,1
133,20260512,1
133,20260513,1
133,20260517,1
133,20260518,1
133,20260519,1
133,20260520,1
133,20260521,1
133,20260522,1
133,20260523,1
133,20260524,1
133,20260525,1
133,20260526,1
133,20260527,1
133,20260528,1
133,20260529,1
133,20260530,1
133,20260531,1
133,20260601,1
133,20260602,1
133,20260603,1
133,20260604,1
133,20260605,1
133,20260606,1
133,20260607,1
133,20260608,1
133,20260609,1
133,20260610,1
133,20260611,1
133,20260612,1
133,20260613,1
133,20260614,1
133,20260615,1
133,20260616,1
133,20260617,1
133,20260618,1
133,20260621,1
133,20260622,1
133,20260623,1
133,20260624,1
133,20260625,1
133,20260626,1
133,20260802,1
133,20260803,1
133,20260804,1
133,20260805,1
133,20260806,1
133,20260807,1
133,20260809,1
133,20260810,1
133,20260811,1
133,20260812,1
133,20260813,1
133,20260814,1
134,20260406,1
134,20260407,1
134,20260408,1
134,20260409,1
134,20260410,1
134,20260411,1
134,20260412,1
134,20260419,1
134,20260420,1
134,20260421,1
134,20260422,1
134,20260423,1
134,20260424,1
134,20260425,1
134,20260426,1
134,20260427,1
134,20260428,1
134,20260429,1
134,20260501,1
134,20260502,1
134,20260503,1
134,20260504,1
134,20260505,1
134,20260508,1
134,20260509,1
134,20260510,1
134,20260511,1
134,20260512,1
134,20260517,1
134,20260518,1
134,20260519,1
134,20260520,1
134,20260521,1
134,20260522,1
134,20260523,1
134,20260524,1
134,20260525,1
134,20260526,1
134,20260527,1
134,20260528,1
134,20260529,1
134,20260530,1
134,20260531,1
134,20260601,1
134,20260602,1
134,20260603,1
134,20260604,1
134,20260605,1
134,20260606,1
134,20260607,1
134,20260608,1
134,20260609,1
134,20260610,1
134,20260611,1
134,20260612,1
134,20260613,1
134,20260614,1
134,20260615,1
134,20260616,1
134,20260617,1
134,20260618,1
134,20260619,1
134,20260620,1
134,20260621,1
134,20260622,1
134,20260623,1
134,20260624,1
134,20260625,1
134,20260626,1
134,20260802,1
134,20260803,1
134,20260804,1
134,20260805,1
134,20260806,1
134,20260807,1
134,20260809,1
134,20260810,1
134,20260811,1
134,20260812,1
134,20260813,1
134,20260814,1
135,20260514,1
135,20260515,1
135,20260516,1
136,20260629,1
136,20260630,1
136,20260701,1
136,20260702,1
136,20260705,1
137,20260703,1
137,20260704,1
138,20260607,1
138,20260613,1
138,20260614,1
138,20260621,1
138,20260802,1
138,20260809,1
139,20260407,1
139,20260408,1
139,20260409,1
139,20260410,1
139,20260413,1
139,20260414,1
139,20260415,1
139,20260416,1
139,20260417,1
139,20260420,1
139,20260421,1
139,20260422,1
139,20260423,1
139,20260424,1
139,20260427,1
139,20260428,1
139,20260429,1
139,20260504,1
139,20260505,1
139,20260506,1
139,20260507,1
139,20260508,1
139,20260511,1
139,20260512,1
139,20260513,1
139,20260518,1
139,20260519,1
139,20260520,1
139,20260521,1
139,20260522,1
139,20260525,1
139,20260526,1
139,20260527,1
139,20260528,1
139,20260529,1
139,20260601,1
139,20260602,1
139,20260603,1
139,20260604,1
139,20260605,1
139,20260608,1
139,20260609,1
139,20260610,1
139,20260611,1
139,20260612,1
139,20260615,1
139,20260616,1
139,20260617,1
139,20260618,1
139,20260621,1
139,20260802,1
139,20260809,1
140,20260406,1
140,20260407,1
140,20260408,1
140,20260409,1
140,20260410,1
140,20260411,1
140,20260412,1
140,20260413,1
140,20260414,1
140,20260415,1
140,20260416,1
140,20260417,1
140,20260418,1
140,20260419,1
140,20260420,1
140,20260421,1
140,20260422,1
140,20260423,1
140,20260424,1
140,20260425,1
140,20260426,1
140,20260427,1
140,20260428,1
140,20260429,1
140,20260501,1
140,20260502,1
140,20260503,1
140,20260504,1
140,20260505,1
140,20260506,1
140,20260507,1
140,20260508,1
140,20260509,1
140,20260510,1
140,20260511,1
140,20260512,1
140,20260513,1
140,20260517,1
140,20260518,1
140,20260519,1
140,20260520,1
140,20260521,1
140,20260522,1
140,20260523,1
140,20260524,1
140,20260525,1
140,20260526,1
140,20260527,1
140,20260528,1
140,20260529,1
140,20260530,1
140,20260531,1
140,20260601,1
140,20260602,1
140,20260603,1
140,20260604,1
140,20260605,1
140,20260606,1
140,20260607,1
140,20260608,1
140,20260609,1
140,20260610,1
140,20260611,1
140,20260612,1
140,20260613,1
140,20260614,1
140,20260615,1
140,20260616,1
140,20260617,1
140,20260618,1
140,20260621,1
140,20260622,1
140,20260623,1
140,20260624,1
140,20260625,1
140,20260802,1
140,20260803,1
140,20260804,1
140,20260805,1
140,20260806,1
140,20260809,1
140,20260810,1
140,20260811,1
140,20260812,1
140,20260813,1
141,20260607,1
141,20260608,1
141,20260609,1
141,20260610,1
141,20260611,1
141,20260612,1
141,20260614,1
141,20260615,1
141,20260616,1
141,20260617,1
141,20260618,1
141,20260621,1
141,20260623,1
141,20260624,1
141,20260625,1
141,20260626,1
141,20260802,1
141,20260804,1
141,20260805,1
141,20260806,1
141,20260807,1
141,20260809,1
141,20260811,1
141,20260812,1
141,20260813,1
141,20260814,1
142,20260407,1
142,20260408,1
142,20260409,1
142,20260410,1
142,20260411,1
142,20260412,1
142,20260413,1
142,20260414,1
142,20260415,1
142,20260416,1
142,20260417,1
142,20260418,1
142,20260419,1
142,20260420,1
142,20260421,1
142,20260422,1
142,20260423,1
142,20260424,1
142,20260425,1
142,20260426,1
142,20260427,1
142,20260428,1
142,20260429,1
142,20260501,1
142,20260502,1
142,20260503,1
142,20260504,1
142,20260505,1
142,20260506,1
142,20260507,1
142,20260508,1
142,20260509,1
142,20260510,1
142,20260511,1
142,20260512,1
142,20260513,1
142,20260518,1
142,20260519,1
142,20260520,1
142,20260521,1
142,20260522,1
142,20260523,1
142,20260524,1
142,20260525,1
142,20260526,1
142,20260527,1
142,20260528,1
142,20260529,1
142,20260530,1
142,20260531,1
142,20260601,1
142,20260602,1
142,20260603,1
142,20260604,1
142,20260605,1
142,20260606,1
142,20260608,1
142,20260609,1
142,20260610,1
142,20260611,1
142,20260612,1
142,20260615,1
142,20260616,1
142,20260617,1
142,20260618,1
142,20260619,1
142,20260620,1
142,20260627,1
142,20260808,1
142,20260815,1
143,20260406,1
143,20260407,1
143,20260408,1
143,20260409,1
143,20260410,1
143,20260412,1
143,20260424,1
143,20260425,1
143,20260426,1
143,20260427,1
143,20260428,1
143,20260429,1
143,20260501,1
143,20260502,1
143,20260503,1
143,20260504,1
143,20260505,1
143,20260508,1
143,20260509,1
143,20260522,1
143,20260523,1
143,20260524,1
143,20260525,1
143,20260526,1
143,20260527,1
143,20260528,1
143,20260529,1
143,20260530,1
143,20260531,1
143,20260601,1
143,20260602,1
143,20260603,1
143,20260604,1
143,20260605,1
143,20260606,1
143,20260607,1
143,20260608,1
143,20260609,1
143,20260610,1
143,20260611,1
143,20260612,1
143,20260613,1
143,20260614,1
143,20260615,1
143,20260616,1
143,20260617,1
143,20260618,1
143,20260621,1
143,20260622,1
143,20260623,1
143,20260624,1
143,20260625,1
143,20260626,1
143,20260802,1
143,20260803,1
143,20260804,1
143,20260805,1
143,20260806,1
143,20260807,1
143,20260809,1
143,20260810,1
143,20260811,1
143,20260812,1
143,20260813,1
143,20260814,1
144,20260425,1
144,20260501,1
144,20260502,1
144,20260509,1
144,20260523,1
144,20260530,1
144,20260606,1
144,20260613,1
144,20260622,1
144,20260803,1
144,20260810,1
145,20260407,1
145,20260408,1
145,20260409,1
145,20260410,1
145,20260413,1
145,20260414,1
145,20260415,1
145,20260416,1
145,20260417,1
145,20260427,1
145,20260428,1
145,20260429,1
145,20260504,1
145,20260505,1
145,20260506,1
145,20260507,1
145,20260508,1
145,20260601,1
145,20260602,1
145,20260603,1
145,20260604,1
145,20260605,1
146,20260808,1
146,20260815,1
147,20260629,1
147,20260705,1
148,20260630,1
148,20260701,1
148,20260702,1
148,20260703,1
149,20260706,1
149,20260712,1
149,20260713,1
149,20260719,1
149,20260720,1
149,20260726,1
149,20260727,1
150,20260430,1
150,20260618,1
150,20260626,1
150,20260807,1
150,20260814,1
151,20260413,1
151,20260427,1
151,20260504,1
151,20260601,1
151,20260605,1
152,20260407,1
152,20260408,1
152,20260409,1
153,20260414,1
153,20260415,1
153,20260416,1
154,20260419,1
155,20260406,1
155,20260407,1
155,20260408,1
155,20260409,1
155,20260410,1
155,20260412,1
155,20260424,1
155,20260426,1
155,20260430,1
155,20260504,1
155,20260505,1
155,20260508,1
155,20260522,1
155,20260605,1
156,20260410,1
157,20260420,1
157,20260424,1
158,20260428,1
158,20260429,1
158,20260430,1
158,20260602,1
158,20260603,1
158,20260604,1
159,20260417,1
160,20260420,1
160,20260421,1
160,20260422,1
160,20260423,1
161,20260510,1
161,20260511,1
161,20260512,1
162,20260410,1
162,20260424,1
162,20260425,1
162,20260501,1
162,20260508,1
162,20260509,1
162,20260522,1
162,20260529,1
162,20260530,1
162,20260605,1
162,20260606,1
163,20260522,1
164,20260505,1
164,20260506,1
164,20260507,1
164,20260508,1
165,20260501,1
165,20260529,1
166,20260502,1
166,20260523,1
167,20260519,1
167,20260520,1
167,20260521,1
168,20260425,1
168,20260509,1
168,20260606,1
169,20260530,1
170,20260410,1
170,20260424,1
170,20260508,1
170,20260522,1
170,20260605,1
171,20260518,1
172,20260525,1
172,20260529,1
173,20260601,1
173,20260602,1
173,20260603,1
173,20260604,1
173,20260605,1
174,20260412,1
174,20260419,1
174,20260426,1
174,20260503,1
174,20260510,1
174,20260524,1
174,20260531,1
174,20260607,1
174,20260614,1
174,20260619,1
174,20260620,1
174,20260621,1
174,20260627,1
174,20260628,1
174,20260704,1
174,20260705,1
174,20260711,1
174,20260712,1
174,20260718,1
174,20260719,1
174,20260725,1
174,20260726,1
174,20260801,1
174,20260802,1
174,20260808,1
174,20260809,1
174,20260815,1
175,20260407,1
175,20260408,1
175,20260409,1
175,20260410,1
175,20260413,1
175,20260414,1
175,20260415,1
175,20260416,1
175,20260417,1
175,20260420,1
175,20260421,1
175,20260422,1
175,20260423,1
175,20260424,1
175,20260427,1
175,20260428,1
175,20260429,1
175,20260430,1
175,20260504,1
175,20260505,1
175,20260506,1
175,20260507,1
175,20260508,1
175,20260511,1
175,20260512,1
175,20260513,1
175,20260518,1
175,20260519,1
175,20260520,1
175,20260521,1
175,20260522,1
175,20260525,1
175,20260526,1
175,20260527,1
175,20260528,1
175,20260529,1
175,20260601,1
175,20260602,1
175,20260603,1
175,20260604,1
175,20260605,1
175,20260608,1
175,20260609,1
175,20260610,1
175,20260611,1
175,20260612,1
175,20260615,1
175,20260616,1
175,20260617,1
175,20260618,1
176,20260406,1
176,20260412,1
176,20260419,1
176,20260426,1
176,20260503,1
176,20260510,1
176,20260524,1
176,20260531,1
176,20260607,1
176,20260614,1
176,20260619,1
176,20260620,1
176,20260621,1
176,20260627,1
176,20260628,1
176,20260704,1
176,20260705,1
176,20260711,1
176,20260712,1
176,20260718,1
176,20260719,1
176,20260725,1
176,20260726,1
176,20260801,1
176,20260802,1
176,20260808,1
176,20260809,1
176,20260815,1
177,20260406,1
177,20260412,1
177,20260419,1
177,20260426,1
177,20260503,1
177,20260510,1
177,20260517,1
177,20260524,1
177,20260531,1
177,20260607,1
177,20260614,1
177,20260619,1
177,20260620,1
177,20260621,1
177,20260627,1
177,20260628,1
177,20260704,1
177,20260705,1
177,20260711,1
177,20260712,1
177,20260718,1
177,20260719,1
177,20260725,1
177,20260726,1
177,20260801,1
177,20260802,1
177,20260808,1
177,20260809,1
177,20260815,1
178,20260406,1
178,20260407,1
178,20260408,1
178,20260409,1
178,20260410,1
178,20260411,1
178,20260412,1
178,20260413,1
178,20260414,1
178,20260415,1
178,20260416,1
178,20260417,1
178,20260418,1
178,20260419,1
178,20260420,1
178,20260421,1
178,20260422,1
178,20260423,1
178,20260424,1
178,20260425,1
178,20260426,1
178,20260427,1
178,20260428,1
178,20260429,1
178,20260430,1
178,20260501,1
178,20260502,1
178,20260503,1
178,20260504,1
178,20260505,1
178,20260506,1
178,20260507,1
178,20260508,1
178,20260509,1
178,20260510,1
178,20260511,1
178,20260512,1
178,20260517,1
178,20260518,1
178,20260519,1
178,20260520,1
178,20260521,1
178,20260522,1
178,20260523,1
178,20260524,1
178,20260525,1
178,20260526,1
178,20260527,1
178,20260528,1
178,20260529,1
178,20260530,1
178,20260531,1
178,20260601,1
178,20260602,1
178,20260603,1
178,20260604,1
178,20260605,1
178,20260606,1
178,20260607,1
178,20260608,1
178,20260609,1
178,20260610,1
178,20260611,1
178,20260612,1
178,20260613,1
178,20260614,1
178,20260615,1
178,20260616,1
178,20260617,1
178,20260618,1
178,20260619,1
178,20260620,1
178,20260621,1
178,20260622,1
178,20260623,1
178,20260624,1
178,20260625,1
178,20260626,1
178,20260628,1
178,20260629,1
178,20260630,1
178,20260701,1
178,20260702,1
178,20260703,1
178,20260704,1
178,20260705,1
178,20260706,1
178,20260707,1
178,20260708,1
178,20260709,1
178,20260710,1
178,20260711,1
178,20260712,1
178,20260713,1
178,20260714,1
178,20260715,1
178,20260716,1
178,20260717,1
178,20260718,1
178,20260719,1
178,20260720,1
178,20260721,1
178,20260722,1
178,20260723,1
178,20260724,1
178,20260725,1
178,20260726,1
178,20260727,1
178,20260728,1
178,20260729,1
178,20260730,1
178,20260731,1
178,20260801,1
178,20260802,1
178,20260803,1
178,20260804,1
178,20260805,1
178,20260806,1
178,20260807,1
178,20260808,1
178,20260809,1
178,20260810,1
178,20260811,1
178,20260812,1
178,20260813,1
178,20260814,1
178,20260815,1
179,20260410,1
179,20260411,1
179,20260417,1
179,20260418,1
179,20260424,1
179,20260425,1
179,20260430,1
179,20260501,1
179,20260502,1
179,20260508,1
179,20260509,1
179,20260522,1
179,20260523,1
179,20260529,1
179,20260530,1
179,20260605,1
179,20260606,1
179,20260612,1
179,20260613,1
179,20260618,1
179,20260619,1
179,20260620,1
179,20260626,1
179,20260703,1
179,20260704,1
179,20260710,1
179,20260711,1
179,20260717,1
179,20260718,1
179,20260724,1
179,20260725,1
179,20260731,1
179,20260801,1
179,20260807,1
179,20260808,1
179,20260814,1
179,20260815,1
180,20260406,1
180,20260411,1
180,20260412,1
180,20260418,1
180,20260419,1
180,20260425,1
180,20260426,1
180,20260501,1
180,20260502,1
180,20260503,1
180,20260509,1
180,20260510,1
180,20260517,1
180,20260523,1
180,20260524,1
180,20260530,1
180,20260531,1
180,20260606,1
180,20260607,1
180,20260613,1
180,20260614,1
180,20260619,1
180,20260620,1
180,20260621,1
180,20260627,1
180,20260628,1
180,20260704,1
180,20260705,1
180,20260711,1
180,20260712,1
180,20260718,1
180,20260719,1
180,20260725,1
180,20260726,1
180,20260801,1
180,20260802,1
180,20260808,1
180,20260809,1
180,20260815,1
181,20260411,1
181,20260418,1
181,20260425,1
181,20260501,1
181,20260502,1
181,20260509,1
181,20260523,1
181,20260530,1
181,20260606,1
181,20260613,1
181,20260622,1
181,20260623,1
181,20260624,1
181,20260625,1
181,20260626,1
181,20260629,1
181,20260630,1
181,20260701,1
181,20260702,1
181,20260703,1
181,20260706,1
181,20260707,1
181,20260708,1
181,20260709,1
181,20260710,1
181,20260713,1
181,20260714,1
181,20260715,1
181,20260716,1
181,20260717,1
181,20260720,1
181,20260721,1
181,20260722,1
181,20260723,1
181,20260724,1
181,20260727,1
181,20260728,1
181,20260729,1
181,20260730,1
181,20260731,1
181,20260803,1
181,20260804,1
181,20260805,1
181,20260806,1
181,20260807,1
181,20260810,1
181,20260811,1
181,20260812,1
181,20260813,1
181,20260814,1
182,20260622,1
182,20260623,1
182,20260624,1
182,20260625,1
182,20260626,1
182,20260629,1
182,20260630,1
182,20260701,1
182,20260702,1
182,20260703,1
182,20260706,1
182,20260707,1
182,20260708,1
182,20260709,1
182,20260710,1
182,20260713,1
182,20260714,1
182,20260715,1
182,20260716,1
182,20260717,1
182,20260720,1
182,20260721,1
182,20260722,1
182,20260723,1
182,20260724,1
182,20260727,1
182,20260728,1
182,20260729,1
182,20260730,1
182,20260731,1
182,20260803,1
182,20260804,1
182,20260805,1
182,20260806,1
182,20260807,1
182,20260810,1
182,20260811,1
182,20260812,1
182,20260813,1
182,20260814,1
183,20260406,1
183,20260407,1
183,20260408,1
183,20260409,1
183,20260410,1
183,20260411,1
183,20260412,1
183,20260413,1
183,20260414,1
183,20260415,1
183,20260416,1
183,20260417,1
183,20260418,1
183,20260419,1
183,20260420,1
183,20260421,1
183,20260422,1
183,20260423,1
183,20260424,1
183,20260425,1
183,20260426,1
183,20260427,1
183,20260428,1
183,20260429,1
183,20260430,1
183,20260501,1
183,20260502,1
183,20260503,1
183,20260504,1
183,20260505,1
183,20260506,1
183,20260507,1
183,20260508,1
183,20260509,1
183,20260510,1
183,20260511,1
183,20260512,1
183,20260517,1
183,20260520,1
183,20260521,1
183,20260522,1
183,20260523,1
183,20260524,1
183,20260525,1
183,20260526,1
183,20260527,1
183,20260528,1
183,20260529,1
183,20260530,1
183,20260605,1
183,20260606,1
183,20260607,1
183,20260608,1
183,20260609,1
183,20260610,1
183,20260611,1
183,20260612,1
183,20260613,1
183,20260614,1
183,20260615,1
183,20260616,1
183,20260617,1
183,20260618,1
183,20260619,1
183,20260620,1
183,20260621,1
183,20260622,1
183,20260623,1
183,20260624,1
183,20260625,1
183,20260626,1
183,20260630,1
183,20260701,1
183,20260702,1
183,20260703,1
183,20260704,1
183,20260705,1
183,20260706,1
183,20260707,1
183,20260708,1
183,20260709,1
183,20260710,1
183,20260711,1
183,20260712,1
183,20260713,1
183,20260714,1
183,20260715,1
183,20260716,1
183,20260717,1
183,20260718,1
183,20260719,1
183,20260720,1
183,20260721,1
183,20260722,1
183,20260723,1
183,20260724,1
183,20260725,1
183,20260726,1
183,20260727,1
183,20260728,1
183,20260729,1
183,20260730,1
183,20260731,1
183,20260801,1
183,20260802,1
183,20260803,1
183,20260804,1
183,20260805,1
183,20260806,1
183,20260807,1
183,20260808,1
183,20260809,1
183,20260810,1
183,20260811,1
183,20260812,1
183,20260813,1
183,20260814,1
183,20260815,1
184,20260407,1
184,20260408,1
184,20260409,1
184,20260410,1
184,20260413,1
184,20260414,1
184,20260415,1
184,20260416,1
184,20260417,1
184,20260420,1
184,20260421,1
184,20260422,1
184,20260423,1
184,20260424,1
184,20260427,1
184,20260428,1
184,20260429,1
184,20260430,1
184,20260504,1
184,20260505,1
184,20260506,1
184,20260507,1
184,20260508,1
184,20260511,1
184,20260512,1
184,20260513,1
184,20260518,1
184,20260521,1
184,20260522,1
184,20260525,1
184,20260526,1
184,20260527,1
184,20260528,1
184,20260529,1
184,20260601,1
184,20260602,1
184,20260603,1
184,20260604,1
184,20260605,1
184,20260608,1
184,20260609,1
184,20260610,1
184,20260611,1
184,20260612,1
184,20260615,1
184,20260616,1
184,20260617,1
184,20260618,1
184,20260622,1
184,20260623,1
184,20260624,1
184,20260625,1
184,20260626,1
184,20260629,1
184,20260630,1
184,20260701,1
184,20260702,1
184,20260703,1
184,20260706,1
184,20260707,1
184,20260708,1
184,20260709,1
184,20260710,1
184,20260713,1
184,20260714,1
184,20260715,1
184,20260716,1
184,20260717,1
184,20260720,1
184,20260721,1
184,20260722,1
184,20260723,1
184,20260724,1
184,20260727,1
184,20260728,1
184,20260729,1
184,20260730,1
184,20260731,1
184,20260803,1
184,20260804,1
184,20260805,1
184,20260806,1
184,20260807,1
184,20260810,1
184,20260811,1
184,20260812,1
184,20260813,1
184,20260814,1
185,20260513,1
185,20260515,1
185,20260516,1
186,20260406,1
186,20260411,1
186,20260412,1
186,20260418,1
186,20260419,1
186,20260425,1
186,20260426,1
186,20260501,1
186,20260502,1
186,20260503,1
186,20260509,1
186,20260510,1
186,20260517,1
186,20260523,1
186,20260524,1
186,20260530,1
186,20260531,1
186,20260606,1
186,20260607,1
186,20260613,1
186,20260614,1
186,20260619,1
186,20260620,1
186,20260621,1
186,20260622,1
186,20260623,1
186,20260624,1
186,20260625,1
186,20260626,1
186,20260628,1
186,20260629,1
186,20260630,1
186,20260701,1
186,20260702,1
186,20260703,1
186,20260704,1
186,20260705,1
186,20260706,1
186,20260707,1
186,20260708,1
186,20260709,1
186,20260710,1
186,20260711,1
186,20260712,1
186,20260713,1
186,20260714,1
186,20260715,1
186,20260716,1
186,20260717,1
186,20260718,1
186,20260719,1
186,20260720,1
186,20260721,1
186,20260722,1
186,20260723,1
186,20260724,1
186,20260725,1
186,20260726,1
186,20260727,1
186,20260728,1
186,20260729,1
186,20260730,1
186,20260731,1
186,20260801,1
186,20260802,1
186,20260803,1
186,20260804,1
186,20260805,1
186,20260806,1
186,20260807,1
186,20260808,1
186,20260809,1
186,20260810,1
186,20260811,1
186,20260812,1
186,20260813,1
186,20260814,1
186,20260815,1
187,20260407,1
187,20260408,1
187,20260409,1
187,20260410,1
187,20260411,1
187,20260413,1
187,20260414,1
187,20260415,1
187,20260416,1
187,20260417,1
187,20260418,1
187,20260420,1
187,20260421,1
187,20260422,1
187,20260423,1
187,20260424,1
187,20260425,1
187,20260427,1
187,20260428,1
187,20260429,1
187,20260430,1
187,20260501,1
187,20260502,1
187,20260504,1
187,20260505,1
187,20260506,1
187,20260507,1
187,20260508,1
187,20260509,1
187,20260511,1
187,20260512,1
187,20260513,1
187,20260518,1
187,20260519,1
187,20260520,1
187,20260521,1
187,20260522,1
187,20260523,1
187,20260525,1
187,20260526,1
187,20260527,1
187,20260528,1
187,20260529,1
187,20260530,1
187,20260601,1
187,20260602,1
187,20260603,1
187,20260604,1
187,20260605,1
187,20260606,1
187,20260608,1
187,20260609,1
187,20260610,1
187,20260611,1
187,20260612,1
187,20260613,1
187,20260615,1
187,20260616,1
187,20260617,1
187,20260618,1
187,20260622,1
187,20260623,1
187,20260624,1
187,20260625,1
187,20260626,1
187,20260629,1
187,20260630,1
187,20260701,1
187,20260702,1
187,20260703,1
187,20260706,1
187,20260707,1
187,20260708,1
187,20260709,1
187,20260710,1
187,20260713,1
187,20260714,1
187,20260715,1
187,20260716,1
187,20260717,1
187,20260720,1
187,20260721,1
187,20260722,1
187,20260723,1
187,20260724,1
187,20260727,1
187,20260728,1
187,20260729,1
187,20260730,1
187,20260731,1
187,20260803,1
187,20260804,1
187,20260805,1
187,20260806,1
187,20260807,1
187,20260810,1
187,20260811,1
187,20260812,1
187,20260813,1
187,20260814,1
188,20260407,1
188,20260408,1
188,20260409,1
188,20260410,1
188,20260411,1
188,20260413,1
188,20260414,1
188,20260415,1
188,20260416,1
188,20260417,1
188,20260418,1
188,20260420,1
188,20260421,1
188,20260422,1
188,20260423,1
188,20260424,1
188,20260425,1
188,20260427,1
188,20260428,1
188,20260429,1
188,20260430,1
188,20260501,1
188,20260502,1
188,20260504,1
188,20260505,1
188,20260506,1
188,20260507,1
188,20260508,1
188,20260509,1
188,20260511,1
188,20260512,1
188,20260513,1
188,20260518,1
188,20260519,1
188,20260520,1
188,20260521,1
188,20260522,1
188,20260523,1
188,20260525,1
188,20260526,1
188,20260527,1
188,20260528,1
188,20260529,1
188,20260530,1
188,20260601,1
188,20260602,1
188,20260603,1
188,20260604,1
188,20260605,1
188,20260606,1
188,20260608,1
188,20260609,1
188,20260610,1
188,20260611,1
188,20260612,1
188,20260613,1
188,20260615,1
188,20260616,1
188,20260617,1
188,20260618,1
189,20260406,1
189,20260407,1
189,20260408,1
189,20260409,1
189,20260410,1
189,20260411,1
189,20260412,1
189,20260413,1
189,20260414,1
189,20260415,1
189,20260416,1
189,20260417,1
189,20260418,1
189,20260419,1
189,20260420,1
189,20260421,1
189,20260422,1
189,20260423,1
189,20260424,1
189,20260425,1
189,20260426,1
189,20260427,1
189,20260428,1
189,20260429,1
189,20260430,1
189,20260501,1
189,20260502,1
189,20260503,1
189,20260504,1
189,20260505,1
189,20260506,1
189,20260507,1
189,20260508,1
189,20260509,1
189,20260510,1
189,20260511,1
189,20260512,1
189,20260513,1
189,20260517,1
189,20260518,1
189,20260519,1
189,20260520,1
189,20260521,1
189,20260522,1
189,20260523,1
189,20260524,1
189,20260525,1
189,20260526,1
189,20260527,1
189,20260528,1
189,20260529,1
189,20260530,1
189,20260531,1
189,20260601,1
189,20260602,1
189,20260603,1
189,20260604,1
189,20260605,1
189,20260606,1
189,20260607,1
189,20260608,1
189,20260609,1
189,20260610,1
189,20260611,1
189,20260612,1
189,20260613,1
189,20260614,1
189,20260615,1
189,20260616,1
189,20260617,1
189,20260618,1
189,20260619,1
189,20260620,1
189,20260621,1
189,20260627,1
189,20260628,1
189,20260704,1
189,20260705,1
189,20260711,1
189,20260712,1
189,20260718,1
189,20260719,1
189,20260725,1
189,20260726,1
189,20260801,1
189,20260802,1
189,20260808,1
189,20260809,1
189,20260815,1
190,20260406,1
190,20260407,1
190,20260408,1
190,20260409,1
190,20260410,1
190,20260411,1
190,20260412,1
190,20260413,1
190,20260414,1
190,20260415,1
190,20260416,1
190,20260417,1
190,20260418,1
190,20260419,1
190,20260420,1
190,20260421,1
190,20260422,1
190,20260423,1
190,20260424,1
190,20260425,1
190,20260426,1
190,20260427,1
190,20260428,1
190,20260429,1
190,20260430,1
190,20260501,1
190,20260502,1
190,20260503,1
190,20260504,1
190,20260505,1
190,20260506,1
190,20260507,1
190,20260508,1
190,20260509,1
190,20260510,1
190,20260511,1
190,20260512,1
190,20260513,1
190,20260517,1
190,20260518,1
190,20260519,1
190,20260520,1
190,20260521,1
190,20260522,1
190,20260523,1
190,20260524,1
190,20260525,1
190,20260526,1
190,20260527,1
190,20260528,1
190,20260529,1
190,20260530,1
190,20260531,1
190,20260601,1
190,20260602,1
190,20260603,1
190,20260604,1
190,20260605,1
190,20260606,1
190,20260607,1
190,20260608,1
190,20260609,1
190,20260610,1
190,20260611,1
190,20260612,1
190,20260613,1
190,20260614,1
190,20260615,1
190,20260616,1
190,20260617,1
190,20260618,1
190,20260619,1
190,20260620,1
190,20260621,1
190,20260622,1
190,20260623,1
190,20260624,1
190,20260625,1
190,20260626,1
190,20260628,1
190,20260629,1
190,20260630,1
190,20260701,1
190,20260702,1
190,20260703,1
190,20260704,1
190,20260705,1
190,20260706,1
190,20260707,1
190,20260708,1
190,20260709,1
190,20260710,1
190,20260711,1
190,20260712,1
190,20260713,1
190,20260714,1
190,20260715,1
190,20260716,1
190,20260717,1
190,20260718,1
190,20260719,1
190,20260720,1
190,20260721,1
190,20260722,1
190,20260723,1
190,20260724,1
190,20260725,1
190,20260726,1
190,20260727,1
190,20260728,1
190,20260729,1
190,20260730,1
190,20260731,1
190,20260801,1
190,20260802,1
190,20260803,1
190,20260804,1
190,20260805,1
190,20260806,1
190,20260807,1
190,20260808,1
190,20260809,1
190,20260810,1
190,20260811,1
190,20260812,1
190,20260813,1
190,20260814,1
190,20260815,1
191,20260407,1
191,20260408,1
191,20260409,1
191,20260410,1
191,20260413,1
191,20260414,1
191,20260415,1
191,20260416,1
191,20260417,1
191,20260420,1
191,20260421,1
191,20260422,1
191,20260423,1
191,20260424,1
191,20260427,1
191,20260428,1
191,20260429,1
191,20260430,1
191,20260504,1
191,20260505,1
191,20260506,1
191,20260507,1
191,20260508,1
191,20260511,1
191,20260512,1
191,20260513,1
191,20260518,1
191,20260521,1
191,20260522,1
191,20260525,1
191,20260526,1
191,20260527,1
191,20260528,1
191,20260529,1
191,20260608,1
191,20260609,1
191,20260610,1
191,20260611,1
191,20260612,1
191,20260615,1
191,20260616,1
191,20260617,1
191,20260618,1
191,20260622,1
191,20260623,1
191,20260624,1
191,20260625,1
191,20260626,1
191,20260701,1
191,20260702,1
191,20260703,1
191,20260706,1
191,20260707,1
191,20260708,1
191,20260709,1
191,20260710,1
191,20260713,1
191,20260714,1
191,20260715,1
191,20260716,1
191,20260717,1
191,20260720,1
191,20260721,1
191,20260722,1
191,20260723,1
191,20260724,1
191,20260727,1
191,20260728,1
191,20260729,1
191,20260730,1
191,20260731,1
191,20260803,1
191,20260804,1
191,20260805,1
191,20260806,1
191,20260807,1
191,20260810,1
191,20260811,1
191,20260812,1
191,20260813,1
191,20260814,1
192,20260411,1
192,20260418,1
192,20260425,1
192,20260501,1
192,20260502,1
192,20260509,1
192,20260523,1
192,20260530,1
192,20260606,1
192,20260613,1
193,20260406,1
193,20260411,1
193,20260412,1
193,20260418,1
193,20260419,1
193,20260425,1
193,20260426,1
193,20260501,1
193,20260502,1
193,20260503,1
193,20260509,1
193,20260510,1
193,20260517,1
193,20260523,1
193,20260524,1
193,20260530,1
193,20260531,1
193,20260606,1
193,20260607,1
193,20260613,1
193,20260614,1
193,20260619,1
193,20260620,1
193,20260621,1
193,20260622,1
193,20260623,1
193,20260624,1
193,20260625,1
193,20260626,1
193,20260627,1
193,20260628,1
193,20260629,1
193,20260630,1
193,20260701,1
193,20260702,1
193,20260703,1
193,20260704,1
193,20260705,1
193,20260706,1
193,20260707,1
193,20260708,1
193,20260709,1
193,20260710,1
193,20260711,1
193,20260712,1
193,20260713,1
193,20260714,1
193,20260715,1
193,20260716,1
193,20260717,1
193,20260718,1
193,20260719,1
193,20260720,1
193,20260721,1
193,20260722,1
193,20260723,1
193,20260724,1
193,20260725,1
193,20260726,1
193,20260727,1
193,20260728,1
193,20260729,1
193,20260730,1
193,20260731,1
193,20260801,1
193,20260802,1
193,20260803,1
193,20260804,1
193,20260805,1
193,20260806,1
193,20260807,1
193,20260808,1
193,20260809,1
193,20260810,1
193,20260811,1
193,20260812,1
193,20260813,1
193,20260814,1
193,20260815,1
194,20260519,1
194,20260520,1
195,20260513,1
195,20260514,1
195,20260516,1
196,20260518,1
196,20260519,1
197,20260524,1
198,20260406,1
198,20260407,1
198,20260408,1
198,20260409,1
198,20260410,1
198,20260411,1
198,20260412,1
198,20260413,1
198,20260414,1
198,20260415,1
198,20260416,1
198,20260417,1
198,20260418,1
198,20260419,1
198,20260420,1
198,20260421,1
198,20260422,1
198,20260423,1
198,20260424,1
198,20260425,1
198,20260426,1
198,20260427,1
198,20260428,1
198,20260429,1
198,20260430,1
198,20260501,1
198,20260502,1
198,20260503,1
198,20260504,1
198,20260505,1
198,20260506,1
198,20260507,1
198,20260508,1
198,20260509,1
198,20260510,1
198,20260517,1
198,20260518,1
198,20260519,1
198,20260520,1
198,20260521,1
198,20260522,1
198,20260523,1
198,20260529,1
198,20260530,1
198,20260605,1
198,20260606,1
198,20260612,1
198,20260613,1
198,20260614,1
198,20260615,1
198,20260616,1
198,20260617,1
198,20260618,1
198,20260619,1
198,20260620,1
198,20260621,1
198,20260622,1
198,20260623,1
198,20260624,1
198,20260625,1
198,20260626,1
198,20260630,1
198,20260701,1
198,20260702,1
198,20260703,1
198,20260704,1
198,20260705,1
198,20260706,1
198,20260707,1
198,20260708,1
198,20260709,1
198,20260710,1
198,20260711,1
198,20260712,1
198,20260713,1
198,20260714,1
198,20260715,1
198,20260716,1
198,20260717,1
198,20260718,1
198,20260719,1
198,20260720,1
198,20260721,1
198,20260722,1
198,20260723,1
198,20260724,1
198,20260725,1
198,20260726,1
198,20260727,1
198,20260728,1
198,20260729,1
198,20260730,1
198,20260731,1
198,20260801,1
198,20260802,1
198,20260803,1
198,20260804,1
198,20260805,1
198,20260806,1
198,20260807,1
198,20260808,1
198,20260809,1
198,20260810,1
198,20260811,1
198,20260812,1
198,20260813,1
198,20260814,1
198,20260815,1
199,20260407,1
199,20260408,1
199,20260409,1
199,20260410,1
199,20260413,1
199,20260414,1
199,20260415,1
199,20260416,1
199,20260417,1
199,20260420,1
199,20260421,1
199,20260422,1
199,20260423,1
199,20260424,1
199,20260427,1
199,20260428,1
199,20260429,1
199,20260430,1
199,20260504,1
199,20260505,1
199,20260506,1
199,20260507,1
199,20260508,1
199,20260511,1
199,20260512,1
199,20260513,1
199,20260518,1
199,20260519,1
199,20260520,1
199,20260521,1
199,20260522,1
199,20260525,1
199,20260526,1
199,20260527,1
199,20260528,1
199,20260529,1
199,20260601,1
199,20260602,1
199,20260603,1
199,20260604,1
199,20260605,1
199,20260608,1
199,20260609,1
199,20260610,1
199,20260611,1
199,20260612,1
199,20260615,1
199,20260616,1
199,20260617,1
199,20260618,1
199,20260622,1
199,20260623,1
199,20260624,1
199,20260625,1
199,20260626,1
199,20260629,1
199,20260630,1
199,20260701,1
199,20260702,1
199,20260703,1
199,20260706,1
199,20260707,1
199,20260708,1
199,20260709,1
199,20260710,1
199,20260713,1
199,20260714,1
199,20260715,1
199,20260716,1
199,20260717,1
199,20260720,1
199,20260721,1
199,20260722,1
199,20260723,1
199,20260724,1
199,20260727,1
199,20260728,1
199,20260729,1
199,20260730,1
199,20260731,1
199,20260803,1
199,20260804,1
199,20260805,1
199,20260806,1
199,20260807,1
199,20260810,1
199,20260811,1
199,20260812,1
199,20260813,1
199,20260814,1
200,20260626,1
200,20260807,1
200,20260814,1
201,20260406,1
201,20260407,1
201,20260408,1
201,20260409,1
201,20260410,1
201,20260411,1
201,20260412,1
201,20260413,1
201,20260414,1
201,20260415,1
201,20260416,1
201,20260417,1
201,20260418,1
201,20260419,1
201,20260420,1
201,20260421,1
201,20260422,1
201,20260423,1
201,20260424,1
201,20260425,1
201,20260426,1
201,20260427,1
201,20260428,1
201,20260429,1
201,20260430,1
201,20260501,1
201,20260502,1
201,20260503,1
201,20260504,1
201,20260505,1
201,20260506,1
201,20260507,1
201,20260508,1
201,20260509,1
201,20260510,1
201,20260511,1
201,20260512,1
201,20260517,1
201,20260518,1
201,20260519,1
201,20260520,1
201,20260521,1
201,20260522,1
201,20260523,1
201,20260529,1
201,20260530,1
201,20260531,1
201,20260601,1
201,20260602,1
201,20260603,1
201,20260604,1
201,20260605,1
201,20260606,1
201,20260607,1
201,20260608,1
201,20260609,1
201,20260610,1
201,20260611,1
201,20260612,1
201,20260613,1
201,20260614,1
201,20260615,1
201,20260616,1
201,20260617,1
201,20260618,1
201,20260619,1
201,20260620,1
201,20260621,1
201,20260622,1
201,20260623,1
201,20260624,1
201,20260625,1
201,20260626,1
201,20260628,1
201,20260629,1
201,20260630,1
201,20260701,1
201,20260702,1
201,20260703,1
201,20260704,1
201,20260705,1
201,20260706,1
201,20260707,1
201,20260708,1
201,20260709,1
201,20260710,1
201,20260711,1
201,20260712,1
201,20260713,1
201,20260714,1
201,20260715,1
201,20260716,1
201,20260717,1
201,20260718,1
201,20260719,1
201,20260720,1
201,20260721,1
201,20260722,1
201,20260723,1
201,20260724,1
201,20260725,1
201,20260726,1
201,20260727,1
201,20260728,1
201,20260729,1
201,20260730,1
201,20260731,1
201,20260801,1
201,20260802,1
201,20260803,1
201,20260804,1
201,20260805,1
201,20260806,1
201,20260807,1
201,20260808,1
201,20260809,1
201,20260810,1
201,20260811,1
201,20260812,1
201,20260813,1
201,20260814,1
201,20260815,1
202,20260407,1
202,20260408,1
202,20260409,1
202,20260410,1
202,20260413,1
202,20260414,1
202,20260415,1
202,20260416,1
202,20260417,1
202,20260420,1
202,20260421,1
202,20260422,1
202,20260423,1
202,20260424,1
202,20260427,1
202,20260428,1
202,20260429,1
202,20260430,1
202,20260504,1
202,20260505,1
202,20260506,1
202,20260507,1
202,20260508,1
202,20260511,1
202,20260512,1
202,20260513,1
202,20260515,1
202,20260518,1
202,20260519,1
202,20260520,1
202,20260521,1
202,20260522,1
202,20260601,1
202,20260602,1
202,20260603,1
202,20260604,1
202,20260605,1
202,20260608,1
202,20260609,1
202,20260610,1
202,20260611,1
202,20260612,1
202,20260615,1
202,20260616,1
202,20260617,1
202,20260618,1
202,20260622,1
202,20260623,1
202,20260624,1
202,20260625,1
202,20260626,1
202,20260629,1
202,20260706,1
202,20260713,1
202,20260720,1
202,20260727,1
202,20260803,1
202,20260804,1
202,20260805,1
202,20260806,1
202,20260807,1
202,20260810,1
202,20260811,1
202,20260812,1
202,20260813,1
202,20260814,1
203,20260412,1
203,20260419,1
203,20260426,1
203,20260503,1
203,20260510,1
203,20260531,1
203,20260607,1
203,20260614,1
203,20260619,1
203,20260620,1
203,20260621,1
203,20260627,1
203,20260628,1
203,20260704,1
203,20260705,1
203,20260711,1
203,20260712,1
203,20260718,1
203,20260719,1
203,20260725,1
203,20260726,1
203,20260801,1
203,20260802,1
203,20260808,1
203,20260809,1
203,20260815,1
204,20260406,1
204,20260412,1
204,20260419,1
204,20260426,1
204,20260503,1
204,20260510,1
204,20260517,1
204,20260524,1
204,20260531,1
205,20260607,1
205,20260614,1
205,20260619,1
205,20260620,1
205,20260621,1
205,20260627,1
205,20260628,1
205,20260704,1
205,20260705,1
205,20260711,1
205,20260712,1
205,20260718,1
205,20260719,1
205,20260725,1
205,20260726,1
205,20260801,1
205,20260802,1
205,20260808,1
205,20260809,1
205,20260815,1
206,20260406,1
206,20260407,1
206,20260408,1
206,20260409,1
206,20260410,1
206,20260411,1
206,20260412,1
206,20260413,1
206,20260414,1
206,20260415,1
206,20260416,1
206,20260417,1
206,20260418,1
206,20260419,1
206,20260420,1
206,20260421,1
206,20260422,1
206,20260423,1
206,20260424,1
206,20260425,1
206,20260426,1
206,20260427,1
206,20260428,1
206,20260429,1
206,20260430,1
206,20260501,1
206,20260502,1
206,20260503,1
206,20260504,1
206,20260505,1
206,20260506,1
206,20260507,1
206,20260508,1
206,20260509,1
206,20260510,1
206,20260517,1
206,20260518,1
206,20260519,1
206,20260520,1
206,20260521,1
206,20260522,1
206,20260523,1
206,20260529,1
206,20260530,1
206,20260531,1
206,20260601,1
206,20260602,1
206,20260603,1
206,20260604,1
206,20260605,1
206,20260606,1
206,20260612,1
206,20260613,1
206,20260614,1
206,20260615,1
206,20260616,1
206,20260617,1
206,20260618,1
206,20260619,1
206,20260620,1
206,20260621,1
206,20260622,1
206,20260623,1
206,20260624,1
206,20260625,1
206,20260626,1
206,20260629,1
206,20260630,1
206,20260701,1
206,20260702,1
206,20260703,1
206,20260704,1
206,20260705,1
206,20260706,1
206,20260707,1
206,20260708,1
206,20260709,1
206,20260710,1
206,20260711,1
206,20260712,1
206,20260713,1
206,20260714,1
206,20260715,1
206,20260716,1
206,20260717,1
206,20260718,1
206,20260719,1
206,20260720,1
206,20260721,1
206,20260722,1
206,20260723,1
206,20260724,1
206,20260725,1
206,20260726,1
206,20260727,1
206,20260728,1
206,20260729,1
206,20260730,1
206,20260731,1
206,20260801,1
206,20260802,1
206,20260803,1
206,20260804,1
206,20260805,1
206,20260806,1
206,20260807,1
206,20260808,1
206,20260809,1
206,20260810,1
206,20260811,1
206,20260812,1
206,20260813,1
206,20260814,1
206,20260815,1
207,20260701,1
207,20260702,1
207,20260703,1
207,20260707,1
207,20260708,1
207,20260709,1
207,20260710,1
207,20260714,1
207,20260715,1
207,20260716,1
207,20260717,1
207,20260721,1
207,20260722,1
207,20260723,1
207,20260724,1
207,20260728,1
207,20260729,1
207,20260730,1
207,20260731,1
208,20260412,1
208,20260419,1
208,20260426,1
208,20260503,1
208,20260510,1
208,20260524,1
208,20260531,1
208,20260607,1
208,20260614,1
208,20260621,1
208,20260628,1
208,20260705,1
208,20260712,1
208,20260719,1
208,20260726,1
208,20260802,1
208,20260809,1
209,20260407,1
209,20260408,1
209,20260409,1
209,20260410,1
209,20260413,1
209,20260414,1
209,20260415,1
209,20260416,1
209,20260417,1
209,20260420,1
209,20260421,1
209,20260422,1
209,20260423,1
209,20260424,1
209,20260427,1
209,20260428,1
209,20260429,1
209,20260430,1
209,20260504,1
209,20260505,1
209,20260506,1
209,20260507,1
209,20260508,1
209,20260511,1
209,20260512,1
209,20260513,1
209,20260519,1
209,20260520,1
209,20260521,1
209,20260522,1
209,20260525,1
209,20260526,1
209,20260527,1
209,20260528,1
209,20260529,1
209,20260601,1
209,20260602,1
209,20260603,1
209,20260604,1
209,20260605,1
209,20260608,1
209,20260609,1
209,20260610,1
209,20260611,1
209,20260612,1
209,20260615,1
209,20260616,1
209,20260617,1
209,20260618,1
209,20260622,1
209,20260623,1
209,20260624,1
209,20260625,1
209,20260626,1
209,20260629,1
209,20260630,1
209,20260701,1
209,20260702,1
209,20260703,1
209,20260706,1
209,20260707,1
209,20260708,1
209,20260709,1
209,20260710,1
209,20260713,1
209,20260714,1
209,20260715,1
209,20260716,1
209,20260717,1
209,20260720,1
209,20260721,1
209,20260722,1
209,20260723,1
209,20260724,1
209,20260727,1
209,20260728,1
209,20260729,1
209,20260730,1
209,20260731,1
209,20260803,1
209,20260804,1
209,20260805,1
209,20260806,1
209,20260807,1
209,20260810,1
209,20260811,1
209,20260812,1
209,20260813,1
209,20260814,1
210,20260622,1
210,20260623,1
210,20260624,1
210,20260625,1
210,20260629,1
210,20260630,1
210,20260701,1
210,20260702,1
210,20260703,1
210,20260706,1
210,20260707,1
210,20260708,1
210,20260709,1
210,20260710,1
210,20260713,1
210,20260714,1
210,20260715,1
210,20260716,1
210,20260717,1
210,20260720,1
210,20260721,1
210,20260722,1
210,20260723,1
210,20260724,1
210,20260727,1
210,20260728,1
210,20260729,1
210,20260730,1
210,20260731,1
210,20260803,1
210,20260804,1
210,20260805,1
210,20260806,1
210,20260810,1
210,20260811,1
210,20260812,1
210,20260813,1
211,20260427,1
211,20260428,1
211,20260429,1
211,20260430,1
211,20260504,1
211,20260505,1
211,20260506,1
211,20260507,1
211,20260508,1
211,20260511,1
211,20260512,1
211,20260513,1
211,20260515,1
211,20260518,1
211,20260519,1
211,20260520,1
211,20260521,1
211,20260522,1
211,20260525,1
211,20260526,1
211,20260527,1
211,20260528,1
211,20260529,1
211,20260601,1
211,20260602,1
211,20260603,1
211,20260604,1
211,20260605,1
211,20260608,1
211,20260609,1
211,20260610,1
211,20260611,1
211,20260612,1
212,20260425,1
212,20260502,1
212,20260509,1
212,20260516,1
212,20260523,1
212,20260530,1
212,20260613,1
213,20260426,1
213,20260501,1
213,20260503,1
213,20260510,1
213,20260514,1
213,20260517,1
213,20260524,1
213,20260531,1
213,20260606,1
213,20260607,1
213,20260614,1
214,20260407,1
214,20260408,1
214,20260409,1
214,20260410,1
214,20260413,1
214,20260414,1
214,20260415,1
214,20260416,1
214,20260417,1
214,20260420,1
214,20260421,1
214,20260422,1
214,20260423,1
214,20260424,1
215,20260404,1
215,20260411,1
215,20260418,1
216,20260405,1
216,20260406,1
216,20260412,1
216,20260419,1
217,20260413,1
217,20260414,1
217,20260415,1
217,20260416,1
217,20260417,1
217,20260420,1
217,20260421,1
217,20260422,1
217,20260423,1
217,20260424,1
218,20260411,1
218,20260418,1
219,20260405,1
219,20260406,1
220,20260412,1
220,20260419,1
221,20260430,1
221,20260513,1
222,20260626,1
222,20260703,1
222,20260710,1
222,20260717,1
222,20260724,1
222,20260731,1
222,20260807,1
222,20260814,1
223,20260410,1
223,20260417,1
223,20260424,1
223,20260508,1
223,20260515,1
223,20260522,1
223,20260529,1
223,20260605,1
223,20260612,1
224,20260405,1
224,20260501,1
224,20260606,1
225,20260620,1
226,20260430,1
226,20260504,1
226,20260505,1
226,20260506,1
226,20260507,1
226,20260508,1
226,20260511,1
226,20260512,1
226,20260513,1
226,20260515,1
226,20260518,1
226,20260519,1
226,20260520,1
226,20260521,1
226,20260522,1
226,20260525,1
226,20260526,1
226,20260527,1
226,20260528,1
226,20260529,1
226,20260601,1
226,20260602,1
226,20260603,1
226,20260604,1
226,20260605,1
226,20260608,1
226,20260609,1
226,20260610,1
226,20260611,1
226,20260612,1
227,20260404,1
227,20260502,1
227,20260509,1
227,20260516,1
227,20260523,1
227,20260530,1
227,20260613,1
228,20260407,1
228,20260408,1
228,20260409,1
228,20260410,1
228,20260413,1
228,20260414,1
228,20260415,1
228,20260416,1
228,20260417,1
228,20260420,1
228,20260421,1
228,20260422,1
228,20260423,1
228,20260424,1
228,20260427,1
228,20260428,1
228,20260429,1
229,20260410,1
229,20260417,1
229,20260424,1
230,20260411,1
230,20260418,1
230,20260425,1
231,20260405,1
231,20260406,1
231,20260501,1
231,20260503,1
231,20260510,1
231,20260514,1
231,20260517,1
231,20260524,1
231,20260531,1
231,20260606,1
231,20260607,1
231,20260614,1
232,20260508,1
232,20260515,1
232,20260522,1
232,20260529,1
232,20260605,1
232,20260612,1
233,20260412,1
233,20260419,1
233,20260426,1
234,20260406,1
234,20260412,1
234,20260419,1
234,20260426,1
234,20260503,1
234,20260510,1
234,20260514,1
234,20260517,1
234,20260524,1
234,20260531,1
234,20260607,1
234,20260614,1
235,20260407,1
235,20260408,1
235,20260409,1
235,20260413,1
235,20260414,1
235,20260415,1
235,20260416,1
235,20260420,1
235,20260421,1
235,20260422,1
235,20260423,1
235,20260427,1
235,20260428,1
235,20260429,1
235,20260504,1
235,20260505,1
235,20260506,1
235,20260507,1
235,20260511,1
235,20260512,1
235,20260518,1
235,20260519,1
235,20260520,1
235,20260521,1
235,20260525,1
235,20260526,1
235,20260527,1
235,20260528,1
235,20260601,1
235,20260602,1
235,20260603,1
235,20260604,1
235,20260608,1
235,20260609,1
235,20260610,1
235,20260611,1
236,20260621,1
236,20260628,1
236,20260705,1
236,20260712,1
236,20260719,1
236,20260726,1
236,20260802,1
236,20260809,1
237,20260615,1
237,20260616,1
237,20260617,1
237,20260618,1
237,20260622,1
237,20260623,1
237,20260624,1
237,20260625,1
237,20260629,1
237,20260630,1
237,20260701,1
237,20260702,1
237,20260706,1
237,20260707,1
237,20260708,1
237,20260709,1
237,20260713,1
237,20260714,1
237,20260715,1
237,20260716,1
237,20260720,1
237,20260721,1
237,20260722,1
237,20260723,1
237,20260727,1
237,20260728,1
237,20260729,1
237,20260730,1
237,20260803,1
237,20260804,1
237,20260805,1
237,20260806,1
237,20260810,1
237,20260811,1
237,20260812,1
237,20260813,1
238,20260417,1
238,20260424,1
239,20260501,1
239,20260606,1
240,20260426,1
240,20260503,1
240,20260510,1
240,20260514,1
240,20260517,1
240,20260524,1
240,20260531,1
240,20260607,1
240,20260614,1
241,20260427,1
241,20260428,1
241,20260429,1
241,20260504,1
241,20260505,1
241,20260506,1
241,20260507,1
241,20260511,1
241,20260512,1
241,20260518,1
241,20260519,1
241,20260520,1
241,20260521,1
241,20260525,1
241,20260526,1
241,20260527,1
241,20260528,1
241,20260601,1
241,20260602,1
241,20260603,1
241,20260604,1
241,20260608,1
241,20260609,1
241,20260610,1
241,20260611,1
242,20260407,1
242,20260408,1
242,20260409,1
242,20260413,1
242,20260414,1
242,20260415,1
242,20260416,1
242,20260420,1
242,20260421,1
242,20260422,1
242,20260423,1
243,20260406,1
243,20260412,1
243,20260419,1
244,20260407,1
244,20260408,1
244,20260409,1
244,20260410,1
244,20260413,1
244,20260414,1
244,20260415,1
244,20260416,1
244,20260417,1
244,20260420,1
244,20260421,1
244,20260422,1
244,20260423,1
244,20260424,1
244,20260427,1
244,20260428,1
244,20260429,1
244,20260504,1
244,20260505,1
244,20260506,1
244,20260507,1
244,20260508,1
244,20260511,1
244,20260512,1
244,20260513,1
244,20260518,1
244,20260519,1
244,20260520,1
244,20260521,1
244,20260522,1
244,20260525,1
244,20260526,1
244,20260527,1
244,20260528,1
244,20260529,1
244,20260601,1
244,20260602,1
244,20260603,1
244,20260604,1
244,20260605,1
244,20260608,1
244,20260609,1
244,20260610,1
244,20260611,1
245,20260413,1
245,20260414,1
245,20260415,1
245,20260416,1
245,20260417,1
245,20260420,1
245,20260421,1
245,20260422,1
245,20260423,1
245,20260424,1
245,20260427,1
245,20260428,1
245,20260429,1
245,20260430,1
245,20260504,1
245,20260505,1
245,20260506,1
245,20260507,1
245,20260508,1
245,20260511,1
245,20260512,1
245,20260513,1
245,20260515,1
245,20260518,1
245,20260519,1
245,20260520,1
245,20260521,1
245,20260522,1
245,20260525,1
245,20260526,1
245,20260527,1
245,20260528,1
245,20260529,1
245,20260601,1
245,20260602,1
245,20260603,1
245,20260604,1
245,20260605,1
245,20260608,1
245,20260609,1
245,20260610,1
245,20260611,1
245,20260612,1
246,20260411,1
246,20260418,1
246,20260425,1
246,20260502,1
246,20260509,1
246,20260516,1
246,20260523,1
246,20260530,1
246,20260613,1
247,20260412,1
247,20260419,1
247,20260426,1
247,20260501,1
247,20260503,1
247,20260510,1
247,20260514,1
247,20260517,1
247,20260524,1
247,20260531,1
247,20260606,1
247,20260607,1
247,20260614,1
248,20260417,1
248,20260424,1
248,20260508,1
248,20260515,1
248,20260522,1
248,20260529,1
248,20260605,1
248,20260612,1
249,20260427,1
249,20260428,1
249,20260429,1
249,20260504,1
249,20260505,1
249,20260506,1
249,20260507,1
249,20260508,1
249,20260511,1
249,20260512,1
249,20260513,1
249,20260518,1
249,20260519,1
249,20260520,1
249,20260521,1
249,20260522,1
249,20260525,1
249,20260526,1
249,20260527,1
249,20260528,1
249,20260529,1
249,20260601,1
249,20260602,1
249,20260603,1
249,20260604,1
249,20260605,1
249,20260608,1
249,20260609,1
249,20260610,1
249,20260611,1
250,20260410,1
250,20260417,1
250,20260424,1
250,20260430,1
250,20260508,1
250,20260513,1
250,20260515,1
250,20260522,1
250,20260529,1
250,20260605,1
250,20260612,1
251,20260615,1
251,20260616,1
251,20260617,1
251,20260618,1
251,20260810,1
251,20260811,1
251,20260812,1
251,20260813,1
251,20260814,1
252,20260814,1
253,20260611,1
254,20260410,1
254,20260417,1
254,20260424,1
254,20260508,1
254,20260522,1
254,20260529,1
254,20260605,1
255,20260407,1
255,20260408,1
255,20260409,1
255,20260413,1
255,20260414,1
255,20260415,1
255,20260416,1
255,20260420,1
255,20260421,1
255,20260422,1
255,20260423,1
255,20260427,1
255,20260428,1
255,20260429,1
255,20260504,1
255,20260505,1
255,20260506,1
255,20260507,1
255,20260511,1
255,20260512,1
255,20260513,1
255,20260518,1
255,20260519,1
255,20260520,1
255,20260521,1
255,20260525,1
255,20260526,1
255,20260527,1
255,20260528,1
255,20260601,1
255,20260602,1
255,20260603,1
255,20260604,1
255,20260608,1
255,20260609,1
255,20260610,1
255,20260611,1
256,20260407,1
256,20260408,1
256,20260409,1
256,20260410,1
256,20260414,1
256,20260415,1
256,20260416,1
256,20260417,1
256,20260421,1
256,20260422,1
256,20260423,1
256,20260424,1
256,20260428,1
256,20260429,1
256,20260505,1
256,20260506,1
256,20260507,1
256,20260508,1
256,20260512,1
256,20260513,1
256,20260519,1
256,20260520,1
256,20260521,1
256,20260522,1
256,20260526,1
256,20260527,1
256,20260528,1
256,20260529,1
256,20260602,1
256,20260603,1
256,20260604,1
256,20260605,1
256,20260609,1
256,20260610,1
256,20260611,1
257,20260413,1
257,20260420,1
257,20260427,1
257,20260504,1
257,20260511,1
257,20260518,1
257,20260525,1
257,20260601,1
257,20260608,1
258,20260407,1
258,20260408,1
258,20260409,1
258,20260410,1
258,20260413,1
258,20260414,1
258,20260415,1
258,20260416,1
258,20260417,1
258,20260420,1
258,20260421,1
258,20260422,1
258,20260423,1
258,20260424,1
258,20260427,1
258,20260428,1
258,20260429,1
258,20260430,1
258,20260504,1
258,20260505,1
258,20260506,1
258,20260507,1
258,20260508,1
258,20260511,1
258,20260512,1
258,20260513,1
258,20260518,1
258,20260519,1
258,20260520,1
258,20260521,1
258,20260522,1
258,20260525,1
258,20260526,1
258,20260527,1
258,20260528,1
258,20260529,1
258,20260601,1
258,20260602,1
258,20260603,1
258,20260604,1
258,20260605,1
258,20260608,1
258,20260609,1
258,20260610,1
258,20260611,1
258,20260612,1
259,20260430,1
259,20260515,1
259,20260612,1
260,20260409,1
260,20260410,1
260,20260413,1
260,20260416,1
260,20260417,1
260,20260420,1
260,20260423,1
260,20260424,1
260,20260427,1
260,20260504,1
260,20260507,1
260,20260508,1
260,20260511,1
260,20260518,1
260,20260521,1
260,20260522,1
260,20260525,1
260,20260528,1
260,20260529,1
260,20260601,1
260,20260604,1
260,20260605,1
260,20260608,1
260,20260611,1
261,20260407,1
261,20260408,1
261,20260414,1
261,20260415,1
261,20260421,1
261,20260422,1
261,20260428,1
261,20260429,1
261,20260505,1
261,20260506,1
261,20260512,1
261,20260513,1
261,20260519,1
261,20260520,1
261,20260526,1
261,20260527,1
261,20260602,1
261,20260603,1
261,20260609,1
261,20260610,1
262,20260409,1
262,20260410,1
262,20260416,1
262,20260417,1
262,20260423,1
262,20260424,1
262,20260507,1
262,20260508,1
262,20260521,1
262,20260522,1
262,20260528,1
262,20260529,1
262,20260604,1
262,20260605,1
262,20260611,1
263,20260408,1
263,20260413,1
263,20260415,1
263,20260420,1
263,20260422,1
263,20260427,1
263,20260429,1
263,20260504,1
263,20260506,1
263,20260511,1
263,20260513,1
263,20260518,1
263,20260520,1
263,20260525,1
263,20260527,1
263,20260601,1
263,20260603,1
263,20260608,1
263,20260610,1
264,20260407,1
264,20260410,1
264,20260414,1
264,20260417,1
264,20260421,1
264,20260424,1
264,20260428,1
264,20260505,1
264,20260508,1
264,20260512,1
264,20260519,1
264,20260522,1
264,20260526,1
264,20260529,1
264,20260602,1
264,20260605,1
264,20260609,1
265,20260409,1
265,20260413,1
265,20260416,1
265,20260420,1
265,20260423,1
265,20260427,1
265,20260504,1
265,20260507,1
265,20260511,1
265,20260518,1
265,20260521,1
265,20260525,1
265,20260528,1
265,20260601,1
265,20260604,1
265,20260608,1
265,20260611,1
266,20260408,1
266,20260415,1
266,20260422,1
266,20260429,1
266,20260506,1
266,20260513,1
266,20260520,1
266,20260527,1
266,20260603,1
266,20260610,1
267,20260407,1
267,20260414,1
267,20260421,1
267,20260428,1
267,20260505,1
267,20260512,1
267,20260519,1
267,20260526,1
267,20260602,1
267,20260609,1
268,20260409,1
268,20260416,1
268,20260423,1
268,20260507,1
268,20260521,1
268,20260528,1
268,20260604,1
268,20260611,1
269,20260410,1
269,20260413,1
269,20260417,1
269,20260420,1
269,20260424,1
269,20260427,1
269,20260504,1
269,20260508,1
269,20260511,1
269,20260518,1
269,20260522,1
269,20260525,1
269,20260529,1
269,20260601,1
269,20260605,1
269,20260608,1
270,20260408,1
270,20260409,1
270,20260410,1
270,20260413,1
270,20260415,1
270,20260416,1
270,20260417,1
270,20260420,1
270,20260422,1
270,20260423,1
270,20260424,1
270,20260427,1
270,20260429,1
270,20260504,1
270,20260506,1
270,20260507,1
270,20260508,1
270,20260511,1
270,20260513,1
270,20260518,1
270,20260520,1
270,20260521,1
270,20260522,1
270,20260525,1
270,20260527,1
270,20260528,1
270,20260529,1
270,20260601,1
270,20260603,1
270,20260604,1
270,20260605,1
270,20260608,1
270,20260610,1
270,20260611,1
271,20260408,1
271,20260409,1
271,20260415,1
271,20260416,1
271,20260422,1
271,20260423,1
271,20260429,1
271,20260506,1
271,20260507,1
271,20260513,1
271,20260520,1
271,20260521,1
271,20260527,1
271,20260528,1
271,20260603,1
271,20260604,1
271,20260610,1
271,20260611,1
272,20260407,1
272,20260408,1
272,20260409,1
272,20260414,1
272,20260415,1
272,20260416,1
272,20260421,1
272,20260422,1
272,20260423,1
272,20260428,1
272,20260429,1
272,20260505,1
272,20260506,1
272,20260507,1
272,20260512,1
272,20260513,1
272,20260519,1
272,20260520,1
272,20260521,1
272,20260526,1
272,20260527,1
272,20260528,1
272,20260602,1
272,20260603,1
272,20260604,1
272,20260609,1
272,20260610,1
272,20260611,1
273,20260407,1
273,20260413,1
273,20260414,1
273,20260420,1
273,20260421,1
273,20260427,1
273,20260428,1
273,20260504,1
273,20260505,1
273,20260511,1
273,20260512,1
273,20260518,1
273,20260519,1
273,20260525,1
273,20260526,1
273,20260601,1
273,20260602,1
273,20260608,1
273,20260609,1
274,20260407,1
274,20260409,1
274,20260414,1
274,20260416,1
274,20260421,1
274,20260423,1
274,20260428,1
274,20260505,1
274,20260507,1
274,20260512,1
274,20260519,1
274,20260521,1
274,20260526,1
274,20260528,1
274,20260602,1
274,20260604,1
274,20260609,1
274,20260611,1
275,20260408,1
275,20260409,1
275,20260410,1
275,20260413,1
275,20260414,1
275,20260415,1
275,20260416,1
275,20260417,1
275,20260420,1
275,20260421,1
275,20260422,1
275,20260423,1
275,20260424,1
275,20260427,1
275,20260428,1
275,20260429,1
275,20260430,1
275,20260504,1
275,20260505,1
275,20260506,1
275,20260507,1
275,20260508,1
275,20260511,1
275,20260512,1
275,20260518,1
275,20260519,1
275,20260520,1
275,20260521,1
275,20260522,1
275,20260525,1
275,20260526,1
275,20260527,1
275,20260528,1
275,20260529,1
275,20260601,1
275,20260602,1
275,20260603,1
275,20260604,1
275,20260605,1
275,20260608,1
275,20260609,1
275,20260610,1
275,20260611,1
275,20260612,1
276,20260408,1
276,20260415,1
276,20260422,1
276,20260429,1
276,20260506,1
276,20260520,1
276,20260527,1
276,20260603,1
276,20260610,1
277,20260410,1
277,20260414,1
277,20260417,1
277,20260421,1
277,20260424,1
277,20260428,1
277,20260505,1
277,20260508,1
277,20260512,1
277,20260519,1
277,20260522,1
277,20260526,1
277,20260529,1
277,20260602,1
277,20260605,1
277,20260609,1
277,20260612,1
278,20260410,1
278,20260417,1
278,20260424,1
278,20260508,1
278,20260522,1
278,20260529,1
278,20260605,1
278,20260612,1
279,20260414,1
279,20260421,1
279,20260428,1
279,20260505,1
279,20260512,1
279,20260519,1
279,20260526,1
279,20260602,1
279,20260609,1
280,20260409,1
280,20260416,1
280,20260423,1
280,20260430,1
280,20260507,1
280,20260521,1
280,20260528,1
280,20260604,1
280,20260611,1
281,20260407,1
281,20260409,1
281,20260410,1
281,20260413,1
281,20260414,1
281,20260416,1
281,20260417,1
281,20260420,1
281,20260421,1
281,20260423,1
281,20260424,1
281,20260427,1
281,20260428,1
281,20260430,1
281,20260504,1
281,20260505,1
281,20260507,1
281,20260508,1
281,20260511,1
281,20260512,1
281,20260515,1
281,20260518,1
281,20260519,1
281,20260521,1
281,20260522,1
281,20260525,1
281,20260526,1
281,20260528,1
281,20260529,1
281,20260601,1
281,20260602,1
281,20260604,1
281,20260605,1
281,20260608,1
281,20260609,1
281,20260611,1
281,20260612,1
282,20260407,1
282,20260409,1
282,20260410,1
282,20260413,1
282,20260414,1
282,20260416,1
282,20260417,1
282,20260420,1
282,20260421,1
282,20260423,1
282,20260424,1
282,20260427,1
282,20260428,1
282,20260504,1
282,20260505,1
282,20260507,1
282,20260508,1
282,20260511,1
282,20260512,1
282,20260518,1
282,20260519,1
282,20260521,1
282,20260522,1
282,20260525,1
282,20260526,1
282,20260528,1
282,20260529,1
282,20260601,1
282,20260602,1
282,20260604,1
282,20260605,1
282,20260608,1
282,20260609,1
282,20260611,1
283,20260407,1
283,20260409,1
283,20260413,1
283,20260414,1
283,20260416,1
283,20260420,1
283,20260421,1
283,20260423,1
283,20260427,1
283,20260428,1
283,20260504,1
283,20260505,1
283,20260507,1
283,20260511,1
283,20260512,1
283,20260518,1
283,20260519,1
283,20260521,1
283,20260525,1
283,20260526,1
283,20260528,1
283,20260601,1
283,20260602,1
283,20260604,1
283,20260608,1
283,20260609,1
283,20260611,1
284,20260408,1
284,20260409,1
284,20260413,1
284,20260415,1
284,20260416,1
284,20260420,1
284,20260422,1
284,20260423,1
284,20260427,1
284,20260429,1
284,20260504,1
284,20260506,1
284,20260507,1
284,20260511,1
284,20260513,1
284,20260518,1
284,20260520,1
284,20260521,1
284,20260525,1
284,20260527,1
284,20260528,1
284,20260601,1
284,20260603,1
284,20260604,1
284,20260608,1
284,20260610,1
284,20260611,1
285,20260407,1
285,20260409,1
285,20260410,1
285,20260414,1
285,20260416,1
285,20260417,1
285,20260421,1
285,20260423,1
285,20260424,1
285,20260428,1
285,20260505,1
285,20260507,1
285,20260508,1
285,20260512,1
285,20260519,1
285,20260521,1
285,20260522,1
285,20260526,1
285,20260528,1
285,20260529,1
285,20260602,1
285,20260604,1
285,20260605,1
285,20260609,1
285,20260611,1
286,20260407,1
286,20260410,1
286,20260413,1
286,20260414,1
286,20260417,1
286,20260420,1
286,20260421,1
286,20260424,1
286,20260427,1
286,20260428,1
286,20260504,1
286,20260505,1
286,20260508,1
286,20260511,1
286,20260512,1
286,20260518,1
286,20260519,1
286,20260522,1
286,20260525,1
286,20260526,1
286,20260529,1
286,20260601,1
286,20260602,1
286,20260605,1
286,20260608,1
286,20260609,1
287,20260407,1
287,20260408,1
287,20260413,1
287,20260414,1
287,20260415,1
287,20260420,1
287,20260421,1
287,20260422,1
287,20260427,1
287,20260428,1
287,20260429,1
287,20260504,1
287,20260505,1
287,20260506,1
287,20260511,1
287,20260512,1
287,20260513,1
287,20260518,1
287,20260519,1
287,20260520,1
287,20260525,1
287,20260526,1
287,20260527,1
287,20260601,1
287,20260602,1
287,20260603,1
287,20260608,1
287,20260609,1
287,20260610,1
288,20260407,1
288,20260408,1
288,20260409,1
288,20260410,1
288,20260413,1
288,20260414,1
288,20260415,1
288,20260416,1
288,20260417,1
288,20260420,1
288,20260421,1
288,20260422,1
288,20260423,1
288,20260424,1
288,20260427,1
288,20260428,1
288,20260429,1
288,20260504,1
288,20260505,1
288,20260506,1
288,20260507,1
288,20260508,1
288,20260511,1
288,20260512,1
288,20260513,1
288,20260518,1
288,20260519,1
288,20260520,1
288,20260521,1
288,20260522,1
288,20260525,1
288,20260526,1
288,20260527,1
288,20260528,1
288,20260529,1
288,20260601,1
288,20260602,1
288,20260603,1
288,20260604,1
288,20260605,1
288,20260608,1
288,20260609,1
289,20260609,1
290,20260408,1
290,20260409,1
290,20260410,1
290,20260413,1
290,20260415,1
290,20260416,1
290,20260417,1
290,20260420,1
290,20260422,1
290,20260423,1
290,20260424,1
290,20260427,1
290,20260429,1
290,20260504,1
290,20260506,1
290,20260507,1
290,20260508,1
290,20260511,1
290,20260513,1
290,20260518,1
290,20260520,1
290,20260521,1
290,20260522,1
290,20260525,1
290,20260527,1
290,20260528,1
290,20260529,1
290,20260601,1
290,20260603,1
290,20260604,1
290,20260605,1
290,20260608,1
291,20260408,1
291,20260409,1
291,20260413,1
291,20260415,1
291,20260416,1
291,20260420,1
291,20260422,1
291,20260423,1
291,20260427,1
291,20260429,1
291,20260504,1
291,20260506,1
291,20260507,1
291,20260511,1
291,20260513,1
291,20260518,1
291,20260520,1
291,20260521,1
291,20260525,1
291,20260527,1
291,20260528,1
291,20260601,1
291,20260603,1
291,20260604,1
291,20260608,1
292,20260409,1
292,20260416,1
292,20260423,1
292,20260507,1
292,20260521,1
292,20260528,1
292,20260604,1
293,20260413,1
293,20260414,1
293,20260415,1
293,20260416,1
293,20260417,1
293,20260420,1
293,20260421,1
293,20260422,1
293,20260423,1
293,20260424,1
293,20260427,1
293,20260428,1
293,20260429,1
293,20260430,1
293,20260504,1
293,20260505,1
293,20260506,1
293,20260507,1
293,20260508,1
293,20260511,1
293,20260512,1
293,20260513,1
293,20260518,1
293,20260519,1
293,20260520,1
293,20260521,1
293,20260522,1
293,20260525,1
293,20260526,1
293,20260527,1
293,20260528,1
293,20260529,1
293,20260601,1
293,20260602,1
293,20260603,1
293,20260604,1
293,20260605,1
293,20260608,1
293,20260609,1
293,20260610,1
293,20260611,1
294,20260407,1
294,20260408,1
294,20260409,1
294,20260410,1
294,20260515,1
294,20260612,1
295,20260415,1
295,20260417,1
295,20260422,1
295,20260424,1
295,20260429,1
295,20260506,1
295,20260508,1
295,20260513,1
295,20260520,1
295,20260522,1
295,20260527,1
295,20260529,1
295,20260603,1
295,20260605,1
295,20260610,1
296,20260413,1
296,20260414,1
296,20260416,1
296,20260420,1
296,20260421,1
296,20260423,1
296,20260427,1
296,20260428,1
296,20260430,1
296,20260504,1
296,20260505,1
296,20260507,1
296,20260511,1
296,20260512,1
296,20260518,1
296,20260519,1
296,20260521,1
296,20260525,1
296,20260526,1
296,20260528,1
296,20260601,1
296,20260602,1
296,20260604,1
296,20260608,1
296,20260609,1
296,20260611,1
297,20260413,1
297,20260414,1
297,20260416,1
297,20260417,1
297,20260420,1
297,20260421,1
297,20260423,1
297,20260424,1
297,20260427,1
297,20260428,1
297,20260430,1
297,20260504,1
297,20260505,1
297,20260507,1
297,20260508,1
297,20260511,1
297,20260512,1
297,20260518,1
297,20260519,1
297,20260521,1
297,20260522,1
297,20260525,1
297,20260526,1
297,20260528,1
297,20260529,1
297,20260601,1
297,20260602,1
297,20260604,1
297,20260605,1
297,20260608,1
297,20260609,1
297,20260611,1
298,20260415,1
298,20260422,1
298,20260429,1
298,20260506,1
298,20260513,1
298,20260520,1
298,20260527,1
298,20260603,1
298,20260610,1
299,20260407,1
299,20260408,1
299,20260409,1
299,20260410,1
299,20260413,1
299,20260414,1
299,20260415,1
299,20260416,1
299,20260417,1
299,20260420,1
299,20260421,1
299,20260422,1
299,20260423,1
299,20260424,1
299,20260427,1
299,20260428,1
299,20260429,1
299,20260430,1
299,20260504,1
299,20260505,1
299,20260506,1
299,20260507,1
299,20260508,1
299,20260511,1
299,20260512,1
299,20260513,1
299,20260515,1
299,20260518,1
299,20260519,1
299,20260520,1
299,20260521,1
299,20260522,1
299,20260525,1
299,20260526,1
299,20260527,1
299,20260528,1
299,20260529,1
299,20260601,1
299,20260602,1
299,20260603,1
299,20260604,1
299,20260605,1
299,20260608,1
299,20260609,1
299,20260610,1
299,20260612,1
300,20260407,1
300,20260408,1
300,20260410,1
300,20260414,1
300,20260415,1
300,20260417,1
300,20260421,1
300,20260422,1
300,20260424,1
300,20260428,1
300,20260429,1
300,20260505,1
300,20260506,1
300,20260508,1
300,20260512,1
300,20260513,1
300,20260519,1
300,20260520,1
300,20260522,1
300,20260526,1
300,20260527,1
300,20260529,1
300,20260602,1
300,20260603,1
300,20260605,1
300,20260609,1
300,20260610,1
301,20260411,1
301,20260418,1
301,20260425,1
301,20260502,1
301,20260509,1
301,20260516,1
301,20260523,1
301,20260530,1
301,20260613,1
301,20260619,1
301,20260627,1
301,20260704,1
301,20260711,1
301,20260718,1
301,20260725,1
301,20260801,1
301,20260808,1
301,20260815,1
302,20260412,1
302,20260419,1
302,20260426,1
302,20260501,1
302,20260503,1
302,20260510,1
302,20260514,1
302,20260517,1
302,20260524,1
302,20260531,1
302,20260606,1
302,20260607,1
302,20260614,1
302,20260620,1
302,20260621,1
302,20260628,1
302,20260705,1
302,20260712,1
302,20260719,1
302,20260726,1
302,20260802,1
302,20260809,1
303,20260608,1
303,20260609,1
303,20260610,1
303,20260611,1
304,20260608,1
304,20260609,1
304,20260610,1
304,20260611,1
304,20260612,1
305,20260407,1
305,20260408,1
305,20260409,1
305,20260413,1
305,20260414,1
305,20260415,1
305,20260416,1
305,20260420,1
305,20260421,1
305,20260422,1
305,20260423,1
305,20260427,1
305,20260428,1
305,20260429,1
305,20260504,1
305,20260505,1
305,20260506,1
305,20260507,1
305,20260511,1
305,20260512,1
305,20260518,1
305,20260519,1
305,20260520,1
305,20260521,1
305,20260525,1
305,20260526,1
305,20260527,1
305,20260528,1
305,20260601,1
305,20260602,1
305,20260603,1
305,20260604,1
306,20260407,1
306,20260408,1
306,20260409,1
306,20260410,1
306,20260413,1
306,20260414,1
306,20260415,1
306,20260416,1
306,20260417,1
306,20260420,1
306,20260421,1
306,20260422,1
306,20260423,1
306,20260424,1
306,20260427,1
306,20260428,1
306,20260429,1
306,20260430,1
306,20260504,1
306,20260505,1
306,20260506,1
306,20260507,1
306,20260508,1
306,20260511,1
306,20260512,1
306,20260513,1
306,20260515,1
306,20260518,1
306,20260519,1
306,20260520,1
306,20260521,1
306,20260522,1
306,20260525,1
306,20260526,1
306,20260527,1
306,20260528,1
306,20260529,1
306,20260601,1
306,20260602,1
306,20260603,1
306,20260604,1
306,20260605,1
307,20260412,1
307,20260419,1
307,20260426,1
307,20260503,1
307,20260510,1
307,20260514,1
307,20260517,1
307,20260524,1
307,20260531,1
307,20260607,1
307,20260614,1
308,20260626,1
308,20260703,1
308,20260710,1
308,20260717,1
308,20260724,1
308,20260731,1
308,20260803,1
308,20260804,1
308,20260805,1
308,20260806,1
308,20260807,1
308,20260814,1
309,20260620,1
309,20260802,1
310,20260408,1
310,20260409,1
310,20260415,1
310,20260416,1
310,20260422,1
310,20260423,1
310,20260429,1
310,20260506,1
310,20260507,1
310,20260513,1
310,20260520,1
310,20260521,1
310,20260527,1
310,20260528,1
310,20260603,1
310,20260604,1
311,20260430,1
311,20260515,1
311,20260610,1
311,20260611,1
311,20260612,1
312,20260615,1
312,20260616,1
312,20260617,1
312,20260618,1
312,20260619,1
312,20260620,1
312,20260621,1
312,20260622,1
312,20260623,1
312,20260624,1
312,20260625,1
312,20260626,1
312,20260627,1
312,20260628,1
312,20260629,1
312,20260630,1
312,20260701,1
312,20260702,1
312,20260703,1
312,20260704,1
312,20260705,1
312,20260706,1
312,20260707,1
312,20260708,1
312,20260709,1
312,20260710,1
312,20260711,1
312,20260712,1
312,20260713,1
312,20260714,1
312,20260715,1
312,20260716,1
312,20260717,1
312,20260718,1
312,20260719,1
312,20260720,1
312,20260721,1
312,20260722,1
312,20260723,1
312,20260724,1
312,20260725,1
312,20260726,1
312,20260727,1
312,20260728,1
312,20260729,1
312,20260730,1
312,20260731,1
312,20260801,1
312,20260802,1
312,20260803,1
312,20260804,1
312,20260805,1
312,20260806,1
312,20260807,1
312,20260808,1
312,20260809,1
312,20260810,1
312,20260811,1
312,20260812,1
312,20260813,1
312,20260814,1
312,20260815,1
313,20260407,1
313,20260408,1
313,20260409,1
313,20260413,1
313,20260414,1
313,20260415,1
313,20260416,1
313,20260420,1
313,20260421,1
313,20260422,1
313,20260423,1
313,20260427,1
313,20260428,1
313,20260429,1
313,20260504,1
313,20260505,1
313,20260506,1
313,20260507,1
313,20260511,1
313,20260512,1
313,20260513,1
313,20260518,1
313,20260519,1
313,20260520,1
313,20260521,1
313,20260525,1
313,20260526,1
313,20260527,1
313,20260528,1
313,20260601,1
313,20260602,1
313,20260603,1
313,20260604,1
313,20260608,1
313,20260609,1
314,20260407,1
314,20260408,1
314,20260409,1
314,20260410,1
314,20260413,1
314,20260414,1
314,20260415,1
314,20260416,1
314,20260417,1
314,20260420,1
314,20260421,1
314,20260422,1
314,20260423,1
314,20260424,1
314,20260427,1
314,20260428,1
314,20260429,1
314,20260430,1
314,20260504,1
314,20260505,1
314,20260506,1
314,20260507,1
314,20260508,1
314,20260511,1
314,20260512,1
314,20260513,1
314,20260515,1
314,20260518,1
314,20260519,1
314,20260520,1
314,20260521,1
314,20260522,1
314,20260525,1
314,20260526,1
314,20260527,1
314,20260528,1
314,20260529,1
314,20260601,1
314,20260602,1
314,20260603,1
314,20260604,1
314,20260605,1
314,20260608,1
314,20260610,1
314,20260611,1
314,20260612,1
315,20260404,1
315,20260411,1
315,20260418,1
315,20260425,1
315,20260502,1
315,20260509,1
315,20260516,1
315,20260523,1
315,20260530,1
315,20260613,1
315,20260619,1
315,20260620,1
315,20260621,1
315,20260627,1
315,20260628,1
315,20260704,1
315,20260705,1
315,20260711,1
315,20260712,1
315,20260718,1
315,20260719,1
315,20260725,1
315,20260726,1
315,20260801,1
315,20260802,1
315,20260808,1
315,20260809,1
315,20260815,1
316,20260619,1
316,20260620,1
316,20260621,1
316,20260627,1
316,20260628,1
316,20260704,1
316,20260705,1
316,20260711,1
316,20260712,1
316,20260718,1
316,20260719,1
316,20260725,1
316,20260726,1
316,20260801,1
316,20260802,1
316,20260808,1
316,20260809,1
316,20260815,1
317,20260410,1
317,20260417,1
317,20260424,1
317,20260508,1
317,20260515,1
317,20260522,1
317,20260529,1
317,20260605,1
317,20260612,1
317,20260626,1
317,20260703,1
317,20260710,1
317,20260717,1
317,20260724,1
317,20260731,1
317,20260807,1
317,20260814,1
318,20260407,1
318,20260408,1
318,20260409,1
318,20260410,1
318,20260413,1
318,20260414,1
318,20260415,1
318,20260416,1
318,20260417,1
318,20260420,1
318,20260421,1
318,20260422,1
318,20260423,1
318,20260424,1
318,20260427,1
318,20260428,1
318,20260429,1
318,20260430,1
318,20260504,1
318,20260505,1
318,20260506,1
318,20260507,1
318,20260508,1
318,20260511,1
318,20260512,1
318,20260513,1
318,20260518,1
318,20260519,1
318,20260520,1
318,20260521,1
318,20260522,1
318,20260525,1
318,20260526,1
318,20260527,1
318,20260528,1
318,20260529,1
318,20260601,1
318,20260602,1
318,20260603,1
318,20260604,1
318,20260605,1
318,20260608,1
318,20260609,1
318,20260610,1
318,20260611,1
318,20260612,1
318,20260615,1
318,20260616,1
318,20260617,1
318,20260618,1
318,20260622,1
318,20260623,1
318,20260624,1
318,20260625,1
318,20260626,1
319,20260405,1
319,20260410,1
319,20260424,1
319,20260425,1
319,20260430,1
319,20260501,1
319,20260502,1
319,20260508,1
319,20260509,1
319,20260513,1
319,20260515,1
319,20260516,1
319,20260522,1
319,20260523,1
319,20260529,1
319,20260530,1
319,20260605,1
319,20260606,1
319,20260618,1
319,20260620,1
319,20260725,1
319,20260801,1
319,20260807,1
319,20260808,1
319,20260814,1
319,20260815,1
320,20260404,1
320,20260405,1
320,20260406,1
320,20260407,1
320,20260408,1
320,20260409,1
320,20260410,1
320,20260411,1
320,20260412,1
320,20260413,1
320,20260414,1
320,20260415,1
320,20260416,1
320,20260417,1
320,20260418,1
320,20260419,1
320,20260420,1
320,20260421,1
320,20260422,1
320,20260423,1
320,20260424,1
320,20260425,1
320,20260426,1
320,20260427,1
320,20260428,1
320,20260429,1
320,20260430,1
320,20260501,1
320,20260502,1
320,20260503,1
320,20260504,1
320,20260505,1
320,20260506,1
320,20260507,1
320,20260508,1
320,20260509,1
320,20260510,1
320,20260511,1
320,20260512,1
320,20260513,1
320,20260514,1
320,20260515,1
320,20260516,1
320,20260517,1
320,20260518,1
320,20260519,1
320,20260520,1
320,20260521,1
320,20260522,1
320,20260523,1
320,20260524,1
320,20260525,1
320,20260526,1
320,20260527,1
320,20260528,1
320,20260529,1
320,20260530,1
320,20260531,1
320,20260601,1
320,20260602,1
320,20260603,1
320,20260604,1
320,20260605,1
320,20260606,1
321,20260404,1
321,20260405,1
321,20260406,1
321,20260411,1
321,20260412,1
321,20260418,1
321,20260419,1
321,20260425,1
321,20260426,1
321,20260501,1
321,20260502,1
321,20260503,1
321,20260509,1
321,20260510,1
321,20260514,1
321,20260516,1
321,20260517,1
321,20260523,1
321,20260524,1
321,20260530,1
321,20260531,1
321,20260606,1
322,20260407,1
322,20260408,1
322,20260409,1
322,20260410,1
322,20260413,1
322,20260414,1
322,20260415,1
322,20260416,1
322,20260417,1
322,20260420,1
322,20260421,1
322,20260422,1
322,20260423,1
322,20260424,1
322,20260427,1
322,20260428,1
322,20260429,1
322,20260430,1
322,20260504,1
322,20260505,1
322,20260506,1
322,20260507,1
322,20260508,1
322,20260511,1
322,20260512,1
322,20260513,1
322,20260518,1
322,20260519,1
322,20260520,1
322,20260521,1
322,20260522,1
322,20260525,1
322,20260526,1
322,20260527,1
322,20260528,1
322,20260529,1
322,20260601,1
322,20260602,1
322,20260603,1
322,20260604,1
322,20260605,1
322,20260608,1
322,20260609,1
322,20260610,1
322,20260611,1
322,20260612,1
322,20260615,1
322,20260616,1
322,20260617,1
322,20260618,1
322,20260619,1
322,20260622,1
322,20260623,1
322,20260624,1
322,20260625,1
322,20260626,1
323,20260405,1
323,20260406,1
323,20260412,1
323,20260419,1
323,20260426,1
323,20260503,1
323,20260510,1
323,20260517,1
323,20260524,1
323,20260531,1
323,20260607,1
323,20260614,1
323,20260620,1
323,20260621,1
323,20260628,1
323,20260726,1
323,20260802,1
323,20260809,1
324,20260503,1
325,20260405,1
325,20260406,1
325,20260412,1
325,20260419,1
325,20260426,1
325,20260503,1
325,20260510,1
325,20260514,1
325,20260517,1
325,20260524,1
325,20260531,1
325,20260607,1
325,20260614,1
325,20260620,1
325,20260621,1
325,20260628,1
325,20260705,1
325,20260712,1
325,20260719,1
325,20260726,1
325,20260802,1
325,20260809,1
326,20260404,1
326,20260407,1
326,20260408,1
326,20260409,1
326,20260410,1
326,20260411,1
326,20260413,1
326,20260414,1
326,20260415,1
326,20260416,1
326,20260417,1
326,20260418,1
326,20260420,1
326,20260421,1
326,20260422,1
326,20260423,1
326,20260424,1
326,20260425,1
326,20260427,1
326,20260428,1
326,20260429,1
326,20260430,1
326,20260501,1
326,20260502,1
326,20260504,1
326,20260505,1
326,20260506,1
326,20260507,1
326,20260508,1
326,20260509,1
326,20260511,1
326,20260512,1
326,20260513,1
326,20260518,1
326,20260519,1
326,20260520,1
326,20260521,1
326,20260522,1
326,20260523,1
326,20260525,1
326,20260526,1
326,20260527,1
326,20260528,1
326,20260529,1
326,20260530,1
326,20260601,1
326,20260602,1
326,20260603,1
326,20260604,1
326,20260605,1
326,20260606,1
326,20260608,1
326,20260609,1
326,20260610,1
326,20260611,1
326,20260612,1
326,20260613,1
326,20260619,1
326,20260622,1
326,20260623,1
326,20260624,1
326,20260625,1
326,20260626,1
326,20260627,1
326,20260725,1
326,20260801,1
326,20260808,1
326,20260815,1
327,20260404,1
327,20260405,1
327,20260406,1
327,20260411,1
327,20260412,1
327,20260418,1
327,20260419,1
327,20260425,1
327,20260426,1
327,20260501,1
327,20260502,1
327,20260503,1
327,20260509,1
327,20260510,1
327,20260514,1
327,20260516,1
327,20260517,1
327,20260523,1
327,20260524,1
327,20260530,1
327,20260531,1
327,20260606,1
327,20260607,1
327,20260613,1
327,20260614,1
327,20260619,1
327,20260620,1
327,20260621,1
327,20260627,1
327,20260628,1
327,20260705,1
327,20260712,1
327,20260719,1
327,20260725,1
327,20260726,1
327,20260801,1
327,20260802,1
327,20260808,1
327,20260809,1
327,20260815,1
328,20260404,1
328,20260405,1
328,20260406,1
328,20260407,1
328,20260408,1
328,20260409,1
328,20260410,1
328,20260411,1
328,20260412,1
328,20260413,1
328,20260414,1
328,20260415,1
328,20260416,1
328,20260417,1
328,20260418,1
328,20260419,1
328,20260420,1
328,20260421,1
328,20260422,1
328,20260423,1
328,20260424,1
328,20260425,1
328,20260426,1
328,20260427,1
328,20260428,1
328,20260429,1
328,20260430,1
328,20260501,1
328,20260502,1
328,20260503,1
328,20260504,1
328,20260505,1
328,20260506,1
328,20260507,1
328,20260508,1
328,20260509,1
328,20260510,1
328,20260511,1
328,20260512,1
328,20260513,1
328,20260518,1
328,20260519,1
328,20260520,1
328,20260521,1
328,20260522,1
328,20260523,1
328,20260524,1
328,20260525,1
328,20260526,1
328,20260527,1
328,20260528,1
328,20260529,1
328,20260530,1
328,20260531,1
328,20260601,1
328,20260602,1
328,20260603,1
328,20260604,1
328,20260605,1
328,20260606,1
328,20260607,1
328,20260608,1
328,20260609,1
328,20260610,1
328,20260611,1
328,20260612,1
328,20260613,1
328,20260614,1
328,20260615,1
328,20260616,1
328,20260617,1
328,20260618,1
328,20260619,1
328,20260620,1
328,20260621,1
328,20260622,1
328,20260623,1
328,20260624,1
328,20260625,1
328,20260626,1
328,20260627,1
328,20260628,1
328,20260725,1
328,20260726,1
328,20260801,1
328,20260802,1
328,20260808,1
328,20260809,1
328,20260815,1
329,20260404,1
329,20260405,1
329,20260406,1
329,20260411,1
329,20260412,1
329,20260418,1
329,20260419,1
329,20260425,1
329,20260426,1
329,20260501,1
329,20260502,1
329,20260503,1
329,20260509,1
329,20260510,1
329,20260517,1
329,20260523,1
329,20260524,1
329,20260530,1
329,20260531,1
329,20260606,1
329,20260607,1
329,20260613,1
329,20260614,1
329,20260619,1
329,20260620,1
329,20260621,1
329,20260627,1
329,20260628,1
329,20260725,1
329,20260726,1
329,20260801,1
329,20260802,1
329,20260808,1
329,20260809,1
329,20260815,1
330,20260404,1
330,20260405,1
330,20260406,1
330,20260411,1
330,20260412,1
330,20260418,1
330,20260419,1
330,20260425,1
330,20260426,1
330,20260501,1
330,20260502,1
330,20260503,1
330,20260509,1
330,20260510,1
330,20260517,1
330,20260523,1
330,20260524,1
330,20260530,1
330,20260531,1
330,20260606,1
330,20260607,1
330,20260613,1
330,20260614,1
330,20260619,1
330,20260620,1
330,20260621,1
330,20260627,1
330,20260628,1
331,20260404,1
331,20260405,1
331,20260406,1
331,20260411,1
331,20260412,1
331,20260418,1
331,20260419,1
331,20260425,1
331,20260426,1
331,20260501,1
331,20260502,1
331,20260509,1
331,20260510,1
331,20260517,1
331,20260530,1
331,20260531,1
331,20260606,1
331,20260607,1
331,20260613,1
331,20260614,1
331,20260620,1
331,20260621,1
332,20260407,1
332,20260408,1
332,20260409,1
332,20260410,1
332,20260413,1
332,20260414,1
332,20260415,1
332,20260416,1
332,20260417,1
332,20260420,1
332,20260421,1
332,20260422,1
332,20260423,1
332,20260424,1
332,20260427,1
332,20260428,1
332,20260429,1
332,20260430,1
332,20260504,1
332,20260505,1
332,20260506,1
332,20260507,1
332,20260508,1
332,20260511,1
332,20260512,1
332,20260518,1
332,20260519,1
332,20260520,1
332,20260521,1
332,20260522,1
332,20260525,1
332,20260526,1
332,20260527,1
332,20260528,1
332,20260529,1
332,20260601,1
332,20260602,1
332,20260603,1
332,20260604,1
332,20260605,1
332,20260608,1
332,20260609,1
332,20260610,1
332,20260611,1
332,20260612,1
332,20260615,1
332,20260616,1
332,20260617,1
332,20260618,1
332,20260622,1
332,20260623,1
332,20260624,1
332,20260625,1
332,20260626,1
332,20260720,1
332,20260721,1
332,20260722,1
332,20260723,1
332,20260724,1
332,20260727,1
332,20260728,1
332,20260729,1
332,20260730,1
332,20260731,1
332,20260803,1
332,20260804,1
332,20260805,1
332,20260806,1
332,20260807,1
332,20260810,1
332,20260811,1
332,20260812,1
332,20260813,1
332,20260814,1
333,20260404,1
333,20260411,1
333,20260418,1
333,20260425,1
333,20260501,1
333,20260502,1
333,20260509,1
333,20260516,1
333,20260523,1
333,20260530,1
333,20260606,1
333,20260613,1
333,20260619,1
333,20260627,1
333,20260704,1
333,20260711,1
333,20260718,1
333,20260725,1
333,20260801,1
333,20260808,1
333,20260815,1
334,20260404,1
334,20260411,1
334,20260412,1
334,20260418,1
334,20260419,1
334,20260425,1
334,20260426,1
334,20260501,1
334,20260502,1
334,20260509,1
334,20260510,1
334,20260523,1
334,20260524,1
334,20260530,1
334,20260531,1
334,20260606,1
334,20260607,1
334,20260613,1
334,20260614,1
334,20260619,1
334,20260620,1
334,20260621,1
334,20260627,1
334,20260628,1
335,20260404,1
335,20260517,1
336,20260407,1
336,20260408,1
336,20260409,1
336,20260410,1
336,20260413,1
336,20260414,1
336,20260415,1
336,20260416,1
336,20260417,1
336,20260420,1
336,20260421,1
336,20260422,1
336,20260423,1
336,20260424,1
336,20260427,1
336,20260428,1
336,20260429,1
336,20260430,1
336,20260504,1
336,20260511,1
336,20260512,1
336,20260513,1
336,20260518,1
336,20260519,1
336,20260520,1
336,20260521,1
336,20260522,1
336,20260525,1
336,20260526,1
336,20260527,1
336,20260528,1
336,20260529,1
336,20260601,1
336,20260602,1
336,20260603,1
336,20260604,1
336,20260605,1
336,20260608,1
336,20260609,1
336,20260610,1
336,20260611,1
336,20260612,1
336,20260615,1
336,20260616,1
336,20260617,1
336,20260618,1
336,20260622,1
336,20260623,1
336,20260624,1
336,20260625,1
336,20260626,1
337,20260404,1
337,20260405,1
337,20260406,1
337,20260411,1
337,20260412,1
337,20260418,1
337,20260419,1
337,20260425,1
337,20260426,1
337,20260501,1
337,20260502,1
337,20260503,1
337,20260509,1
337,20260510,1
337,20260514,1
337,20260516,1
337,20260517,1
337,20260523,1
337,20260524,1
337,20260530,1
337,20260531,1
337,20260606,1
337,20260607,1
337,20260613,1
337,20260614,1
337,20260619,1
337,20260620,1
337,20260621,1
337,20260627,1
337,20260628,1
337,20260704,1
337,20260705,1
337,20260711,1
337,20260712,1
337,20260718,1
337,20260719,1
337,20260725,1
337,20260726,1
337,20260801,1
337,20260802,1
337,20260808,1
337,20260809,1
337,20260815,1
338,20260405,1
338,20260407,1
338,20260408,1
338,20260409,1
338,20260410,1
338,20260411,1
338,20260412,1
338,20260413,1
338,20260414,1
338,20260415,1
338,20260416,1
338,20260417,1
338,20260418,1
338,20260419,1
338,20260420,1
338,20260421,1
338,20260422,1
338,20260423,1
338,20260424,1
338,20260425,1
338,20260426,1
338,20260427,1
338,20260428,1
338,20260429,1
338,20260430,1
338,20260501,1
338,20260502,1
338,20260504,1
338,20260505,1
338,20260506,1
338,20260507,1
338,20260508,1
338,20260509,1
338,20260510,1
338,20260511,1
338,20260512,1
338,20260513,1
338,20260518,1
338,20260519,1
338,20260520,1
338,20260521,1
338,20260522,1
338,20260523,1
338,20260524,1
338,20260525,1
338,20260526,1
338,20260527,1
338,20260528,1
338,20260529,1
338,20260530,1
338,20260531,1
338,20260601,1
338,20260602,1
338,20260603,1
338,20260604,1
338,20260605,1
338,20260606,1
338,20260607,1
338,20260608,1
338,20260609,1
338,20260610,1
338,20260611,1
338,20260612,1
338,20260613,1
338,20260614,1
338,20260615,1
338,20260616,1
338,20260617,1
338,20260618,1
338,20260619,1
338,20260620,1
338,20260621,1
338,20260622,1
338,20260623,1
338,20260624,1
338,20260625,1
338,20260626,1
338,20260627,1
338,20260628,1
339,20260404,1
339,20260406,1
339,20260407,1
339,20260408,1
339,20260409,1
339,20260410,1
339,20260411,1
339,20260412,1
339,20260413,1
339,20260414,1
339,20260415,1
339,20260416,1
339,20260417,1
339,20260418,1
339,20260419,1
339,20260420,1
339,20260421,1
339,20260422,1
339,20260423,1
339,20260424,1
339,20260425,1
339,20260426,1
339,20260427,1
339,20260428,1
339,20260429,1
339,20260430,1
339,20260501,1
339,20260502,1
339,20260504,1
339,20260505,1
339,20260506,1
339,20260507,1
339,20260508,1
339,20260509,1
339,20260510,1
339,20260511,1
339,20260512,1
339,20260513,1
339,20260518,1
339,20260519,1
339,20260520,1
339,20260521,1
339,20260522,1
339,20260523,1
339,20260524,1
339,20260525,1
339,20260526,1
339,20260527,1
339,20260528,1
339,20260529,1
339,20260530,1
339,20260531,1
339,20260601,1
339,20260602,1
339,20260603,1
339,20260604,1
339,20260605,1
339,20260606,1
339,20260607,1
339,20260608,1
339,20260609,1
339,20260610,1
339,20260611,1
339,20260612,1
339,20260613,1
339,20260614,1
339,20260615,1
339,20260616,1
339,20260617,1
339,20260618,1
339,20260619,1
339,20260620,1
339,20260621,1
339,20260622,1
339,20260623,1
339,20260624,1
339,20260625,1
339,20260626,1
339,20260627,1
339,20260628,1
340,20260407,1
340,20260408,1
340,20260409,1
340,20260410,1
340,20260413,1
340,20260414,1
340,20260415,1
340,20260416,1
340,20260417,1
340,20260420,1
340,20260421,1
340,20260422,1
340,20260423,1
340,20260424,1
340,20260427,1
340,20260428,1
340,20260429,1
340,20260504,1
340,20260505,1
340,20260506,1
340,20260507,1
340,20260508,1
340,20260511,1
340,20260512,1
340,20260513,1
340,20260518,1
340,20260519,1
340,20260520,1
340,20260521,1
340,20260522,1
340,20260525,1
340,20260526,1
340,20260527,1
340,20260528,1
340,20260529,1
340,20260601,1
340,20260602,1
340,20260603,1
340,20260604,1
340,20260605,1
340,20260608,1
340,20260609,1
340,20260610,1
340,20260611,1
340,20260612,1
340,20260615,1
340,20260616,1
340,20260617,1
340,20260618,1
340,20260622,1
340,20260623,1
340,20260624,1
340,20260625,1
340,20260626,1
341,20260404,1
341,20260411,1
341,20260412,1
341,20260418,1
341,20260419,1
341,20260425,1
341,20260426,1
341,20260501,1
341,20260502,1
341,20260503,1
341,20260509,1
341,20260510,1
341,20260523,1
341,20260524,1
341,20260530,1
341,20260531,1
341,20260606,1
341,20260607,1
341,20260613,1
341,20260614,1
341,20260619,1
341,20260620,1
341,20260621,1
341,20260627,1
341,20260628,1
342,20260405,1
342,20260406,1
342,20260411,1
342,20260412,1
342,20260418,1
342,20260419,1
342,20260425,1
342,20260426,1
342,20260501,1
342,20260502,1
342,20260503,1
342,20260509,1
342,20260510,1
342,20260523,1
342,20260524,1
342,20260530,1
342,20260531,1
342,20260606,1
342,20260607,1
342,20260613,1
342,20260614,1
342,20260619,1
342,20260620,1
342,20260621,1
342,20260627,1
342,20260628,1
343,20260404,1
343,20260411,1
343,20260418,1
343,20260425,1
343,20260501,1
343,20260502,1
343,20260509,1
343,20260523,1
343,20260530,1
343,20260606,1
343,20260613,1
343,20260619,1
343,20260627,1
343,20260725,1
343,20260801,1
343,20260808,1
343,20260815,1
344,20260405,1
344,20260406,1
344,20260412,1
344,20260419,1
344,20260426,1
344,20260503,1
344,20260510,1
344,20260517,1
344,20260524,1
344,20260531,1
344,20260607,1
344,20260614,1
344,20260620,1
344,20260621,1
344,20260726,1
344,20260802,1
344,20260809,1
345,20260504,1
345,20260515,1
345,20260608,1
345,20260609,1
345,20260610,1
345,20260611,1
345,20260612,1
345,20260615,1
345,20260616,1
345,20260617,1
345,20260618,1
345,20260803,1
345,20260804,1
345,20260805,1
345,20260806,1
345,20260807,1
345,20260810,1
345,20260811,1
345,20260812,1
345,20260813,1
345,20260814,1
346,20260405,1
346,20260406,1
346,20260407,1
346,20260408,1
346,20260409,1
346,20260410,1
346,20260411,1
346,20260412,1
346,20260413,1
346,20260414,1
346,20260415,1
346,20260416,1
346,20260417,1
346,20260418,1
346,20260419,1
346,20260420,1
346,20260421,1
346,20260422,1
346,20260423,1
346,20260424,1
346,20260425,1
346,20260426,1
346,20260427,1
346,20260428,1
346,20260429,1
346,20260430,1
346,20260501,1
346,20260502,1
346,20260503,1
346,20260504,1
346,20260505,1
346,20260506,1
346,20260507,1
346,20260508,1
346,20260509,1
346,20260510,1
346,20260511,1
346,20260512,1
346,20260513,1
346,20260518,1
346,20260519,1
346,20260520,1
346,20260521,1
346,20260522,1
346,20260523,1
346,20260524,1
346,20260525,1
346,20260526,1
346,20260527,1
346,20260528,1
346,20260529,1
346,20260530,1
346,20260531,1
346,20260601,1
346,20260602,1
346,20260603,1
346,20260604,1
346,20260605,1
346,20260606,1
346,20260607,1
346,20260608,1
346,20260609,1
346,20260610,1
346,20260611,1
346,20260612,1
346,20260613,1
346,20260614,1
346,20260615,1
346,20260616,1
346,20260617,1
346,20260618,1
346,20260619,1
346,20260620,1
346,20260621,1
346,20260622,1
346,20260623,1
346,20260624,1
346,20260625,1
346,20260626,1
346,20260627,1
346,20260628,1
347,20260407,1
347,20260408,1
347,20260409,1
347,20260410,1
347,20260413,1
347,20260414,1
347,20260415,1
347,20260416,1
347,20260417,1
347,20260420,1
347,20260421,1
347,20260422,1
347,20260423,1
347,20260424,1
347,20260427,1
347,20260428,1
347,20260429,1
347,20260430,1
347,20260504,1
347,20260505,1
347,20260506,1
347,20260507,1
347,20260508,1
347,20260511,1
347,20260512,1
347,20260518,1
347,20260519,1
347,20260520,1
347,20260521,1
347,20260522,1
347,20260525,1
347,20260526,1
347,20260527,1
347,20260528,1
347,20260529,1
347,20260601,1
347,20260602,1
347,20260603,1
347,20260604,1
347,20260605,1
347,20260608,1
347,20260609,1
347,20260610,1
347,20260611,1
347,20260615,1
347,20260616,1
347,20260617,1
347,20260618,1
347,20260622,1
347,20260623,1
347,20260624,1
347,20260625,1
348,20260404,1
348,20260405,1
348,20260417,1
348,20260418,1
348,20260424,1
348,20260425,1
348,20260430,1
348,20260502,1
348,20260522,1
348,20260523,1
348,20260529,1
348,20260530,1
348,20260605,1
348,20260606,1
348,20260612,1
348,20260613,1
348,20260618,1
348,20260619,1
348,20260620,1
348,20260626,1
348,20260724,1
348,20260725,1
348,20260731,1
348,20260801,1
348,20260807,1
348,20260808,1
348,20260814,1
348,20260815,1
349,20260404,1
349,20260406,1
350,20260622,1
350,20260623,1
350,20260624,1
350,20260625,1
350,20260626,1
351,20260619,1
351,20260724,1
351,20260731,1
352,20260407,1
352,20260408,1
352,20260409,1
352,20260410,1
352,20260413,1
352,20260414,1
352,20260415,1
352,20260416,1
352,20260417,1
352,20260420,1
352,20260421,1
352,20260422,1
352,20260423,1
352,20260424,1
352,20260427,1
352,20260428,1
352,20260429,1
352,20260430,1
352,20260505,1
352,20260506,1
352,20260507,1
352,20260508,1
352,20260511,1
352,20260512,1
352,20260513,1
352,20260518,1
352,20260519,1
352,20260520,1
352,20260521,1
352,20260522,1
352,20260525,1
352,20260526,1
352,20260527,1
352,20260528,1
352,20260529,1
352,20260601,1
352,20260602,1
352,20260603,1
352,20260604,1
352,20260605,1
353,20260615,1
353,20260616,1
353,20260617,1
353,20260618,1
354,20260405,1
354,20260503,1
355,20260615,1
355,20260616,1
355,20260617,1
355,20260618,1
355,20260803,1
355,20260804,1
355,20260805,1
355,20260806,1
355,20260807,1
355,20260810,1
355,20260811,1
355,20260812,1
355,20260813,1
355,20260814,1
356,20260404,1
356,20260405,1
356,20260406,1
356,20260407,1
356,20260408,1
356,20260409,1
356,20260410,1
356,20260411,1
356,20260412,1
356,20260413,1
356,20260414,1
356,20260415,1
356,20260416,1
356,20260417,1
356,20260418,1
356,20260419,1
356,20260420,1
356,20260421,1
356,20260422,1
356,20260423,1
356,20260424,1
356,20260425,1
356,20260426,1
356,20260427,1
356,20260428,1
356,20260429,1
356,20260501,1
356,20260502,1
356,20260503,1
356,20260504,1
356,20260505,1
356,20260506,1
356,20260507,1
356,20260508,1
356,20260509,1
356,20260510,1
356,20260511,1
356,20260512,1
356,20260513,1
356,20260514,1
356,20260515,1
356,20260516,1
356,20260517,1
356,20260518,1
356,20260519,1
356,20260520,1
356,20260521,1
356,20260522,1
356,20260523,1
356,20260524,1
356,20260525,1
356,20260526,1
356,20260527,1
356,20260528,1
356,20260529,1
356,20260530,1
356,20260531,1
356,20260601,1
356,20260602,1
356,20260603,1
356,20260604,1
356,20260605,1
356,20260606,1
357,20260405,1
357,20260406,1
357,20260412,1
357,20260419,1
357,20260426,1
357,20260503,1
357,20260510,1
357,20260514,1
357,20260517,1
357,20260524,1
357,20260531,1
358,20260404,1
358,20260407,1
358,20260408,1
358,20260409,1
358,20260410,1
358,20260411,1
358,20260413,1
358,20260414,1
358,20260415,1
358,20260416,1
358,20260417,1
358,20260418,1
358,20260420,1
358,20260421,1
358,20260422,1
358,20260423,1
358,20260424,1
358,20260425,1
358,20260427,1
358,20260428,1
358,20260429,1
358,20260430,1
358,20260501,1
358,20260502,1
358,20260504,1
358,20260505,1
358,20260506,1
358,20260507,1
358,20260508,1
358,20260509,1
358,20260511,1
358,20260512,1
358,20260513,1
358,20260515,1
358,20260516,1
358,20260518,1
358,20260519,1
358,20260520,1
358,20260521,1
358,20260522,1
358,20260523,1
358,20260525,1
358,20260526,1
358,20260527,1
358,20260528,1
358,20260529,1
358,20260530,1
358,20260601,1
358,20260602,1
358,20260603,1
358,20260604,1
358,20260605,1
358,20260606,1
359,20260410,1
359,20260411,1
359,20260508,1
359,20260509,1
360,20260505,1
360,20260506,1
361,20260501,1
362,20260523,1
362,20260524,1
363,20260404,1
363,20260410,1
363,20260417,1
363,20260424,1
363,20260430,1
363,20260501,1
363,20260508,1
363,20260522,1
363,20260529,1
363,20260605,1
363,20260612,1
364,20260407,1
364,20260408,1
364,20260409,1
364,20260410,1
364,20260413,1
364,20260414,1
364,20260415,1
364,20260416,1
364,20260417,1
364,20260420,1
364,20260421,1
364,20260422,1
364,20260423,1
364,20260424,1
364,20260427,1
364,20260428,1
364,20260429,1
364,20260430,1
364,20260504,1
364,20260505,1
364,20260506,1
364,20260507,1
364,20260508,1
364,20260511,1
364,20260512,1
364,20260513,1
364,20260518,1
364,20260519,1
364,20260520,1
364,20260521,1
364,20260522,1
364,20260525,1
364,20260526,1
364,20260527,1
364,20260528,1
364,20260529,1
364,20260601,1
364,20260602,1
364,20260603,1
364,20260604,1
364,20260605,1
364,20260608,1
364,20260609,1
364,20260610,1
364,20260611,1
364,20260612,1
364,20260615,1
364,20260616,1
364,20260617,1
364,20260618,1
364,20260622,1
364,20260623,1
364,20260624,1
364,20260625,1
364,20260626,1
364,20260701,1
364,20260702,1
364,20260703,1
364,20260706,1
364,20260707,1
364,20260708,1
364,20260709,1
364,20260710,1
364,20260713,1
364,20260714,1
364,20260715,1
364,20260716,1
364,20260717,1
364,20260720,1
364,20260721,1
364,20260722,1
364,20260723,1
364,20260724,1
364,20260727,1
364,20260728,1
364,20260729,1
364,20260730,1
364,20260731,1
364,20260803,1
364,20260804,1
364,20260805,1
364,20260806,1
364,20260807,1
364,20260810,1
364,20260811,1
364,20260812,1
364,20260813,1
364,20260814,1
365,20260407,1
365,20260408,1
365,20260409,1
365,20260410,1
365,20260413,1
365,20260414,1
365,20260415,1
365,20260416,1
365,20260417,1
365,20260420,1
365,20260421,1
365,20260422,1
365,20260423,1
365,20260424,1
365,20260427,1
365,20260428,1
365,20260429,1
365,20260430,1
365,20260504,1
365,20260505,1
365,20260506,1
365,20260507,1
365,20260508,1
365,20260511,1
365,20260512,1
365,20260513,1
365,20260518,1
365,20260519,1
365,20260520,1
365,20260521,1
365,20260522,1
365,20260525,1
365,20260526,1
365,20260527,1
365,20260528,1
365,20260529,1
365,20260601,1
365,20260602,1
365,20260603,1
365,20260604,1
365,20260605,1
365,20260608,1
365,20260609,1
365,20260610,1
365,20260611,1
365,20260612,1
365,20260615,1
365,20260616,1
365,20260617,1
365,20260618,1
365,20260622,1
365,20260623,1
365,20260624,1
365,20260625,1
365,20260626,1
365,20260629,1
365,20260630,1
365,20260701,1
365,20260702,1
365,20260703,1
365,20260706,1
366,20260412,1
366,20260419,1
366,20260426,1
366,20260501,1
366,20260503,1
366,20260510,1
366,20260514,1
366,20260517,1
366,20260524,1
366,20260531,1
366,20260606,1
367,20260405,1
367,20260406,1
367,20260407,1
367,20260408,1
367,20260409,1
367,20260411,1
367,20260412,1
367,20260413,1
367,20260414,1
367,20260415,1
367,20260416,1
367,20260418,1
367,20260419,1
367,20260420,1
367,20260421,1
367,20260422,1
367,20260423,1
367,20260425,1
367,20260426,1
367,20260427,1
367,20260428,1
367,20260429,1
367,20260502,1
367,20260503,1
367,20260509,1
367,20260510,1
367,20260511,1
367,20260512,1
367,20260517,1
367,20260518,1
367,20260519,1
367,20260520,1
367,20260521,1
367,20260523,1
367,20260524,1
367,20260525,1
367,20260526,1
367,20260527,1
367,20260528,1
367,20260530,1
367,20260531,1
367,20260601,1
367,20260602,1
367,20260603,1
367,20260604,1
367,20260606,1
367,20260607,1
367,20260608,1
367,20260609,1
367,20260610,1
367,20260611,1
367,20260613,1
367,20260614,1
367,20260615,1
367,20260616,1
367,20260617,1
367,20260618,1
367,20260619,1
367,20260620,1
367,20260621,1
367,20260622,1
367,20260623,1
367,20260624,1
367,20260625,1
367,20260626,1
367,20260627,1
367,20260628,1
367,20260629,1
367,20260630,1
367,20260701,1
367,20260702,1
367,20260703,1
367,20260704,1
367,20260705,1
367,20260706,1
368,20260405,1
368,20260412,1
368,20260425,1
368,20260426,1
368,20260427,1
368,20260428,1
368,20260429,1
368,20260502,1
368,20260503,1
368,20260509,1
368,20260523,1
368,20260530,1
368,20260531,1
368,20260601,1
368,20260602,1
368,20260603,1
368,20260604,1
368,20260606,1
368,20260607,1
368,20260608,1
368,20260611,1
368,20260613,1
368,20260614,1
368,20260617,1
368,20260619,1
368,20260620,1
368,20260621,1
368,20260622,1
368,20260623,1
368,20260624,1
368,20260625,1
368,20260627,1
368,20260628,1
368,20260629,1
368,20260630,1
368,20260701,1
368,20260702,1
368,20260704,1
368,20260705,1
368,20260706,1
368,20260707,1
368,20260708,1
368,20260709,1
368,20260711,1
368,20260712,1
368,20260713,1
368,20260714,1
368,20260715,1
368,20260716,1
368,20260718,1
368,20260719,1
368,20260720,1
368,20260721,1
368,20260722,1
368,20260723,1
368,20260725,1
368,20260726,1
368,20260727,1
368,20260728,1
368,20260729,1
368,20260730,1
368,20260801,1
368,20260802,1
368,20260803,1
368,20260804,1
368,20260805,1
368,20260806,1
368,20260808,1
368,20260809,1
368,20260810,1
368,20260811,1
368,20260812,1
368,20260813,1
368,20260815,1
369,20260407,1
369,20260408,1
369,20260409,1
369,20260410,1
369,20260412,1
369,20260413,1
369,20260414,1
369,20260415,1
369,20260416,1
369,20260417,1
369,20260419,1
369,20260420,1
369,20260421,1
369,20260422,1
369,20260423,1
369,20260424,1
369,20260426,1
369,20260427,1
369,20260428,1
369,20260429,1
369,20260430,1
369,20260504,1
369,20260505,1
369,20260506,1
369,20260507,1
369,20260508,1
369,20260510,1
369,20260511,1
369,20260512,1
369,20260513,1
369,20260518,1
369,20260519,1
369,20260520,1
369,20260521,1
369,20260522,1
369,20260524,1
369,20260525,1
369,20260526,1
369,20260527,1
369,20260528,1
369,20260529,1
369,20260531,1
369,20260601,1
369,20260602,1
369,20260603,1
369,20260604,1
369,20260605,1
369,20260607,1
369,20260608,1
369,20260609,1
369,20260610,1
369,20260611,1
369,20260612,1
369,20260614,1
369,20260615,1
369,20260616,1
369,20260617,1
369,20260618,1
369,20260620,1
369,20260621,1
369,20260622,1
369,20260623,1
369,20260624,1
369,20260625,1
369,20260626,1
369,20260628,1
369,20260629,1
369,20260630,1
369,20260701,1
369,20260702,1
369,20260703,1
369,20260705,1
369,20260706,1
370,20260404,1
370,20260407,1
370,20260408,1
370,20260409,1
370,20260410,1
370,20260411,1
370,20260412,1
370,20260413,1
370,20260414,1
370,20260415,1
370,20260416,1
370,20260417,1
370,20260418,1
370,20260419,1
370,20260420,1
370,20260421,1
370,20260422,1
370,20260423,1
370,20260424,1
370,20260425,1
370,20260426,1
370,20260427,1
370,20260428,1
370,20260429,1
370,20260430,1
370,20260501,1
370,20260502,1
370,20260504,1
370,20260505,1
370,20260506,1
370,20260507,1
370,20260508,1
370,20260509,1
370,20260510,1
370,20260511,1
370,20260512,1
370,20260513,1
370,20260518,1
370,20260519,1
370,20260520,1
370,20260521,1
370,20260522,1
370,20260523,1
370,20260524,1
370,20260525,1
370,20260526,1
370,20260527,1
370,20260528,1
370,20260529,1
370,20260530,1
370,20260531,1
370,20260601,1
370,20260602,1
370,20260603,1
370,20260604,1
370,20260605,1
370,20260606,1
370,20260607,1
370,20260608,1
370,20260609,1
370,20260610,1
370,20260611,1
370,20260612,1
370,20260613,1
370,20260614,1
370,20260615,1
370,20260616,1
370,20260617,1
370,20260618,1
370,20260619,1
370,20260620,1
370,20260621,1
370,20260622,1
370,20260623,1
370,20260624,1
370,20260625,1
370,20260626,1
370,20260627,1
370,20260628,1
370,20260629,1
370,20260630,1
370,20260701,1
370,20260702,1
370,20260703,1
370,20260704,1
370,20260705,1
370,20260706,1
371,20260405,1
371,20260406,1
371,20260407,1
371,20260408,1
371,20260409,1
371,20260410,1
371,20260411,1
371,20260412,1
371,20260413,1
371,20260414,1
371,20260415,1
371,20260416,1
371,20260417,1
371,20260418,1
371,20260419,1
371,20260420,1
371,20260421,1
371,20260422,1
371,20260423,1
371,20260424,1
371,20260425,1
371,20260426,1
371,20260427,1
371,20260428,1
371,20260429,1
371,20260430,1
371,20260501,1
371,20260502,1
371,20260503,1
371,20260504,1
371,20260505,1
371,20260506,1
371,20260507,1
371,20260508,1
371,20260509,1
371,20260510,1
371,20260511,1
371,20260512,1
371,20260513,1
371,20260518,1
371,20260519,1
371,20260520,1
371,20260521,1
371,20260522,1
371,20260523,1
371,20260524,1
371,20260525,1
371,20260526,1
371,20260527,1
371,20260528,1
371,20260529,1
371,20260530,1
371,20260531,1
371,20260601,1
371,20260602,1
371,20260603,1
371,20260604,1
371,20260605,1
371,20260606,1
371,20260607,1
371,20260608,1
371,20260609,1
371,20260610,1
371,20260611,1
371,20260612,1
371,20260613,1
371,20260614,1
371,20260615,1
371,20260616,1
371,20260617,1
371,20260618,1
371,20260619,1
371,20260620,1
371,20260621,1
371,20260627,1
371,20260628,1
371,20260704,1
371,20260705,1
372,20260407,1
372,20260408,1
372,20260409,1
372,20260410,1
372,20260413,1
372,20260414,1
372,20260415,1
372,20260416,1
372,20260417,1
372,20260420,1
372,20260421,1
372,20260422,1
372,20260423,1
372,20260424,1
372,20260427,1
372,20260428,1
372,20260429,1
372,20260504,1
372,20260505,1
372,20260506,1
372,20260507,1
372,20260508,1
372,20260511,1
372,20260512,1
372,20260513,1
372,20260515,1
372,20260518,1
372,20260519,1
372,20260520,1
372,20260521,1
372,20260522,1
372,20260525,1
372,20260526,1
372,20260527,1
372,20260528,1
372,20260529,1
372,20260601,1
372,20260602,1
372,20260603,1
372,20260604,1
372,20260605,1
372,20260608,1
372,20260609,1
372,20260610,1
372,20260611,1
372,20260612,1
372,20260615,1
372,20260616,1
372,20260617,1
372,20260618,1
372,20260803,1
372,20260804,1
372,20260805,1
372,20260806,1
372,20260807,1
372,20260810,1
372,20260811,1
372,20260812,1
372,20260813,1
372,20260814,1
373,20260405,1
373,20260406,1
373,20260407,1
373,20260408,1
373,20260409,1
373,20260410,1
373,20260411,1
373,20260412,1
373,20260413,1
373,20260414,1
373,20260415,1
373,20260416,1
373,20260417,1
373,20260418,1
373,20260419,1
373,20260420,1
373,20260421,1
373,20260422,1
373,20260423,1
373,20260424,1
373,20260425,1
373,20260426,1
373,20260427,1
373,20260428,1
373,20260429,1
373,20260430,1
373,20260501,1
373,20260502,1
373,20260503,1
373,20260504,1
373,20260505,1
373,20260506,1
373,20260507,1
373,20260508,1
373,20260509,1
373,20260510,1
373,20260511,1
373,20260512,1
373,20260513,1
373,20260518,1
373,20260519,1
373,20260520,1
373,20260521,1
373,20260522,1
373,20260523,1
373,20260524,1
373,20260525,1
373,20260526,1
373,20260527,1
373,20260528,1
373,20260529,1
373,20260530,1
373,20260531,1
373,20260601,1
373,20260602,1
373,20260603,1
373,20260604,1
373,20260605,1
373,20260606,1
373,20260607,1
373,20260608,1
373,20260609,1
373,20260610,1
373,20260611,1
373,20260612,1
373,20260613,1
373,20260614,1
373,20260615,1
373,20260616,1
373,20260617,1
373,20260618,1
373,20260619,1
373,20260620,1
373,20260621,1
373,20260622,1
373,20260623,1
373,20260624,1
373,20260625,1
373,20260626,1
373,20260627,1
373,20260628,1
373,20260629,1
373,20260630,1
373,20260701,1
373,20260702,1
373,20260703,1
373,20260704,1
373,20260705,1
373,20260706,1
374,20260404,1
374,20260411,1
374,20260418,1
374,20260425,1
374,20260501,1
374,20260502,1
374,20260509,1
374,20260523,1
374,20260530,1
374,20260606,1
374,20260613,1
374,20260619,1
374,20260627,1
374,20260704,1
374,20260711,1
374,20260718,1
374,20260725,1
374,20260801,1
374,20260808,1
374,20260815,1
375,20260405,1
375,20260406,1
375,20260412,1
375,20260419,1
375,20260426,1
375,20260503,1
375,20260510,1
375,20260517,1
375,20260524,1
375,20260531,1
375,20260607,1
375,20260614,1
375,20260620,1
375,20260621,1
375,20260628,1
375,20260705,1
375,20260712,1
375,20260719,1
375,20260726,1
375,20260802,1
375,20260809,1
376,20260407,1
376,20260408,1
376,20260409,1
376,20260410,1
376,20260413,1
376,20260414,1
376,20260415,1
376,20260416,1
376,20260417,1
376,20260420,1
376,20260421,1
376,20260422,1
376,20260423,1
376,20260424,1
376,20260427,1
376,20260428,1
376,20260429,1
376,20260430,1
376,20260504,1
376,20260505,1
376,20260506,1
376,20260507,1
376,20260508,1
376,20260511,1
376,20260512,1
376,20260513,1
376,20260518,1
376,20260519,1
376,20260520,1
376,20260521,1
376,20260522,1
376,20260525,1
376,20260526,1
376,20260527,1
376,20260528,1
376,20260529,1
376,20260601,1
376,20260602,1
376,20260603,1
376,20260604,1
376,20260605,1
376,20260608,1
376,20260609,1
376,20260610,1
376,20260611,1
376,20260612,1
376,20260615,1
376,20260616,1
376,20260617,1
376,20260618,1
376,20260619,1
376,20260622,1
376,20260623,1
376,20260624,1
376,20260625,1
376,20260626,1
376,20260629,1
376,20260630,1
376,20260701,1
376,20260702,1
376,20260703,1
376,20260706,1
377,20260404,1
377,20260405,1
377,20260406,1
377,20260411,1
377,20260418,1
377,20260425,1
377,20260502,1
377,20260509,1
377,20260516,1
377,20260523,1
377,20260530,1
377,20260607,1
377,20260613,1
377,20260614,1
377,20260619,1
377,20260620,1
377,20260621,1
377,20260627,1
377,20260628,1
377,20260704,1
377,20260705,1
377,20260711,1
377,20260712,1
377,20260718,1
377,20260719,1
377,20260725,1
377,20260726,1
377,20260801,1
377,20260802,1
377,20260808,1
377,20260809,1
377,20260815,1
378,20260410,1
378,20260424,1
378,20260430,1
378,20260501,1
378,20260508,1
378,20260522,1
378,20260529,1
378,20260605,1
378,20260612,1
378,20260618,1
378,20260626,1
378,20260703,1
379,20260404,1
379,20260405,1
379,20260406,1
379,20260411,1
379,20260412,1
379,20260418,1
379,20260419,1
379,20260425,1
379,20260426,1
379,20260501,1
379,20260502,1
379,20260503,1
379,20260509,1
379,20260510,1
379,20260523,1
379,20260524,1
379,20260530,1
379,20260531,1
379,20260606,1
379,20260607,1
379,20260613,1
379,20260614,1
379,20260619,1
379,20260620,1
379,20260621,1
379,20260627,1
379,20260628,1
379,20260704,1
379,20260705,1
379,20260711,1
379,20260712,1
379,20260718,1
379,20260719,1
379,20260725,1
379,20260726,1
379,20260801,1
379,20260802,1
379,20260808,1
379,20260809,1
379,20260815,1
380,20260407,1
380,20260408,1
380,20260409,1
380,20260410,1
380,20260413,1
380,20260414,1
380,20260415,1
380,20260416,1
380,20260417,1
380,20260420,1
380,20260421,1
380,20260422,1
380,20260423,1
380,20260424,1
380,20260427,1
380,20260428,1
380,20260429,1
380,20260430,1
380,20260504,1
380,20260505,1
380,20260506,1
380,20260507,1
380,20260508,1
380,20260511,1
380,20260512,1
380,20260513,1
380,20260518,1
380,20260519,1
380,20260520,1
380,20260521,1
380,20260522,1
380,20260525,1
380,20260526,1
380,20260527,1
380,20260528,1
380,20260529,1
380,20260601,1
380,20260602,1
380,20260603,1
380,20260604,1
380,20260605,1
380,20260608,1
380,20260609,1
380,20260610,1
380,20260611,1
380,20260612,1
380,20260622,1
380,20260623,1
380,20260624,1
380,20260625,1
380,20260626,1
380,20260629,1
380,20260630,1
380,20260701,1
380,20260702,1
380,20260703,1
380,20260706,1
381,20260404,1
381,20260406,1
381,20260411,1
381,20260412,1
381,20260418,1
381,20260419,1
381,20260425,1
381,20260426,1
381,20260501,1
381,20260502,1
381,20260509,1
381,20260510,1
381,20260517,1
381,20260523,1
381,20260524,1
381,20260530,1
381,20260531,1
381,20260606,1
381,20260607,1
381,20260613,1
381,20260614,1
381,20260620,1
381,20260621,1
381,20260627,1
381,20260628,1
381,20260704,1
381,20260705,1
382,20260404,1
382,20260405,1
382,20260406,1
382,20260411,1
382,20260412,1
382,20260418,1
382,20260419,1
382,20260425,1
382,20260426,1
382,20260501,1
382,20260502,1
382,20260503,1
382,20260509,1
382,20260510,1
382,20260517,1
382,20260523,1
382,20260524,1
382,20260530,1
382,20260531,1
382,20260606,1
382,20260607,1
382,20260613,1
382,20260614,1
382,20260619,1
382,20260620,1
382,20260621,1
382,20260627,1
382,20260628,1
382,20260704,1
382,20260705,1
383,20260410,1
383,20260417,1
383,20260424,1
383,20260430,1
383,20260508,1
383,20260522,1
383,20260529,1
383,20260605,1
383,20260612,1
383,20260615,1
383,20260616,1
383,20260617,1
383,20260618,1
383,20260622,1
383,20260623,1
383,20260624,1
383,20260625,1
383,20260626,1
383,20260629,1
383,20260630,1
383,20260701,1
383,20260702,1
383,20260703,1
383,20260706,1
384,20260407,1
384,20260408,1
384,20260409,1
384,20260410,1
384,20260413,1
384,20260414,1
384,20260415,1
384,20260416,1
384,20260417,1
384,20260420,1
384,20260421,1
384,20260422,1
384,20260423,1
384,20260424,1
384,20260427,1
384,20260428,1
384,20260429,1
384,20260430,1
384,20260504,1
384,20260505,1
384,20260506,1
384,20260507,1
384,20260508,1
384,20260511,1
384,20260512,1
384,20260513,1
384,20260515,1
384,20260518,1
384,20260519,1
384,20260520,1
384,20260521,1
384,20260522,1
384,20260525,1
384,20260526,1
384,20260527,1
384,20260528,1
384,20260529,1
384,20260601,1
384,20260602,1
384,20260603,1
384,20260604,1
384,20260605,1
384,20260608,1
384,20260609,1
384,20260610,1
384,20260611,1
384,20260612,1
384,20260615,1
384,20260616,1
384,20260617,1
384,20260618,1
384,20260622,1
384,20260623,1
384,20260624,1
384,20260625,1
384,20260626,1
384,20260701,1
384,20260702,1
384,20260703,1
384,20260706,1
384,20260707,1
384,20260708,1
384,20260709,1
384,20260710,1
384,20260713,1
384,20260714,1
384,20260715,1
384,20260716,1
384,20260717,1
384,20260720,1
384,20260721,1
384,20260722,1
384,20260723,1
384,20260724,1
384,20260727,1
384,20260728,1
384,20260729,1
384,20260730,1
384,20260731,1
384,20260803,1
384,20260804,1
384,20260805,1
384,20260806,1
384,20260807,1
384,20260810,1
384,20260811,1
384,20260812,1
384,20260813,1
384,20260814,1
385,20260404,1
385,20260405,1
385,20260406,1
385,20260411,1
385,20260418,1
385,20260425,1
385,20260501,1
385,20260502,1
385,20260509,1
385,20260523,1
385,20260530,1
385,20260606,1
385,20260613,1
385,20260619,1
385,20260627,1
385,20260704,1
386,20260405,1
386,20260411,1
386,20260412,1
386,20260418,1
386,20260419,1
386,20260425,1
386,20260426,1
386,20260501,1
386,20260502,1
386,20260509,1
386,20260510,1
386,20260517,1
386,20260523,1
386,20260524,1
386,20260530,1
386,20260531,1
386,20260606,1
386,20260607,1
386,20260613,1
386,20260614,1
386,20260619,1
386,20260620,1
386,20260621,1
386,20260627,1
386,20260628,1
386,20260704,1
386,20260705,1
387,20260407,1
387,20260408,1
387,20260409,1
387,20260410,1
387,20260413,1
387,20260414,1
387,20260415,1
387,20260416,1
387,20260417,1
387,20260420,1
387,20260421,1
387,20260422,1
387,20260423,1
387,20260424,1
387,20260427,1
387,20260428,1
387,20260429,1
387,20260430,1
387,20260511,1
387,20260512,1
387,20260513,1
387,20260515,1
387,20260518,1
387,20260519,1
387,20260520,1
387,20260521,1
387,20260522,1
387,20260525,1
387,20260526,1
387,20260527,1
387,20260528,1
387,20260529,1
387,20260601,1
387,20260602,1
387,20260603,1
387,20260604,1
387,20260605,1
387,20260608,1
387,20260609,1
387,20260610,1
387,20260611,1
387,20260612,1
387,20260615,1
387,20260616,1
387,20260617,1
387,20260618,1
387,20260803,1
387,20260804,1
387,20260805,1
387,20260806,1
387,20260807,1
387,20260810,1
387,20260811,1
387,20260812,1
387,20260813,1
387,20260814,1
388,20260622,1
388,20260623,1
388,20260624,1
388,20260625,1
388,20260626,1
388,20260629,1
388,20260630,1
388,20260701,1
388,20260702,1
388,20260703,1
388,20260706,1
389,20260405,1
389,20260406,1
389,20260503,1
390,20260517,1
390,20260622,1
390,20260623,1
390,20260624,1
390,20260625,1
390,20260626,1
390,20260629,1
390,20260630,1
390,20260701,1
390,20260702,1
390,20260703,1
390,20260706,1
391,20260407,1
391,20260408,1
391,20260409,1
391,20260410,1
391,20260413,1
391,20260414,1
391,20260415,1
391,20260416,1
391,20260417,1
391,20260420,1
391,20260421,1
391,20260422,1
391,20260423,1
391,20260424,1
391,20260427,1
391,20260428,1
391,20260429,1
391,20260504,1
391,20260505,1
391,20260506,1
391,20260507,1
391,20260508,1
391,20260511,1
391,20260512,1
391,20260513,1
391,20260515,1
391,20260518,1
391,20260519,1
391,20260520,1
391,20260521,1
391,20260522,1
391,20260525,1
391,20260526,1
391,20260527,1
391,20260528,1
391,20260529,1
391,20260601,1
391,20260602,1
391,20260603,1
391,20260604,1
391,20260605,1
392,20260404,1
392,20260405,1
392,20260406,1
392,20260407,1
392,20260408,1
392,20260409,1
392,20260410,1
392,20260411,1
392,20260412,1
392,20260413,1
392,20260414,1
392,20260415,1
392,20260416,1
392,20260417,1
392,20260418,1
392,20260419,1
392,20260420,1
392,20260421,1
392,20260422,1
392,20260423,1
392,20260424,1
392,20260425,1
392,20260426,1
392,20260427,1
392,20260428,1
392,20260429,1
392,20260501,1
392,20260502,1
392,20260503,1
392,20260504,1
392,20260505,1
392,20260508,1
392,20260509,1
392,20260510,1
392,20260511,1
392,20260512,1
392,20260513,1
392,20260514,1
392,20260515,1
392,20260516,1
392,20260517,1
392,20260518,1
392,20260519,1
392,20260520,1
392,20260521,1
392,20260522,1
392,20260523,1
392,20260524,1
392,20260525,1
392,20260526,1
392,20260527,1
392,20260528,1
392,20260529,1
392,20260530,1
392,20260531,1
392,20260601,1
392,20260602,1
392,20260603,1
392,20260604,1
392,20260605,1
392,20260606,1
393,20260504,1
393,20260505,1
393,20260506,1
393,20260507,1
393,20260508,1
394,20260510,1
394,20260511,1
394,20260512,1
394,20260513,1
394,20260514,1
394,20260518,1
394,20260519,1
394,20260520,1
394,20260521,1
395,20260408,1
395,20260409,1
395,20260410,1
395,20260414,1
395,20260415,1
395,20260416,1
395,20260417,1
395,20260421,1
395,20260422,1
395,20260423,1
395,20260424,1
395,20260428,1
395,20260429,1
395,20260430,1
395,20260505,1
395,20260506,1
395,20260512,1
395,20260513,1
395,20260515,1
395,20260519,1
395,20260520,1
395,20260521,1
395,20260522,1
395,20260529,1
395,20260605,1
396,20260404,1
396,20260411,1
396,20260418,1
396,20260419,1
396,20260425,1
396,20260502,1
396,20260509,1
396,20260516,1
396,20260523,1
396,20260530,1
396,20260606,1
397,20260405,1
397,20260406,1
397,20260412,1
397,20260426,1
397,20260503,1
397,20260510,1
397,20260514,1
397,20260517,1
397,20260524,1
397,20260531,1
397,20260613,1
397,20260614,1
398,20260731,1
398,20260803,1
398,20260804,1
398,20260805,1
398,20260806,1
398,20260807,1
398,20260810,1
398,20260811,1
398,20260812,1
398,20260813,1
398,20260814,1
399,20260407,1
399,20260408,1
399,20260409,1
399,20260410,1
399,20260413,1
399,20260414,1
399,20260415,1
399,20260416,1
399,20260417,1
399,20260420,1
399,20260421,1
399,20260422,1
399,20260423,1
399,20260424,1
399,20260427,1
399,20260428,1
399,20260429,1
399,20260430,1
399,20260511,1
399,20260512,1
399,20260513,1
399,20260515,1
399,20260518,1
399,20260519,1
399,20260520,1
399,20260521,1
399,20260522,1
399,20260525,1
399,20260526,1
399,20260527,1
399,20260528,1
399,20260529,1
399,20260601,1
399,20260602,1
399,20260603,1
399,20260604,1
399,20260605,1
399,20260608,1
399,20260609,1
399,20260610,1
399,20260611,1
399,20260612,1
399,20260615,1
399,20260616,1
399,20260617,1
399,20260618,1
399,20260622,1
399,20260623,1
399,20260624,1
399,20260625,1
399,20260626,1
399,20260629,1
399,20260630,1
399,20260701,1
399,20260702,1
399,20260703,1
399,20260706,1
399,20260707,1
399,20260708,1
399,20260709,1
399,20260710,1
399,20260713,1
399,20260714,1
399,20260715,1
399,20260716,1
399,20260717,1
399,20260720,1
399,20260721,1
399,20260722,1
399,20260723,1
399,20260724,1
399,20260727,1
399,20260728,1
399,20260729,1
399,20260730,1
399,20260731,1
399,20260803,1
399,20260804,1
399,20260805,1
399,20260806,1
399,20260807,1
399,20260810,1
399,20260811,1
399,20260812,1
399,20260813,1
399,20260814,1
400,20260407,1
400,20260408,1
400,20260409,1
400,20260410,1
400,20260413,1
400,20260414,1
400,20260415,1
400,20260416,1
400,20260417,1
400,20260420,1
400,20260421,1
400,20260422,1
400,20260423,1
400,20260424,1
400,20260504,1
400,20260505,1
400,20260506,1
400,20260507,1
400,20260508,1
400,20260511,1
400,20260512,1
400,20260513,1
400,20260515,1
400,20260518,1
400,20260519,1
400,20260520,1
400,20260521,1
400,20260522,1
400,20260525,1
400,20260526,1
400,20260527,1
400,20260528,1
400,20260529,1
400,20260601,1
400,20260602,1
400,20260603,1
400,20260604,1
400,20260605,1
401,20260705,1
401,20260712,1
401,20260719,1
401,20260726,1
401,20260802,1
401,20260808,1
401,20260809,1
401,20260815,1
402,20260407,1
402,20260413,1
402,20260420,1
402,20260427,1
402,20260504,1
402,20260511,1
402,20260518,1
403,20260608,1
403,20260609,1
403,20260610,1
403,20260611,1
403,20260612,1
403,20260615,1
403,20260616,1
403,20260617,1
403,20260618,1
404,20260404,1
404,20260405,1
404,20260406,1
404,20260411,1
404,20260412,1
404,20260425,1
404,20260426,1
404,20260501,1
404,20260502,1
404,20260503,1
404,20260509,1
404,20260510,1
404,20260514,1
404,20260516,1
404,20260517,1
404,20260523,1
404,20260524,1
404,20260530,1
404,20260531,1
404,20260606,1
404,20260613,1
404,20260614,1
405,20260704,1
405,20260705,1
405,20260711,1
405,20260712,1
405,20260718,1
405,20260719,1
405,20260725,1
405,20260726,1
405,20260801,1
405,20260802,1
405,20260808,1
405,20260809,1
405,20260815,1
406,20260704,1
406,20260705,1
406,20260718,1
406,20260719,1
406,20260725,1
406,20260726,1
406,20260801,1
406,20260802,1
406,20260808,1
406,20260809,1
406,20260815,1
407,20260404,1
407,20260405,1
407,20260406,1
407,20260411,1
407,20260412,1
407,20260418,1
407,20260419,1
407,20260425,1
407,20260426,1
407,20260501,1
407,20260502,1
407,20260503,1
407,20260509,1
407,20260510,1
407,20260514,1
407,20260516,1
407,20260517,1
407,20260523,1
407,20260530,1
407,20260606,1
407,20260607,1
407,20260613,1
407,20260614,1
407,20260619,1
407,20260620,1
407,20260621,1
407,20260627,1
407,20260628,1
407,20260704,1
407,20260705,1
407,20260711,1
407,20260712,1
407,20260718,1
407,20260719,1
407,20260725,1
407,20260726,1
407,20260801,1
407,20260802,1
407,20260808,1
407,20260809,1
407,20260815,1
408,20260418,1
408,20260419,1
408,20260704,1
408,20260705,1
408,20260711,1
408,20260712,1
408,20260718,1
408,20260719,1
408,20260725,1
408,20260726,1
408,20260801,1
408,20260802,1
408,20260808,1
408,20260809,1
408,20260815,1
409,20260704,1
409,20260705,1
409,20260711,1
409,20260712,1
409,20260718,1
409,20260719,1
409,20260725,1
409,20260726,1
409,20260801,1
409,20260802,1
410,20260613,1
410,20260614,1
411,20260808,1
411,20260809,1
411,20260815,1
412,20260407,1
412,20260408,1
412,20260409,1
412,20260410,1
412,20260413,1
412,20260414,1
412,20260415,1
412,20260416,1
412,20260417,1
412,20260420,1
412,20260421,1
412,20260422,1
412,20260423,1
412,20260424,1
412,20260427,1
412,20260428,1
412,20260429,1
412,20260430,1
412,20260504,1
412,20260505,1
412,20260506,1
412,20260507,1
412,20260508,1
412,20260511,1
412,20260512,1
412,20260513,1
412,20260518,1
412,20260519,1
412,20260520,1
412,20260521,1
412,20260522,1
412,20260525,1
412,20260526,1
412,20260527,1
412,20260528,1
412,20260529,1
412,20260601,1
412,20260602,1
412,20260603,1
412,20260604,1
412,20260605,1
413,20260427,1
413,20260428,1
413,20260429,1
413,20260430,1
414,20260525,1
414,20260526,1
414,20260527,1
414,20260528,1
414,20260601,1
414,20260602,1
414,20260603,1
414,20260604,1
415,20260524,1
415,20260531,1
416,20260601,1
416,20260602,1
416,20260603,1
416,20260604,1
416,20260608,1
416,20260609,1
416,20260610,1
416,20260611,1
416,20260612,1
416,20260615,1
416,20260616,1
416,20260617,1
416,20260618,1
417,20260407,1
417,20260408,1
417,20260409,1
417,20260413,1
417,20260414,1
417,20260415,1
417,20260416,1
417,20260420,1
417,20260421,1
417,20260422,1
417,20260423,1
417,20260427,1
417,20260428,1
417,20260429,1
417,20260504,1
417,20260505,1
417,20260511,1
417,20260512,1
417,20260513,1
417,20260518,1
417,20260519,1
417,20260520,1
417,20260521,1
417,20260525,1
417,20260526,1
417,20260527,1
417,20260528,1
418,20260613,1
418,20260614,1
418,20260704,1
418,20260705,1
418,20260711,1
418,20260712,1
418,20260718,1
418,20260719,1
418,20260725,1
418,20260726,1
418,20260801,1
418,20260802,1
418,20260808,1
418,20260809,1
418,20260815,1
419,20260613,1
419,20260614,1
419,20260808,1
419,20260809,1
419,20260815,1
420,20260410,1
420,20260417,1
420,20260424,1
420,20260430,1
420,20260508,1
420,20260515,1
420,20260522,1
420,20260529,1
420,20260605,1
421,20260404,1
421,20260405,1
421,20260406,1
421,20260411,1
421,20260412,1
421,20260419,1
421,20260425,1
421,20260426,1
421,20260501,1
421,20260502,1
421,20260503,1
421,20260509,1
421,20260510,1
421,20260514,1
421,20260516,1
421,20260517,1
421,20260523,1
421,20260524,1
421,20260530,1
421,20260531,1
421,20260606,1
422,20260404,1
422,20260405,1
422,20260406,1
422,20260407,1
422,20260408,1
422,20260409,1
422,20260410,1
422,20260411,1
422,20260412,1
422,20260413,1
422,20260414,1
422,20260415,1
422,20260416,1
422,20260417,1
422,20260418,1
422,20260419,1
422,20260420,1
422,20260421,1
422,20260422,1
422,20260423,1
422,20260424,1
422,20260425,1
422,20260426,1
422,20260427,1
422,20260428,1
422,20260429,1
422,20260430,1
422,20260501,1
422,20260502,1
422,20260503,1
422,20260511,1
422,20260512,1
422,20260513,1
422,20260514,1
422,20260515,1
422,20260516,1
422,20260517,1
422,20260518,1
422,20260519,1
422,20260520,1
422,20260521,1
422,20260522,1
422,20260523,1
422,20260524,1
422,20260525,1
422,20260526,1
422,20260527,1
422,20260528,1
422,20260529,1
422,20260530,1
422,20260531,1
422,20260601,1
422,20260602,1
422,20260603,1
422,20260604,1
422,20260605,1
422,20260606,1
422,20260607,1
422,20260608,1
422,20260609,1
422,20260610,1
422,20260611,1
422,20260612,1
422,20260613,1
422,20260614,1
422,20260615,1
422,20260616,1
422,20260617,1
422,20260618,1
422,20260619,1
422,20260620,1
422,20260621,1
422,20260622,1
422,20260623,1
422,20260624,1
422,20260625,1
422,20260626,1
422,20260627,1
422,20260628,1
422,20260629,1
422,20260630,1
422,20260701,1
422,20260702,1
422,20260703,1
422,20260704,1
422,20260705,1
422,20260706,1
422,20260707,1
422,20260708,1
422,20260709,1
422,20260710,1
422,20260711,1
422,20260712,1
422,20260713,1
422,20260714,1
422,20260715,1
422,20260716,1
422,20260717,1
422,20260718,1
422,20260719,1
422,20260720,1
422,20260721,1
422,20260722,1
422,20260723,1
422,20260724,1
422,20260725,1
422,20260726,1
422,20260727,1
422,20260728,1
422,20260729,1
422,20260730,1
422,20260731,1
422,20260801,1
422,20260802,1
422,20260803,1
422,20260804,1
422,20260805,1
422,20260806,1
422,20260807,1
422,20260808,1
422,20260809,1
422,20260810,1
422,20260811,1
422,20260812,1
422,20260813,1
422,20260814,1
422,20260815,1
423,20260622,1
423,20260623,1
423,20260624,1
423,20260625,1
423,20260626,1
423,20260629,1
423,20260630,1
423,20260701,1
423,20260702,1
423,20260703,1
423,20260706,1
423,20260707,1
423,20260708,1
423,20260709,1
423,20260710,1
423,20260713,1
423,20260714,1
423,20260715,1
423,20260716,1
423,20260717,1
423,20260720,1
423,20260721,1
423,20260722,1
423,20260723,1
423,20260724,1
423,20260727,1
423,20260728,1
423,20260729,1
423,20260730,1
423,20260731,1
424,20260407,1
424,20260408,1
424,20260409,1
424,20260410,1
424,20260413,1
424,20260414,1
424,20260415,1
424,20260416,1
424,20260417,1
424,20260420,1
424,20260421,1
424,20260422,1
424,20260423,1
424,20260424,1
424,20260427,1
424,20260428,1
424,20260429,1
424,20260430,1
424,20260511,1
424,20260512,1
424,20260513,1
424,20260515,1
424,20260518,1
424,20260519,1
424,20260520,1
424,20260521,1
424,20260522,1
424,20260525,1
424,20260526,1
424,20260527,1
424,20260528,1
424,20260529,1
424,20260601,1
424,20260602,1
424,20260603,1
424,20260604,1
424,20260605,1
424,20260608,1
424,20260609,1
424,20260610,1
424,20260611,1
424,20260612,1
425,20260407,1
425,20260408,1
425,20260409,1
425,20260410,1
425,20260413,1
425,20260414,1
425,20260415,1
425,20260416,1
425,20260417,1
425,20260420,1
425,20260421,1
425,20260422,1
425,20260423,1
425,20260424,1
425,20260504,1
425,20260505,1
425,20260508,1
425,20260511,1
425,20260512,1
425,20260513,1
425,20260515,1
425,20260518,1
425,20260519,1
425,20260520,1
425,20260521,1
425,20260522,1
425,20260525,1
425,20260526,1
425,20260527,1
425,20260528,1
425,20260529,1
425,20260601,1
425,20260602,1
425,20260603,1
425,20260604,1
425,20260605,1
425,20260608,1
425,20260609,1
425,20260610,1
425,20260611,1
425,20260612,1
426,20260405,1
426,20260406,1
426,20260412,1
426,20260419,1
426,20260426,1
426,20260503,1
426,20260514,1
426,20260517,1
426,20260524,1
426,20260531,1
426,20260607,1
426,20260614,1
426,20260620,1
426,20260621,1
426,20260628,1
426,20260705,1
426,20260712,1
426,20260719,1
426,20260726,1
426,20260802,1
426,20260809,1
427,20260407,1
427,20260408,1
427,20260409,1
427,20260410,1
427,20260413,1
427,20260414,1
427,20260415,1
427,20260416,1
427,20260417,1
427,20260420,1
427,20260421,1
427,20260422,1
427,20260423,1
427,20260424,1
427,20260427,1
427,20260428,1
427,20260429,1
427,20260430,1
427,20260511,1
427,20260512,1
427,20260513,1
427,20260515,1
427,20260518,1
427,20260519,1
427,20260520,1
427,20260521,1
427,20260522,1
427,20260525,1
427,20260526,1
427,20260527,1
427,20260528,1
427,20260529,1
428,20260601,1
428,20260602,1
428,20260603,1
428,20260604,1
428,20260605,1
428,20260608,1
428,20260609,1
428,20260610,1
428,20260611,1
428,20260612,1
429,20260404,1
429,20260405,1
429,20260406,1
429,20260407,1
429,20260408,1
429,20260409,1
429,20260410,1
429,20260411,1
429,20260412,1
429,20260413,1
429,20260414,1
429,20260415,1
429,20260416,1
429,20260419,1
429,20260425,1
429,20260426,1
429,20260501,1
429,20260502,1
429,20260510,1
429,20260515,1
429,20260516,1
429,20260517,1
429,20260522,1
429,20260523,1
429,20260524,1
429,20260529,1
429,20260530,1
429,20260531,1
429,20260601,1
429,20260602,1
429,20260603,1
429,20260604,1
429,20260605,1
429,20260606,1
429,20260607,1
429,20260608,1
429,20260609,1
429,20260610,1
429,20260611,1
429,20260612,1
429,20260613,1
429,20260614,1
429,20260615,1
429,20260616,1
429,20260617,1
429,20260618,1
429,20260619,1
429,20260620,1
429,20260621,1
429,20260622,1
429,20260623,1
429,20260624,1
429,20260625,1
429,20260626,1
429,20260627,1
429,20260628,1
429,20260629,1
429,20260630,1
429,20260701,1
429,20260702,1
429,20260703,1
429,20260704,1
429,20260705,1
429,20260706,1
429,20260707,1
429,20260708,1
429,20260709,1
429,20260710,1
429,20260711,1
429,20260712,1
429,20260713,1
429,20260714,1
429,20260715,1
429,20260716,1
429,20260717,1
429,20260718,1
429,20260719,1
429,20260720,1
429,20260721,1
429,20260722,1
429,20260723,1
429,20260724,1
429,20260725,1
429,20260726,1
429,20260727,1
429,20260728,1
429,20260729,1
429,20260730,1
429,20260731,1
429,20260801,1
429,20260802,1
429,20260803,1
429,20260804,1
429,20260805,1
429,20260806,1
429,20260807,1
429,20260808,1
429,20260809,1
429,20260810,1
429,20260811,1
429,20260812,1
429,20260813,1
429,20260814,1
429,20260815,1
430,20260404,1
430,20260405,1
430,20260406,1
430,20260407,1
430,20260408,1
430,20260409,1
430,20260410,1
430,20260411,1
430,20260412,1
430,20260413,1
430,20260414,1
430,20260415,1
430,20260416,1
430,20260417,1
430,20260420,1
430,20260425,1
430,20260426,1
430,20260427,1
430,20260502,1
430,20260503,1
430,20260511,1
430,20260516,1
430,20260517,1
430,20260518,1
430,20260523,1
430,20260524,1
430,20260525,1
430,20260530,1
430,20260531,1
430,20260601,1
430,20260602,1
430,20260603,1
430,20260604,1
430,20260605,1
430,20260606,1
430,20260607,1
430,20260608,1
430,20260609,1
430,20260610,1
430,20260611,1
430,20260612,1
430,20260613,1
430,20260614,1
430,20260615,1
430,20260616,1
430,20260617,1
430,20260618,1
430,20260619,1
430,20260620,1
430,20260621,1
430,20260622,1
430,20260623,1
430,20260624,1
430,20260625,1
430,20260626,1
430,20260627,1
430,20260628,1
430,20260629,1
430,20260630,1
430,20260701,1
430,20260702,1
430,20260703,1
430,20260704,1
430,20260705,1
430,20260706,1
430,20260707,1
430,20260708,1
430,20260709,1
430,20260710,1
430,20260711,1
430,20260712,1
430,20260713,1
430,20260714,1
430,20260715,1
430,20260716,1
430,20260717,1
430,20260718,1
430,20260719,1
430,20260720,1
430,20260721,1
430,20260722,1
430,20260723,1
430,20260724,1
430,20260725,1
430,20260726,1
430,20260727,1
430,20260728,1
430,20260729,1
430,20260730,1
430,20260731,1
430,20260801,1
430,20260802,1
430,20260803,1
430,20260804,1
430,20260805,1
430,20260806,1
430,20260807,1
430,20260808,1
430,20260809,1
430,20260810,1
430,20260811,1
430,20260812,1
430,20260813,1
430,20260814,1
430,20260815,1
431,20260404,1
431,20260405,1
431,20260406,1
431,20260407,1
431,20260408,1
431,20260409,1
431,20260410,1
431,20260411,1
431,20260412,1
431,20260413,1
431,20260414,1
431,20260415,1
431,20260416,1
431,20260417,1
431,20260418,1
431,20260419,1
431,20260420,1
431,20260426,1
431,20260427,1
431,20260501,1
431,20260502,1
431,20260503,1
431,20260511,1
431,20260513,1
431,20260516,1
431,20260517,1
431,20260518,1
431,20260519,1
431,20260520,1
431,20260521,1
431,20260522,1
431,20260523,1
431,20260524,1
431,20260525,1
431,20260526,1
431,20260527,1
431,20260528,1
431,20260529,1
431,20260530,1
431,20260531,1
431,20260601,1
431,20260602,1
431,20260603,1
431,20260604,1
431,20260605,1
431,20260606,1
431,20260607,1
431,20260608,1
431,20260609,1
431,20260610,1
431,20260611,1
431,20260612,1
431,20260613,1
431,20260614,1
431,20260615,1
431,20260616,1
431,20260617,1
431,20260618,1
431,20260619,1
431,20260620,1
431,20260621,1
431,20260627,1
431,20260628,1
431,20260704,1
431,20260705,1
431,20260711,1
431,20260712,1
431,20260718,1
431,20260719,1
431,20260725,1
431,20260726,1
431,20260801,1
431,20260802,1
431,20260803,1
431,20260804,1
431,20260805,1
431,20260806,1
431,20260807,1
431,20260808,1
431,20260809,1
431,20260810,1
431,20260811,1
431,20260812,1
431,20260813,1
431,20260814,1
431,20260815,1
432,20260404,1
432,20260405,1
432,20260406,1
432,20260411,1
432,20260412,1
432,20260418,1
432,20260419,1
432,20260425,1
432,20260426,1
432,20260501,1
432,20260502,1
432,20260503,1
432,20260514,1
432,20260516,1
432,20260517,1
432,20260523,1
432,20260524,1
432,20260530,1
432,20260531,1
432,20260606,1
432,20260607,1
432,20260613,1
432,20260614,1
432,20260619,1
432,20260620,1
432,20260621,1
432,20260627,1
432,20260628,1
432,20260704,1
432,20260705,1
432,20260711,1
432,20260712,1
432,20260718,1
432,20260719,1
432,20260725,1
432,20260726,1
432,20260801,1
432,20260802,1
432,20260808,1
432,20260809,1
432,20260815,1
433,20260404,1
433,20260405,1
433,20260406,1
433,20260407,1
433,20260408,1
433,20260409,1
433,20260410,1
433,20260411,1
433,20260412,1
433,20260413,1
433,20260414,1
433,20260415,1
433,20260416,1
433,20260417,1
433,20260418,1
433,20260419,1
433,20260420,1
433,20260421,1
433,20260422,1
433,20260423,1
433,20260424,1
433,20260425,1
433,20260426,1
433,20260427,1
433,20260428,1
433,20260429,1
433,20260501,1
433,20260502,1
433,20260503,1
433,20260511,1
433,20260512,1
433,20260513,1
433,20260514,1
433,20260515,1
433,20260516,1
433,20260517,1
433,20260518,1
433,20260519,1
433,20260520,1
433,20260521,1
433,20260522,1
433,20260523,1
433,20260524,1
433,20260525,1
433,20260526,1
433,20260527,1
433,20260528,1
433,20260529,1
433,20260530,1
433,20260531,1
433,20260601,1
433,20260602,1
433,20260603,1
433,20260604,1
433,20260605,1
433,20260606,1
433,20260607,1
433,20260608,1
433,20260609,1
433,20260610,1
433,20260611,1
433,20260612,1
433,20260613,1
433,20260614,1
433,20260615,1
433,20260616,1
433,20260617,1
433,20260618,1
433,20260619,1
433,20260620,1
433,20260621,1
433,20260622,1
433,20260623,1
433,20260624,1
433,20260625,1
433,20260626,1
433,20260627,1
433,20260628,1
433,20260629,1
433,20260630,1
433,20260701,1
433,20260702,1
433,20260703,1
433,20260704,1
433,20260705,1
433,20260706,1
433,20260707,1
433,20260708,1
433,20260709,1
433,20260710,1
433,20260711,1
433,20260712,1
433,20260713,1
433,20260714,1
433,20260715,1
433,20260716,1
433,20260717,1
433,20260718,1
433,20260719,1
433,20260720,1
433,20260721,1
433,20260722,1
433,20260723,1
433,20260724,1
433,20260725,1
433,20260726,1
433,20260727,1
433,20260728,1
433,20260729,1
433,20260730,1
433,20260731,1
433,20260801,1
433,20260802,1
433,20260803,1
433,20260804,1
433,20260805,1
433,20260806,1
433,20260807,1
433,20260808,1
433,20260809,1
433,20260810,1
433,20260811,1
433,20260812,1
433,20260813,1
433,20260814,1
433,20260815,1
434,20260410,1
434,20260417,1
434,20260515,1
434,20260522,1
434,20260529,1
434,20260605,1
434,20260612,1
435,20260407,1
435,20260408,1
435,20260409,1
435,20260410,1
435,20260413,1
435,20260414,1
435,20260415,1
435,20260416,1
435,20260417,1
435,20260420,1
435,20260427,1
435,20260511,1
435,20260512,1
435,20260513,1
435,20260515,1
435,20260518,1
435,20260519,1
435,20260520,1
435,20260521,1
435,20260522,1
435,20260525,1
435,20260526,1
435,20260527,1
435,20260528,1
435,20260529,1
435,20260601,1
435,20260602,1
435,20260603,1
435,20260604,1
435,20260605,1
435,20260608,1
435,20260609,1
435,20260610,1
435,20260611,1
435,20260612,1
435,20260622,1
435,20260623,1
435,20260624,1
435,20260625,1
435,20260626,1
435,20260629,1
435,20260630,1
435,20260701,1
435,20260702,1
435,20260703,1
435,20260706,1
435,20260707,1
435,20260708,1
435,20260709,1
435,20260710,1
435,20260713,1
435,20260714,1
435,20260715,1
435,20260716,1
435,20260717,1
435,20260720,1
435,20260721,1
435,20260722,1
435,20260723,1
435,20260724,1
435,20260727,1
435,20260728,1
435,20260729,1
435,20260730,1
435,20260731,1
436,20260404,1
436,20260407,1
436,20260408,1
436,20260409,1
436,20260410,1
436,20260411,1
436,20260413,1
436,20260414,1
436,20260415,1
436,20260416,1
436,20260417,1
436,20260418,1
436,20260420,1
436,20260421,1
436,20260422,1
436,20260423,1
436,20260424,1
436,20260425,1
436,20260427,1
436,20260428,1
436,20260429,1
436,20260430,1
436,20260501,1
436,20260502,1
436,20260511,1
436,20260512,1
436,20260513,1
436,20260515,1
436,20260516,1
436,20260518,1
436,20260519,1
436,20260520,1
436,20260521,1
436,20260522,1
436,20260523,1
436,20260525,1
436,20260526,1
436,20260527,1
436,20260528,1
436,20260529,1
436,20260530,1
436,20260601,1
436,20260602,1
436,20260603,1
436,20260604,1
436,20260605,1
436,20260606,1
436,20260608,1
436,20260609,1
436,20260610,1
436,20260611,1
436,20260612,1
436,20260613,1
436,20260615,1
436,20260616,1
436,20260617,1
436,20260618,1
436,20260619,1
436,20260622,1
436,20260623,1
436,20260624,1
436,20260625,1
436,20260626,1
436,20260627,1
436,20260629,1
436,20260630,1
436,20260701,1
436,20260702,1
436,20260703,1
436,20260704,1
436,20260706,1
436,20260707,1
436,20260708,1
436,20260709,1
436,20260710,1
436,20260711,1
436,20260713,1
436,20260714,1
436,20260715,1
436,20260716,1
436,20260717,1
436,20260718,1
436,20260720,1
436,20260721,1
436,20260722,1
436,20260723,1
436,20260724,1
436,20260725,1
436,20260727,1
436,20260728,1
436,20260729,1
436,20260730,1
436,20260731,1
436,20260801,1
436,20260803,1
436,20260804,1
436,20260805,1
436,20260806,1
436,20260807,1
436,20260808,1
436,20260810,1
436,20260811,1
436,20260812,1
436,20260813,1
436,20260814,1
436,20260815,1
437,20260607,1
437,20260608,1
437,20260609,1
437,20260610,1
437,20260611,1
437,20260612,1
437,20260613,1
437,20260614,1
437,20260615,1
437,20260616,1
437,20260617,1
437,20260618,1
437,20260619,1
437,20260620,1
437,20260621,1
437,20260622,1
437,20260623,1
437,20260624,1
437,20260625,1
437,20260626,1
437,20260627,1
437,20260628,1
437,20260629,1
437,20260630,1
437,20260701,1
437,20260702,1
437,20260703,1
437,20260704,1
437,20260705,1
437,20260706,1
437,20260707,1
437,20260708,1
437,20260709,1
437,20260710,1
437,20260711,1
437,20260712,1
437,20260713,1
437,20260714,1
437,20260715,1
437,20260716,1
437,20260717,1
437,20260718,1
437,20260719,1
437,20260720,1
437,20260721,1
437,20260722,1
437,20260723,1
437,20260724,1
437,20260725,1
437,20260726,1
437,20260727,1
437,20260728,1
437,20260729,1
437,20260730,1
437,20260731,1
437,20260801,1
437,20260802,1
437,20260803,1
437,20260804,1
437,20260805,1
437,20260806,1
437,20260807,1
437,20260808,1
437,20260809,1
437,20260810,1
437,20260811,1
437,20260812,1
437,20260813,1
437,20260814,1
437,20260815,1
438,20260404,1
438,20260411,1
438,20260418,1
438,20260425,1
438,20260502,1
438,20260516,1
438,20260523,1
438,20260530,1
438,20260606,1
438,20260607,1
438,20260614,1
438,20260620,1
438,20260621,1
438,20260627,1
438,20260628,1
438,20260704,1
438,20260705,1
438,20260711,1
438,20260712,1
438,20260718,1
438,20260719,1
438,20260725,1
438,20260726,1
438,20260801,1
438,20260802,1
438,20260809,1
439,20260405,1
439,20260406,1
439,20260407,1
439,20260408,1
439,20260409,1
439,20260412,1
439,20260413,1
439,20260414,1
439,20260415,1
439,20260416,1
439,20260419,1
439,20260426,1
439,20260503,1
439,20260517,1
439,20260524,1
439,20260531,1
439,20260601,1
439,20260602,1
439,20260603,1
439,20260604,1
439,20260610,1
439,20260611,1
439,20260613,1
439,20260615,1
439,20260616,1
439,20260617,1
439,20260618,1
439,20260619,1
439,20260622,1
439,20260623,1
439,20260624,1
439,20260625,1
439,20260626,1
439,20260629,1
439,20260630,1
439,20260701,1
439,20260702,1
439,20260703,1
439,20260706,1
439,20260707,1
439,20260708,1
439,20260709,1
439,20260710,1
439,20260713,1
439,20260714,1
439,20260715,1
439,20260716,1
439,20260717,1
439,20260720,1
439,20260721,1
439,20260722,1
439,20260723,1
439,20260724,1
439,20260727,1
439,20260728,1
439,20260729,1
439,20260730,1
439,20260731,1
439,20260803,1
439,20260804,1
439,20260805,1
439,20260806,1
439,20260807,1
439,20260808,1
439,20260810,1
439,20260811,1
439,20260812,1
439,20260813,1
439,20260814,1
439,20260815,1
440,20260608,1
440,20260609,1
441,20260418,1
441,20260419,1
441,20260421,1
441,20260422,1
441,20260423,1
441,20260424,1
441,20260428,1
441,20260429,1
441,20260430,1
441,20260501,1
441,20260504,1
441,20260505,1
441,20260506,1
441,20260507,1
441,20260508,1
441,20260509,1
441,20260510,1
441,20260512,1
441,20260513,1
441,20260514,1
441,20260515,1
441,20260519,1
441,20260520,1
441,20260521,1
441,20260522,1
441,20260526,1
441,20260527,1
441,20260528,1
441,20260529,1
442,20260404,1
442,20260405,1
442,20260406,1
442,20260407,1
442,20260408,1
442,20260409,1
442,20260410,1
442,20260411,1
442,20260412,1
442,20260413,1
442,20260414,1
442,20260415,1
442,20260416,1
442,20260417,1
442,20260418,1
442,20260419,1
442,20260420,1
442,20260421,1
442,20260422,1
442,20260423,1
442,20260424,1
442,20260425,1
442,20260426,1
442,20260427,1
442,20260428,1
442,20260429,1
442,20260430,1
442,20260501,1
442,20260502,1
442,20260503,1
442,20260511,1
442,20260512,1
442,20260513,1
442,20260514,1
442,20260515,1
442,20260516,1
442,20260517,1
442,20260518,1
442,20260519,1
442,20260520,1
442,20260521,1
442,20260522,1
442,20260523,1
442,20260524,1
442,20260525,1
442,20260526,1
442,20260527,1
442,20260528,1
442,20260529,1
442,20260530,1
442,20260531,1
442,20260601,1
442,20260602,1
442,20260603,1
442,20260604,1
442,20260605,1
442,20260606,1
443,20260417,1
443,20260418,1
443,20260427,1
443,20260428,1
443,20260429,1
443,20260430,1
443,20260511,1
443,20260512,1
443,20260513,1
443,20260514,1
443,20260518,1
443,20260519,1
443,20260520,1
443,20260521,1
443,20260525,1
443,20260526,1
443,20260527,1
443,20260528,1
444,20260424,1
445,20260421,1
445,20260422,1
445,20260423,1
445,20260424,1
446,20260428,1
446,20260429,1
446,20260430,1
447,20260421,1
447,20260422,1
447,20260423,1
447,20260424,1
447,20260425,1
447,20260428,1
447,20260429,1
447,20260430,1
447,20260512,1
447,20260514,1
447,20260515,1
448,20260508,1
449,20260504,1
449,20260505,1
449,20260506,1
449,20260507,1
449,20260508,1
449,20260509,1
449,20260510,1
450,20260504,1
450,20260505,1
450,20260506,1
450,20260507,1
450,20260508,1
450,20260509,1
451,20260507,1
452,20260506,1
452,20260507,1
452,20260511,1
452,20260512,1
452,20260513,1
452,20260514,1
452,20260518,1
452,20260519,1
452,20260520,1
452,20260521,1
452,20260525,1
452,20260526,1
452,20260527,1
452,20260528,1
453,20260509,1
453,20260510,1
454,20260503,1
454,20260508,1
454,20260509,1
455,20260506,1
456,20260509,1
457,20260406,1
457,20260407,1
457,20260408,1
457,20260409,1
457,20260413,1
457,20260414,1
457,20260415,1
457,20260416,1
457,20260601,1
457,20260602,1
457,20260603,1
457,20260604,1
457,20260608,1
457,20260609,1
457,20260610,1
457,20260611,1
457,20260615,1
457,20260616,1
457,20260617,1
457,20260618,1
457,20260622,1
457,20260623,1
457,20260624,1
457,20260625,1
457,20260626,1
457,20260629,1
457,20260630,1
457,20260701,1
457,20260702,1
457,20260703,1
457,20260706,1
457,20260707,1
457,20260708,1
457,20260709,1
457,20260710,1
457,20260713,1
457,20260714,1
457,20260715,1
457,20260716,1
457,20260717,1
457,20260720,1
457,20260721,1
457,20260722,1
457,20260723,1
457,20260724,1
457,20260727,1
457,20260728,1
457,20260729,1
457,20260730,1
457,20260731,1
457,20260803,1
457,20260804,1
457,20260805,1
457,20260806,1
457,20260810,1
457,20260811,1
457,20260812,1
457,20260813,1
458,20260508,1
458,20260509,1
459,20260405,1
459,20260412,1
459,20260419,1
459,20260426,1
459,20260510,1
459,20260517,1
459,20260524,1
459,20260531,1
460,20260417,1
460,20260418,1
460,20260503,1
460,20260504,1
460,20260505,1
460,20260506,1
460,20260507,1
460,20260508,1
460,20260509,1
460,20260513,1
460,20260514,1
461,20260427,1
461,20260428,1
461,20260429,1
461,20260430,1
461,20260504,1
461,20260505,1
461,20260506,1
461,20260507,1
461,20260508,1
461,20260509,1
461,20260510,1
462,20260404,1
462,20260407,1
462,20260408,1
462,20260409,1
462,20260410,1
462,20260411,1
462,20260413,1
462,20260414,1
462,20260415,1
462,20260416,1
462,20260417,1
462,20260418,1
462,20260420,1
462,20260421,1
462,20260422,1
462,20260423,1
462,20260424,1
462,20260425,1
462,20260427,1
462,20260428,1
462,20260429,1
462,20260430,1
462,20260501,1
462,20260502,1
462,20260511,1
462,20260512,1
462,20260513,1
462,20260515,1
462,20260516,1
462,20260518,1
462,20260519,1
462,20260520,1
462,20260521,1
462,20260522,1
462,20260523,1
462,20260525,1
462,20260526,1
462,20260527,1
462,20260528,1
462,20260529,1
462,20260530,1
462,20260601,1
462,20260602,1
462,20260603,1
462,20260604,1
462,20260605,1
462,20260606,1
462,20260607,1
462,20260608,1
462,20260609,1
462,20260610,1
462,20260611,1
462,20260612,1
462,20260613,1
462,20260614,1
462,20260615,1
462,20260616,1
462,20260617,1
462,20260618,1
462,20260619,1
462,20260620,1
462,20260621,1
462,20260627,1
462,20260628,1
462,20260704,1
462,20260705,1
462,20260711,1
462,20260712,1
462,20260718,1
462,20260719,1
462,20260725,1
462,20260726,1
462,20260801,1
462,20260802,1
462,20260803,1
462,20260804,1
462,20260805,1
462,20260806,1
462,20260807,1
462,20260808,1
462,20260809,1
462,20260810,1
462,20260811,1
462,20260812,1
462,20260813,1
462,20260814,1
462,20260815,1
463,20260404,1
463,20260405,1
463,20260406,1
463,20260407,1
463,20260408,1
463,20260409,1
463,20260410,1
463,20260411,1
463,20260412,1
463,20260413,1
463,20260414,1
463,20260415,1
463,20260416,1
463,20260419,1
463,20260425,1
463,20260426,1
463,20260502,1
463,20260510,1
463,20260515,1
463,20260516,1
463,20260517,1
463,20260522,1
463,20260523,1
463,20260524,1
463,20260529,1
463,20260530,1
463,20260531,1
463,20260601,1
463,20260602,1
463,20260603,1
463,20260604,1
463,20260605,1
463,20260606,1
463,20260607,1
463,20260608,1
463,20260609,1
463,20260610,1
463,20260611,1
463,20260612,1
463,20260613,1
463,20260614,1
463,20260615,1
463,20260616,1
463,20260617,1
463,20260618,1
463,20260619,1
463,20260620,1
463,20260621,1
463,20260622,1
463,20260623,1
463,20260624,1
463,20260625,1
463,20260626,1
463,20260627,1
463,20260628,1
463,20260629,1
463,20260630,1
463,20260701,1
463,20260702,1
463,20260703,1
463,20260704,1
463,20260705,1
463,20260706,1
463,20260707,1
463,20260708,1
463,20260709,1
463,20260710,1
463,20260711,1
463,20260712,1
463,20260713,1
463,20260714,1
463,20260715,1
463,20260716,1
463,20260717,1
463,20260718,1
463,20260719,1
463,20260720,1
463,20260721,1
463,20260722,1
463,20260723,1
463,20260724,1
463,20260725,1
463,20260726,1
463,20260727,1
463,20260728,1
463,20260729,1
463,20260730,1
463,20260731,1
463,20260801,1
463,20260802,1
463,20260803,1
463,20260804,1
463,20260805,1
463,20260806,1
463,20260807,1
463,20260808,1
463,20260809,1
463,20260810,1
463,20260811,1
463,20260812,1
463,20260813,1
463,20260814,1
463,20260815,1
464,20260404,1
464,20260410,1
464,20260411,1
464,20260425,1
464,20260502,1
464,20260515,1
464,20260516,1
464,20260522,1
464,20260523,1
464,20260529,1
464,20260530,1
464,20260605,1
464,20260606,1
464,20260607,1
464,20260612,1
464,20260613,1
464,20260614,1
464,20260619,1
464,20260620,1
464,20260621,1
464,20260627,1
464,20260628,1
464,20260704,1
464,20260705,1
464,20260711,1
464,20260712,1
464,20260718,1
464,20260719,1
464,20260725,1
464,20260726,1
464,20260801,1
464,20260802,1
464,20260807,1
464,20260808,1
464,20260809,1
464,20260814,1
464,20260815,1
465,20260405,1
465,20260410,1
465,20260411,1
465,20260412,1
465,20260419,1
465,20260425,1
465,20260426,1
465,20260502,1
465,20260510,1
465,20260515,1
465,20260516,1
465,20260517,1
465,20260522,1
465,20260523,1
465,20260524,1
465,20260529,1
465,20260530,1
465,20260531,1
465,20260605,1
465,20260606,1
465,20260607,1
465,20260612,1
465,20260613,1
465,20260614,1
465,20260615,1
465,20260616,1
465,20260617,1
465,20260618,1
465,20260619,1
465,20260620,1
465,20260621,1
465,20260622,1
465,20260623,1
465,20260624,1
465,20260625,1
465,20260626,1
465,20260627,1
465,20260628,1
465,20260629,1
465,20260630,1
465,20260701,1
465,20260702,1
465,20260703,1
465,20260704,1
465,20260705,1
465,20260706,1
465,20260707,1
465,20260708,1
465,20260709,1
465,20260710,1
465,20260711,1
465,20260712,1
465,20260713,1
465,20260714,1
465,20260715,1
465,20260716,1
465,20260717,1
465,20260718,1
465,20260719,1
465,20260720,1
465,20260721,1
465,20260722,1
465,20260723,1
465,20260724,1
465,20260725,1
465,20260726,1
465,20260727,1
465,20260728,1
465,20260729,1
465,20260730,1
465,20260731,1
465,20260801,1
465,20260802,1
465,20260803,1
465,20260804,1
465,20260805,1
465,20260806,1
465,20260807,1
465,20260808,1
465,20260809,1
465,20260810,1
465,20260811,1
465,20260812,1
465,20260813,1
465,20260814,1
465,20260815,1
466,20260404,1
466,20260405,1
466,20260410,1
466,20260411,1
466,20260417,1
466,20260424,1
466,20260425,1
466,20260502,1
466,20260513,1
466,20260515,1
466,20260516,1
466,20260522,1
466,20260523,1
466,20260529,1
466,20260530,1
466,20260605,1
466,20260606,1
466,20260612,1
466,20260613,1
466,20260618,1
466,20260619,1
466,20260620,1
466,20260626,1
466,20260627,1
466,20260703,1
466,20260704,1
466,20260710,1
466,20260711,1
466,20260717,1
466,20260718,1
466,20260724,1
466,20260725,1
466,20260731,1
466,20260801,1
466,20260807,1
466,20260808,1
466,20260814,1
466,20260815,1
467,20260404,1
467,20260405,1
467,20260406,1
467,20260407,1
467,20260408,1
467,20260409,1
467,20260410,1
467,20260411,1
467,20260412,1
467,20260413,1
467,20260414,1
467,20260415,1
467,20260416,1
467,20260419,1
467,20260425,1
467,20260426,1
467,20260501,1
467,20260502,1
467,20260503,1
467,20260515,1
467,20260516,1
467,20260517,1
467,20260522,1
467,20260523,1
467,20260524,1
467,20260529,1
467,20260530,1
467,20260531,1
467,20260601,1
467,20260602,1
467,20260603,1
467,20260604,1
467,20260605,1
467,20260606,1
467,20260607,1
467,20260608,1
467,20260609,1
467,20260610,1
467,20260611,1
467,20260612,1
467,20260613,1
467,20260614,1
467,20260615,1
467,20260616,1
467,20260617,1
467,20260618,1
467,20260619,1
467,20260620,1
467,20260621,1
467,20260622,1
467,20260623,1
467,20260624,1
467,20260625,1
467,20260626,1
467,20260627,1
467,20260628,1
467,20260629,1
467,20260630,1
467,20260701,1
467,20260702,1
467,20260703,1
467,20260704,1
467,20260705,1
467,20260706,1
467,20260707,1
467,20260708,1
467,20260709,1
467,20260710,1
467,20260711,1
467,20260712,1
467,20260713,1
467,20260714,1
467,20260715,1
467,20260716,1
467,20260717,1
467,20260718,1
467,20260719,1
467,20260720,1
467,20260721,1
467,20260722,1
467,20260723,1
467,20260724,1
467,20260725,1
467,20260726,1
467,20260727,1
467,20260728,1
467,20260729,1
467,20260730,1
467,20260731,1
467,20260801,1
467,20260802,1
467,20260803,1
467,20260804,1
467,20260805,1
467,20260806,1
467,20260807,1
467,20260808,1
467,20260809,1
467,20260810,1
467,20260811,1
467,20260812,1
467,20260813,1
467,20260814,1
467,20260815,1
468,20260406,1
468,20260407,1
468,20260408,1
468,20260409,1
468,20260413,1
468,20260414,1
468,20260415,1
468,20260416,1
468,20260601,1
468,20260602,1
468,20260603,1
468,20260604,1
468,20260608,1
468,20260609,1
468,20260610,1
468,20260611,1
469,20260601,1
469,20260602,1
469,20260603,1
469,20260604,1
469,20260605,1
469,20260608,1
469,20260609,1
469,20260610,1
469,20260611,1
469,20260612,1
469,20260615,1
469,20260616,1
469,20260617,1
469,20260618,1
469,20260803,1
469,20260804,1
469,20260805,1
469,20260806,1
469,20260807,1
469,20260810,1
469,20260811,1
469,20260812,1
469,20260813,1
469,20260814,1
470,20260404,1
470,20260405,1
470,20260406,1
470,20260407,1
470,20260408,1
470,20260409,1
470,20260410,1
470,20260411,1
470,20260412,1
470,20260413,1
470,20260414,1
470,20260415,1
470,20260416,1
470,20260417,1
470,20260418,1
470,20260419,1
470,20260424,1
470,20260425,1
470,20260426,1
470,20260501,1
470,20260502,1
470,20260503,1
470,20260515,1
470,20260516,1
470,20260517,1
470,20260522,1
470,20260523,1
470,20260524,1
470,20260529,1
470,20260530,1
470,20260531,1
470,20260601,1
470,20260602,1
470,20260603,1
470,20260604,1
470,20260605,1
470,20260606,1
470,20260607,1
470,20260610,1
470,20260611,1
470,20260612,1
470,20260613,1
470,20260614,1
470,20260615,1
470,20260616,1
470,20260617,1
470,20260618,1
470,20260619,1
470,20260620,1
470,20260621,1
470,20260622,1
470,20260623,1
470,20260624,1
470,20260625,1
470,20260626,1
470,20260627,1
470,20260628,1
470,20260629,1
470,20260630,1
470,20260701,1
470,20260702,1
470,20260703,1
470,20260704,1
470,20260705,1
470,20260706,1
470,20260707,1
470,20260708,1
470,20260709,1
470,20260710,1
470,20260711,1
470,20260712,1
470,20260713,1
470,20260714,1
470,20260715,1
470,20260716,1
470,20260717,1
470,20260718,1
470,20260719,1
470,20260720,1
470,20260721,1
470,20260722,1
470,20260723,1
470,20260724,1
470,20260725,1
470,20260726,1
470,20260727,1
470,20260728,1
470,20260729,1
470,20260730,1
470,20260731,1
470,20260801,1
470,20260802,1
470,20260803,1
470,20260804,1
470,20260805,1
470,20260806,1
470,20260807,1
470,20260808,1
470,20260809,1
470,20260810,1
470,20260811,1
470,20260812,1
470,20260813,1
470,20260814,1
470,20260815,1
471,20260405,1
471,20260406,1
471,20260412,1
471,20260419,1
471,20260426,1
471,20260503,1
471,20260514,1
471,20260517,1
471,20260524,1
471,20260531,1
472,20260417,1
472,20260418,1
472,20260511,1
472,20260512,1
472,20260518,1
472,20260519,1
472,20260520,1
472,20260521,1
472,20260525,1
472,20260526,1
472,20260527,1
472,20260528,1
473,20260420,1
473,20260421,1
473,20260422,1
473,20260423,1
473,20260427,1
473,20260428,1
473,20260429,1
473,20260430,1
473,20260504,1
473,20260505,1
473,20260506,1
473,20260507,1
473,20260508,1
473,20260509,1
473,20260510,1
473,20260513,1
473,20260514,1
474,20260418,1
474,20260503,1
474,20260508,1
474,20260509,1
475,20260427,1
475,20260428,1
475,20260429,1
476,20260504,1
476,20260507,1
476,20260508,1
477,20260504,1
478,20260504,1
478,20260505,1
478,20260511,1
478,20260512,1
478,20260513,1
478,20260514,1
478,20260518,1
478,20260519,1
478,20260520,1
478,20260521,1
478,20260525,1
478,20260526,1
478,20260527,1
478,20260528,1
479,20260511,1
479,20260512,1
479,20260518,1
479,20260519,1
479,20260520,1
479,20260521,1
479,20260525,1
479,20260526,1
479,20260527,1
479,20260528,1
